0.3055555555555556,0.037037037037037035,0.16666666666666666,0.10185185185185185,0.018518518518518517,0.018518518518518517,0.07407407407407407,0.027777777777777776,0.009259259259259259,0.046296296296296294,0.037037037037037035,0.009259259259259259,0.009259259259259259,0.018518518518518517,0.0,0.0,0.0,0.009259259259259259,0.037037037037037035,0.0,0.037037037037037035,0.0,0.0,0.0,0.0,0.0,0.0,0.0,0.0,0.0,0.0,0.009259259259259259,0.009259259259259259,0.0,0.0,0.0,0.018518518518518517,0.0,0.0
0.18811881188118812,0.24752475247524752,0.0,0.019801980198019802,0.10891089108910891,0.019801980198019802,0.0,0.009900990099009901,0.0,0.039603960396039604,0.039603960396039604,0.009900990099009901,0.019801980198019802,0.009900990099009901,0.0297029702970297,0.0,0.009900990099009901,0.06930693069306931,0.0,0.009900990099009901,0.0,0.0594059405940594,0.0,0.0,0.06930693069306931,0.0,0.019801980198019802,0.009900990099009901,0.0,0.0,0.0,0.009900990099009901,0.0,0.0,0.0,0.0,0.0,0.0,0.0
0.3247863247863248,0.1452991452991453,0.07692307692307693,0.05128205128205128,0.07692307692307693,0.09401709401709402,0.0,0.0,0.05982905982905983,0.0,0.008547008547008548,0.008547008547008548,0.0,0.0,0.0,0.0,0.0,0.0,0.0,0.0,0.0,0.0,0.0,0.0,0.0,0.0,0.017094017094017096,0.02564102564102564,0.0,0.017094017094017096,0.017094017094017096,0.0,0.0,0.017094017094017096,0.017094017094017096,0.0,0.017094017094017096,0.02564102564102564,0.0
0.2421875,0.125,0.03125,0.015625,0.03125,0.015625,0.09375,0.0,0.046875,0.0234375,0.0234375,0.0234375,0.015625,0.0078125,0.0078125,0.015625,0.0078125,0.0234375,0.0234375,0.0234375,0.0,0.015625,0.0,0.0,0.015625,0.0,0.0,0.015625,0.0390625,0.0078125,0.0,0.0078125,0.0546875,0.0,0.0,0.0,0.0,0.0,0.046875
0.35365853658536583,0.0975609756097561,0.10975609756097561,0.13414634146341464,0.036585365853658534,0.0,0.012195121951219513,0.012195121951219513,0.024390243902439025,0.0,0.0,0.012195121951219513,0.024390243902439025,0.024390243902439025,0.0,0.0,0.0,0.0,0.0,0.0,0.0,0.0,0.0,0.0,0.0,0.0,0.0,0.0,0.0,0.0,0.0,0.0,0.0,0.0,0.04878048780487805,0.04878048780487805,0.06097560975609756,0.0,0.0
0.5454545454545454,0.16883116883116883,0.05194805194805195,0.06493506493506493,0.09090909090909091,0.012987012987012988,0.0,0.0,0.0,0.0,0.0,0.0,0.0,0.0,0.0,0.0,0.0,0.0,0.0,0.0,0.0,0.0,0.0,0.0,0.0,0.0,0.0,0.0,0.0,0.0,0.0,0.012987012987012988,0.012987012987012988,0.012987012987012988,0.0,0.0,0.0,0.0,0.025974025974025976
0.3958333333333333,0.10416666666666667,0.07291666666666667,0.010416666666666666,0.0,0.041666666666666664,0.03125,0.07291666666666667,0.0,0.041666666666666664,0.020833333333333332,0.010416666666666666,0.020833333333333332,0.03125,0.010416666666666666,0.010416666666666666,0.0,0.0,0.0,0.0,0.0,0.0,0.0,0.0,0.010416666666666666,0.0,0.0,0.0,0.020833333333333332,0.0,0.0,0.010416666666666666,0.0,0.0,0.010416666666666666,0.0,0.041666666666666664,0.03125,0.0
0.2840909090909091,0.056818181818181816,0.07954545454545454,0.10227272727272728,0.0,0.022727272727272728,0.056818181818181816,0.0,0.0,0.045454545454545456,0.0,0.0,0.011363636363636364,0.0,0.0,0.0,0.0,0.06818181818181818,0.011363636363636364,0.0,0.03409090909090909,0.011363636363636364,0.0,0.011363636363636364,0.0,0.0,0.045454545454545456,0.011363636363636364,0.0,0.045454545454545456,0.0,0.0,0.022727272727272728,0.0,0.0,0.03409090909090909,0.022727272727272728,0.022727272727272728,0.0
0.1450381679389313,0.08396946564885496,0.09923664122137404,0.05343511450381679,0.06870229007633588,0.015267175572519083,0.1297709923664122,0.05343511450381679,0.015267175572519083,0.022900763358778626,0.0,0.015267175572519083,0.015267175572519083,0.007633587786259542,0.0,0.0,0.007633587786259542,0.0,0.015267175572519083,0.0,0.0,0.0,0.015267175572519083,0.0,0.007633587786259542,0.007633587786259542,0.022900763358778626,0.015267175572519083,0.007633587786259542,0.0,0.0,0.05343511450381679,0.07633587786259542,0.030534351145038167,0.015267175572519083,0.0,0.0,0.0,0.0
0.2808988764044944,0.12359550561797752,0.0449438202247191,0.10112359550561797,0.0449438202247191,0.011235955056179775,0.0,0.0,0.02247191011235955,0.011235955056179775,0.0,0.0,0.011235955056179775,0.0449438202247191,0.02247191011235955,0.0,0.0,0.06741573033707865,0.0,0.0,0.011235955056179775,0.02247191011235955,0.0,0.0,0.0449438202247191,0.06741573033707865,0.0,0.0,0.0,0.0,0.0,0.0,0.0,0.0,0.0449438202247191,0.011235955056179775,0.011235955056179775,0.0,0.0
0.27522935779816515,0.13761467889908258,0.03669724770642202,0.03669724770642202,0.05504587155963303,0.11926605504587157,0.0,0.045871559633027525,0.027522935779816515,0.009174311926605505,0.0,0.027522935779816515,0.009174311926605505,0.009174311926605505,0.0,0.0,0.01834862385321101,0.009174311926605505,0.0,0.0,0.0,0.01834862385321101,0.0,0.01834862385321101,0.0,0.0,0.0,0.01834862385321101,0.0,0.027522935779816515,0.027522935779816515,0.0,0.0,0.045871559633027525,0.0,0.01834862385321101,0.009174311926605505,0.0,0.0
0.23958333333333334,0.21875,0.052083333333333336,0.041666666666666664,0.010416666666666666,0.07291666666666667,0.052083333333333336,0.020833333333333332,0.041666666666666664,0.03125,0.010416666666666666,0.0,0.0,0.010416666666666666,0.0,0.0,0.0,0.0,0.0,0.0,0.0,0.0,0.0,0.0,0.0,0.0,0.0,0.0,0.0,0.010416666666666666,0.020833333333333332,0.0,0.010416666666666666,0.052083333333333336,0.0,0.0,0.010416666666666666,0.08333333333333333,0.010416666666666666
0.2937062937062937,0.09090909090909091,0.1258741258741259,0.06293706293706294,0.03496503496503497,0.013986013986013986,0.04895104895104895,0.006993006993006993,0.0,0.013986013986013986,0.03496503496503497,0.04895104895104895,0.006993006993006993,0.0,0.006993006993006993,0.013986013986013986,0.0,0.0,0.006993006993006993,0.0,0.0,0.0,0.0,0.013986013986013986,0.02097902097902098,0.0,0.006993006993006993,0.02097902097902098,0.02097902097902098,0.0,0.0,0.006993006993006993,0.006993006993006993,0.013986013986013986,0.006993006993006993,0.013986013986013986,0.013986013986013986,0.027972027972027972,0.013986013986013986
0.27884615384615385,0.25961538461538464,0.11538461538461539,0.009615384615384616,0.0673076923076923,0.019230769230769232,0.038461538461538464,0.009615384615384616,0.009615384615384616,0.028846153846153848,0.019230769230769232,0.009615384615384616,0.019230769230769232,0.009615384615384616,0.0,0.0,0.009615384615384616,0.009615384615384616,0.0,0.009615384615384616,0.009615384615384616,0.0,0.028846153846153848,0.0,0.0,0.0,0.0,0.0,0.0,0.028846153846153848,0.0,0.0,0.0,0.0,0.0,0.0,0.009615384615384616,0.0,0.0
0.1695906432748538,0.21052631578947367,0.13450292397660818,0.04093567251461988,0.029239766081871343,0.03508771929824561,0.017543859649122806,0.04678362573099415,0.04678362573099415,0.017543859649122806,0.017543859649122806,0.011695906432748537,0.005847953216374269,0.029239766081871343,0.005847953216374269,0.005847953216374269,0.0,0.005847953216374269,0.0,0.0,0.005847953216374269,0.0,0.0,0.005847953216374269,0.011695906432748537,0.017543859649122806,0.0,0.0,0.011695906432748537,0.0,0.011695906432748537,0.005847953216374269,0.0,0.011695906432748537,0.0,0.029239766081871343,0.023391812865497075,0.03508771929824561,0.0
0.30656934306569344,0.20437956204379562,0.06569343065693431,0.058394160583941604,0.0072992700729927005,0.0072992700729927005,0.021897810218978103,0.0072992700729927005,0.0,0.014598540145985401,0.0072992700729927005,0.0072992700729927005,0.0,0.014598540145985401,0.021897810218978103,0.0,0.0364963503649635,0.0,0.0,0.0,0.014598540145985401,0.021897810218978103,0.051094890510948905,0.0,0.029197080291970802,0.0,0.0,0.0,0.0,0.0,0.0,0.0,0.0,0.0,0.0,0.021897810218978103,0.0072992700729927005,0.021897810218978103,0.051094890510948905
0.3115942028985507,0.07971014492753623,0.10144927536231885,0.021739130434782608,0.021739130434782608,0.014492753623188406,0.007246376811594203,0.007246376811594203,0.0,0.014492753623188406,0.014492753623188406,0.007246376811594203,0.021739130434782608,0.0,0.057971014492753624,0.014492753623188406,0.028985507246376812,0.014492753623188406,0.0,0.0,0.0,0.0,0.007246376811594203,0.0,0.028985507246376812,0.0,0.036231884057971016,0.0,0.028985507246376812,0.007246376811594203,0.007246376811594203,0.0,0.0,0.007246376811594203,0.028985507246376812,0.028985507246376812,0.050724637681159424,0.0,0.028985507246376812
0.22916666666666666,0.14583333333333334,0.11458333333333333,0.10416666666666667,0.020833333333333332,0.052083333333333336,0.052083333333333336,0.020833333333333332,0.020833333333333332,0.03125,0.0,0.020833333333333332,0.010416666666666666,0.020833333333333332,0.0,0.0,0.0,0.010416666666666666,0.0,0.010416666666666666,0.0,0.0,0.0,0.0,0.0,0.0,0.020833333333333332,0.010416666666666666,0.010416666666666666,0.0,0.0,0.010416666666666666,0.041666666666666664,0.03125,0.0,0.010416666666666666,0.0,0.0,0.0
0.38636363636363635,0.11363636363636363,0.06818181818181818,0.06818181818181818,0.06818181818181818,0.045454545454545456,0.03409090909090909,0.0,0.06818181818181818,0.0,0.0,0.011363636363636364,0.0,0.0,0.0,0.0,0.0,0.0,0.0,0.0,0.0,0.0,0.0,0.0,0.022727272727272728,0.0,0.0,0.0,0.0,0.0,0.03409090909090909,0.011363636363636364,0.011363636363636364,0.0,0.056818181818181816,0.0,0.0,0.0,0.0
0.3181818181818182,0.18181818181818182,0.06818181818181818,0.045454545454545456,0.10227272727272728,0.022727272727272728,0.011363636363636364,0.011363636363636364,0.011363636363636364,0.022727272727272728,0.022727272727272728,0.0,0.0,0.0,0.0,0.011363636363636364,0.0,0.0,0.0,0.0,0.0,0.0,0.0,0.011363636363636364,0.0,0.022727272727272728,0.0,0.0,0.011363636363636364,0.0,0.0,0.0,0.06818181818181818,0.0,0.0,0.0,0.022727272727272728,0.0,0.03409090909090909
0.33884297520661155,0.14049586776859505,0.03305785123966942,0.04132231404958678,0.024793388429752067,0.008264462809917356,0.01652892561983471,0.008264462809917356,0.024793388429752067,0.10743801652892562,0.008264462809917356,0.0,0.0,0.0,0.008264462809917356,0.008264462809917356,0.024793388429752067,0.01652892561983471,0.008264462809917356,0.024793388429752067,0.01652892561983471,0.0,0.04132231404958678,0.008264462809917356,0.0,0.0,0.0,0.0,0.0,0.04132231404958678,0.0,0.008264462809917356,0.008264462809917356,0.0,0.0,0.0,0.0,0.0,0.03305785123966942
0.16129032258064516,0.0967741935483871,0.08064516129032258,0.12096774193548387,0.08064516129032258,0.04838709677419355,0.0,0.0,0.03225806451612903,0.016129032258064516,0.0,0.0,0.03225806451612903,0.0,0.0,0.016129032258064516,0.04838709677419355,0.016129032258064516,0.0,0.0,0.0,0.008064516129032258,0.0,0.0,0.0,0.024193548387096774,0.04032258064516129,0.0,0.008064516129032258,0.0,0.016129032258064516,0.0,0.016129032258064516,0.04838709677419355,0.06451612903225806,0.016129032258064516,0.008064516129032258,0.0,0.0
0.296551724137931,0.08275862068965517,0.04827586206896552,0.11724137931034483,0.07586206896551724,0.013793103448275862,0.034482758620689655,0.041379310344827586,0.013793103448275862,0.027586206896551724,0.013793103448275862,0.0,0.006896551724137931,0.006896551724137931,0.027586206896551724,0.013793103448275862,0.0,0.020689655172413793,0.006896551724137931,0.0,0.020689655172413793,0.006896551724137931,0.0,0.0,0.013793103448275862,0.013793103448275862,0.006896551724137931,0.013793103448275862,0.0,0.0,0.0,0.0,0.0,0.006896551724137931,0.034482758620689655,0.006896551724137931,0.0,0.0,0.027586206896551724
0.25263157894736843,0.10526315789473684,0.08421052631578947,0.021052631578947368,0.042105263157894736,0.09473684210526316,0.07368421052631578,0.010526315789473684,0.0,0.031578947368421054,0.0,0.0,0.0,0.021052631578947368,0.0,0.0,0.010526315789473684,0.0,0.0,0.0,0.0,0.0,0.0,0.0,0.0,0.0,0.0,0.0,0.0,0.010526315789473684,0.0,0.010526315789473684,0.042105263157894736,0.1368421052631579,0.021052631578947368,0.0,0.031578947368421054,0.0,0.0
0.3368421052631579,0.042105263157894736,0.09473684210526316,0.07368421052631578,0.05263157894736842,0.021052631578947368,0.0,0.021052631578947368,0.010526315789473684,0.0,0.042105263157894736,0.010526315789473684,0.010526315789473684,0.042105263157894736,0.0,0.0,0.0,0.0,0.0,0.0,0.0,0.0,0.0,0.0,0.0,0.09473684210526316,0.0,0.031578947368421054,0.0,0.0,0.010526315789473684,0.010526315789473684,0.0,0.0,0.010526315789473684,0.0,0.031578947368421054,0.0,0.05263157894736842
0.31297709923664124,0.15267175572519084,0.10687022900763359,0.030534351145038167,0.022900763358778626,0.0,0.0,0.007633587786259542,0.030534351145038167,0.007633587786259542,0.0,0.015267175572519083,0.007633587786259542,0.015267175572519083,0.007633587786259542,0.0,0.007633587786259542,0.030534351145038167,0.0,0.0,0.022900763358778626,0.03816793893129771,0.007633587786259542,0.0,0.0,0.03816793893129771,0.0,0.0,0.007633587786259542,0.0,0.007633587786259542,0.0,0.0,0.007633587786259542,0.0,0.030534351145038167,0.007633587786259542,0.06870229007633588,0.007633587786259542
0.18518518518518517,0.14074074074074075,0.1259259259259259,0.1037037037037037,0.022222222222222223,0.06666666666666667,0.022222222222222223,0.037037037037037035,0.02962962962962963,0.0,0.007407407407407408,0.0,0.0,0.022222222222222223,0.007407407407407408,0.022222222222222223,0.007407407407407408,0.0,0.014814814814814815,0.0,0.022222222222222223,0.0,0.0,0.0,0.007407407407407408,0.0,0.0,0.022222222222222223,0.007407407407407408,0.0,0.02962962962962963,0.02962962962962963,0.014814814814814815,0.007407407407407408,0.0,0.022222222222222223,0.007407407407407408,0.014814814814814815,0.0
0.45,0.15,0.14,0.06,0.0,0.01,0.01,0.0,0.0,0.0,0.0,0.0,0.0,0.01,0.0,0.0,0.0,0.0,0.0,0.0,0.0,0.0,0.0,0.0,0.0,0.0,0.0,0.0,0.0,0.0,0.01,0.01,0.02,0.03,0.0,0.01,0.05,0.0,0.04
0.1796875,0.1171875,0.1875,0.0078125,0.0859375,0.0234375,0.0078125,0.015625,0.0078125,0.015625,0.0234375,0.0078125,0.0,0.0390625,0.015625,0.0078125,0.0390625,0.0234375,0.0234375,0.015625,0.015625,0.03125,0.03125,0.0078125,0.0078125,0.03125,0.0,0.0,0.0,0.0,0.0,0.0,0.0,0.0,0.03125,0.0,0.0,0.0,0.0
0.32231404958677684,0.19834710743801653,0.06611570247933884,0.05785123966942149,0.008264462809917356,0.0,0.024793388429752067,0.008264462809917356,0.008264462809917356,0.06611570247933884,0.01652892561983471,0.008264462809917356,0.008264462809917356,0.0,0.0,0.01652892561983471,0.01652892561983471,0.0,0.0,0.0,0.024793388429752067,0.0,0.0,0.0,0.0,0.024793388429752067,0.008264462809917356,0.024793388429752067,0.024793388429752067,0.04132231404958678,0.0,0.0,0.0,0.0,0.0,0.0,0.0,0.0,0.024793388429752067
0.38461538461538464,0.09401709401709402,0.05128205128205128,0.08547008547008547,0.08547008547008547,0.05128205128205128,0.0,0.03418803418803419,0.0,0.0,0.0,0.03418803418803419,0.0,0.008547008547008548,0.008547008547008548,0.0,0.008547008547008548,0.008547008547008548,0.017094017094017096,0.0,0.03418803418803419,0.0,0.008547008547008548,0.0,0.0,0.0,0.0,0.008547008547008548,0.0,0.0,0.0,0.008547008547008548,0.0,0.0,0.017094017094017096,0.0,0.0,0.0,0.05128205128205128
0.4344262295081967,0.1557377049180328,0.02459016393442623,0.03278688524590164,0.03278688524590164,0.05737704918032787,0.040983606557377046,0.00819672131147541,0.00819672131147541,0.01639344262295082,0.01639344262295082,0.0,0.00819672131147541,0.00819672131147541,0.0,0.0,0.0,0.01639344262295082,0.0,0.0,0.0,0.00819672131147541,0.00819672131147541,0.0,0.01639344262295082,0.00819672131147541,0.0,0.0,0.040983606557377046,0.0,0.00819672131147541,0.0,0.02459016393442623,0.01639344262295082,0.0,0.0,0.0,0.00819672131147541,0.0
0.2920353982300885,0.09734513274336283,0.061946902654867256,0.061946902654867256,0.008849557522123894,0.04424778761061947,0.061946902654867256,0.0,0.0,0.017699115044247787,0.017699115044247787,0.0,0.017699115044247787,0.0,0.0,0.0,0.0,0.0,0.0,0.0,0.0,0.0,0.0,0.0,0.0,0.0,0.02654867256637168,0.0,0.04424778761061947,0.035398230088495575,0.0,0.04424778761061947,0.017699115044247787,0.04424778761061947,0.0,0.008849557522123894,0.0,0.017699115044247787,0.07964601769911504
0.16853932584269662,0.11235955056179775,0.17415730337078653,0.07865168539325842,0.06741573033707865,0.033707865168539325,0.0449438202247191,0.016853932584269662,0.0056179775280898875,0.0056179775280898875,0.011235955056179775,0.028089887640449437,0.011235955056179775,0.06179775280898876,0.0056179775280898875,0.0056179775280898875,0.011235955056179775,0.0,0.011235955056179775,0.0,0.016853932584269662,0.0056179775280898875,0.0056179775280898875,0.0,0.0,0.0,0.0,0.0056179775280898875,0.0,0.016853932584269662,0.0056179775280898875,0.0,0.02247191011235955,0.0056179775280898875,0.0,0.0056179775280898875,0.03932584269662921,0.016853932584269662,0.0
0.17857142857142858,0.1,0.10714285714285714,0.05,0.07142857142857142,0.04285714285714286,0.02142857142857143,0.014285714285714285,0.02857142857142857,0.007142857142857143,0.0,0.014285714285714285,0.02857142857142857,0.014285714285714285,0.007142857142857143,0.0,0.02857142857142857,0.014285714285714285,0.014285714285714285,0.02142857142857143,0.02857142857142857,0.0,0.04285714285714286,0.007142857142857143,0.007142857142857143,0.007142857142857143,0.0,0.014285714285714285,0.0,0.0,0.0,0.02857142857142857,0.007142857142857143,0.007142857142857143,0.05714285714285714,0.0,0.02857142857142857,0.0,0.0
0.41964285714285715,0.125,0.10714285714285714,0.08035714285714286,0.03571428571428571,0.017857142857142856,0.017857142857142856,0.0,0.008928571428571428,0.017857142857142856,0.008928571428571428,0.0,0.008928571428571428,0.0,0.0,0.008928571428571428,0.0,0.0,0.0,0.0,0.0,0.008928571428571428,0.008928571428571428,0.0,0.0,0.008928571428571428,0.026785714285714284,0.008928571428571428,0.0,0.0,0.0,0.0,0.0,0.017857142857142856,0.017857142857142856,0.008928571428571428,0.008928571428571428,0.0,0.026785714285714284
0.27380952380952384,0.17857142857142858,0.16666666666666666,0.047619047619047616,0.03571428571428571,0.03571428571428571,0.047619047619047616,0.011904761904761904,0.023809523809523808,0.011904761904761904,0.011904761904761904,0.011904761904761904,0.0,0.0,0.0,0.011904761904761904,0.0,0.0,0.0,0.0,0.0,0.0,0.0,0.0,0.0,0.0,0.0,0.0,0.0,0.0,0.0,0.0,0.03571428571428571,0.011904761904761904,0.05952380952380952,0.023809523809523808,0.0,0.0,0.0
0.28205128205128205,0.18803418803418803,0.08547008547008547,0.03418803418803419,0.042735042735042736,0.02564102564102564,0.008547008547008548,0.008547008547008548,0.0,0.0,0.017094017094017096,0.017094017094017096,0.017094017094017096,0.008547008547008548,0.017094017094017096,0.0,0.017094017094017096,0.008547008547008548,0.008547008547008548,0.0,0.008547008547008548,0.017094017094017096,0.008547008547008548,0.0,0.008547008547008548,0.0,0.0,0.0,0.008547008547008548,0.008547008547008548,0.0,0.0,0.0,0.0,0.008547008547008548,0.0,0.008547008547008548,0.07692307692307693,0.05982905982905983
0.25,0.15,0.075,0.125,0.05,0.008333333333333333,0.03333333333333333,0.025,0.0,0.0,0.0,0.016666666666666666,0.0,0.0,0.008333333333333333,0.0,0.025,0.016666666666666666,0.0,0.0,0.0,0.0,0.0,0.0,0.008333333333333333,0.0,0.0,0.008333333333333333,0.0,0.0,0.0,0.025,0.016666666666666666,0.008333333333333333,0.0,0.058333333333333334,0.058333333333333334,0.008333333333333333,0.025
0.23711340206185566,0.10309278350515463,0.3711340206185567,0.020618556701030927,0.0,0.020618556701030927,0.0,0.010309278350515464,0.0,0.010309278350515464,0.0,0.0,0.0,0.0,0.0,0.0,0.0,0.0,0.0,0.020618556701030927,0.0,0.010309278350515464,0.0,0.0,0.0,0.0,0.0,0.0,0.0,0.0,0.010309278350515464,0.020618556701030927,0.0,0.0,0.010309278350515464,0.0,0.13402061855670103,0.020618556701030927,0.0
0.24324324324324326,0.2072072072072072,0.11711711711711711,0.02702702702702703,0.04504504504504504,0.0,0.036036036036036036,0.009009009009009009,0.009009009009009009,0.04504504504504504,0.04504504504504504,0.04504504504504504,0.0,0.0,0.0,0.009009009009009009,0.0,0.0,0.0,0.0,0.0,0.009009009009009009,0.0,0.009009009009009009,0.0,0.0,0.0,0.02702702702702703,0.018018018018018018,0.009009009009009009,0.0,0.0,0.009009009009009009,0.0,0.018018018018018018,0.0,0.0,0.04504504504504504,0.018018018018018018
0.45454545454545453,0.11363636363636363,0.07954545454545454,0.03409090909090909,0.022727272727272728,0.045454545454545456,0.056818181818181816,0.022727272727272728,0.0,0.0,0.0,0.0,0.0,0.0,0.0,0.0,0.0,0.0,0.011363636363636364,0.0,0.0,0.0,0.0,0.0,0.0,0.0,0.0,0.011363636363636364,0.022727272727272728,0.0,0.0,0.045454545454545456,0.022727272727272728,0.022727272727272728,0.011363636363636364,0.0,0.0,0.011363636363636364,0.011363636363636364
0.18620689655172415,0.0896551724137931,0.13793103448275862,0.06896551724137931,0.1310344827586207,0.027586206896551724,0.006896551724137931,0.020689655172413793,0.013793103448275862,0.0,0.034482758620689655,0.027586206896551724,0.027586206896551724,0.0,0.0,0.027586206896551724,0.0,0.0,0.0,0.0,0.0,0.006896551724137931,0.0,0.0,0.006896551724137931,0.0,0.034482758620689655,0.034482758620689655,0.034482758620689655,0.0,0.006896551724137931,0.006896551724137931,0.006896551724137931,0.006896551724137931,0.04827586206896552,0.006896551724137931,0.0,0.0,0.0
0.2937853107344633,0.0847457627118644,0.03389830508474576,0.05084745762711865,0.04519774011299435,0.022598870056497175,0.0,0.005649717514124294,0.03389830508474576,0.03389830508474576,0.005649717514124294,0.0,0.005649717514124294,0.011299435028248588,0.02824858757062147,0.04519774011299435,0.01694915254237288,0.03954802259887006,0.02824858757062147,0.005649717514124294,0.011299435028248588,0.011299435028248588,0.04519774011299435,0.03954802259887006,0.005649717514124294,0.0,0.0,0.0,0.0,0.011299435028248588,0.01694915254237288,0.0,0.0,0.0,0.0,0.0,0.0,0.01694915254237288,0.05084745762711865
0.36633663366336633,0.10891089108910891,0.04950495049504951,0.07920792079207921,0.019801980198019802,0.0,0.13861386138613863,0.009900990099009901,0.0,0.009900990099009901,0.0297029702970297,0.0,0.0,0.0,0.0,0.0,0.0,0.0,0.0,0.04950495049504951,0.0,0.0,0.0,0.0,0.0,0.009900990099009901,0.0,0.0,0.0,0.0,0.0,0.009900990099009901,0.06930693069306931,0.0,0.019801980198019802,0.019801980198019802,0.0,0.0,0.009900990099009901
0.30708661417322836,0.13385826771653545,0.07874015748031496,0.023622047244094488,0.03937007874015748,0.0,0.031496062992125984,0.0,0.031496062992125984,0.07874015748031496,0.007874015748031496,0.015748031496062992,0.0,0.007874015748031496,0.0,0.0,0.007874015748031496,0.0,0.023622047244094488,0.007874015748031496,0.0,0.0,0.0,0.0,0.007874015748031496,0.015748031496062992,0.015748031496062992,0.015748031496062992,0.015748031496062992,0.031496062992125984,0.023622047244094488,0.0,0.023622047244094488,0.007874015748031496,0.007874015748031496,0.0,0.015748031496062992,0.007874015748031496,0.015748031496062992
0.3523809523809524,0.13333333333333333,0.11428571428571428,0.0380952380952381,0.02857142857142857,0.02857142857142857,0.047619047619047616,0.009523809523809525,0.01904761904761905,0.01904761904761905,0.05714285714285714,0.01904761904761905,0.009523809523809525,0.0,0.0,0.0,0.0,0.0,0.0,0.0,0.0,0.0,0.0,0.0,0.0,0.0,0.0,0.009523809523809525,0.02857142857142857,0.009523809523809525,0.009523809523809525,0.009523809523809525,0.009523809523809525,0.0,0.0,0.0380952380952381,0.009523809523809525,0.0,0.0
0.33544303797468356,0.17721518987341772,0.02531645569620253,0.02531645569620253,0.03164556962025317,0.05063291139240506,0.02531645569620253,0.006329113924050633,0.012658227848101266,0.0,0.02531645569620253,0.012658227848101266,0.006329113924050633,0.0,0.012658227848101266,0.02531645569620253,0.0,0.0,0.0,0.0,0.0,0.0,0.0189873417721519,0.006329113924050633,0.0,0.0,0.0,0.0,0.006329113924050633,0.0,0.006329113924050633,0.03164556962025317,0.0,0.04430379746835443,0.0,0.0,0.05063291139240506,0.02531645569620253,0.0379746835443038
0.17857142857142858,0.14285714285714285,0.023809523809523808,0.047619047619047616,0.05952380952380952,0.0,0.0,0.03571428571428571,0.011904761904761904,0.011904761904761904,0.047619047619047616,0.09523809523809523,0.023809523809523808,0.047619047619047616,0.011904761904761904,0.0,0.0,0.0,0.0,0.0,0.0,0.0,0.0,0.0,0.0,0.09523809523809523,0.023809523809523808,0.09523809523809523,0.023809523809523808,0.0,0.0,0.011904761904761904,0.0,0.0,0.0,0.011904761904761904,0.0,0.0,0.0
0.25,0.20454545454545456,0.03787878787878788,0.015151515151515152,0.030303030303030304,0.045454545454545456,0.030303030303030304,0.05303030303030303,0.045454545454545456,0.007575757575757576,0.03787878787878788,0.007575757575757576,0.0,0.0,0.022727272727272728,0.007575757575757576,0.0,0.007575757575757576,0.007575757575757576,0.007575757575757576,0.007575757575757576,0.007575757575757576,0.0,0.0,0.0,0.0,0.015151515151515152,0.007575757575757576,0.015151515151515152,0.007575757575757576,0.015151515151515152,0.06060606060606061,0.015151515151515152,0.0,0.0,0.0,0.0,0.007575757575757576,0.022727272727272728
0.21764705882352942,0.18823529411764706,0.052941176470588235,0.052941176470588235,0.058823529411764705,0.023529411764705882,0.011764705882352941,0.041176470588235294,0.0,0.03529411764705882,0.01764705882352941,0.01764705882352941,0.023529411764705882,0.0,0.0,0.0,0.023529411764705882,0.011764705882352941,0.0,0.0,0.0058823529411764705,0.023529411764705882,0.0,0.0,0.0058823529411764705,0.0,0.0,0.01764705882352941,0.0058823529411764705,0.0,0.0058823529411764705,0.01764705882352941,0.041176470588235294,0.0058823529411764705,0.03529411764705882,0.0058823529411764705,0.029411764705882353,0.023529411764705882,0.0
0.3,0.12727272727272726,0.03636363636363636,0.08181818181818182,0.1,0.00909090909090909,0.01818181818181818,0.02727272727272727,0.00909090909090909,0.02727272727272727,0.0,0.03636363636363636,0.0,0.0,0.00909090909090909,0.0,0.0,0.0,0.00909090909090909,0.00909090909090909,0.01818181818181818,0.0,0.0,0.0,0.0,0.0,0.0,0.045454545454545456,0.0,0.01818181818181818,0.0,0.0,0.0,0.05454545454545454,0.06363636363636363,0.0,0.0,0.0,0.0
0.3228346456692913,0.1968503937007874,0.05511811023622047,0.09448818897637795,0.047244094488188976,0.015748031496062992,0.015748031496062992,0.007874015748031496,0.015748031496062992,0.007874015748031496,0.0,0.0,0.007874015748031496,0.015748031496062992,0.0,0.0,0.0,0.007874015748031496,0.0,0.0,0.0,0.0,0.0,0.0,0.007874015748031496,0.0,0.007874015748031496,0.0,0.0,0.0,0.007874015748031496,0.007874015748031496,0.0,0.015748031496062992,0.0,0.07086614173228346,0.007874015748031496,0.031496062992125984,0.031496062992125984
0.3006993006993007,0.055944055944055944,0.1258741258741259,0.055944055944055944,0.03496503496503497,0.0,0.027972027972027972,0.013986013986013986,0.013986013986013986,0.06993006993006994,0.02097902097902098,0.006993006993006993,0.006993006993006993,0.0,0.03496503496503497,0.006993006993006993,0.006993006993006993,0.006993006993006993,0.006993006993006993,0.0,0.0,0.0,0.006993006993006993,0.0,0.013986013986013986,0.006993006993006993,0.04195804195804196,0.0,0.027972027972027972,0.02097902097902098,0.0,0.0,0.0,0.0,0.006993006993006993,0.006993006993006993,0.055944055944055944,0.0,0.013986013986013986
0.2857142857142857,0.22857142857142856,0.02857142857142857,0.05,0.05714285714285714,0.02857142857142857,0.014285714285714285,0.02857142857142857,0.007142857142857143,0.0,0.0,0.0,0.0,0.0,0.0,0.0,0.007142857142857143,0.0,0.0,0.0,0.0,0.0,0.0,0.0,0.0,0.0,0.007142857142857143,0.0,0.0,0.014285714285714285,0.014285714285714285,0.014285714285714285,0.02142857142857143,0.014285714285714285,0.06428571428571428,0.07857142857142857,0.0,0.014285714285714285,0.02142857142857143
0.45535714285714285,0.10714285714285714,0.03571428571428571,0.05357142857142857,0.0625,0.017857142857142856,0.026785714285714284,0.017857142857142856,0.008928571428571428,0.017857142857142856,0.008928571428571428,0.03571428571428571,0.0,0.0,0.0,0.017857142857142856,0.0,0.0,0.0,0.0,0.0,0.0,0.0,0.0,0.0,0.0,0.0,0.0,0.0,0.0,0.0,0.0,0.008928571428571428,0.0,0.026785714285714284,0.008928571428571428,0.008928571428571428,0.008928571428571428,0.07142857142857142
0.3673469387755102,0.11224489795918367,0.07142857142857142,0.061224489795918366,0.030612244897959183,0.05102040816326531,0.061224489795918366,0.0,0.0,0.0,0.01020408163265306,0.030612244897959183,0.01020408163265306,0.02040816326530612,0.030612244897959183,0.01020408163265306,0.0,0.01020408163265306,0.01020408163265306,0.01020408163265306,0.01020408163265306,0.030612244897959183,0.0,0.0,0.0,0.01020408163265306,0.0,0.01020408163265306,0.0,0.0,0.0,0.0,0.030612244897959183,0.0,0.0,0.01020408163265306,0.0,0.0,0.0
0.34375,0.03125,0.0625,0.0234375,0.0625,0.078125,0.0859375,0.015625,0.0234375,0.0234375,0.03125,0.0234375,0.015625,0.015625,0.0,0.0078125,0.0,0.03125,0.015625,0.0234375,0.015625,0.0,0.0,0.0,0.0078125,0.0,0.0078125,0.0078125,0.0078125,0.0,0.0078125,0.0,0.0,0.0,0.0078125,0.0,0.015625,0.0078125,0.0
0.3076923076923077,0.2403846153846154,0.038461538461538464,0.057692307692307696,0.009615384615384616,0.057692307692307696,0.009615384615384616,0.009615384615384616,0.0,0.009615384615384616,0.0,0.009615384615384616,0.0,0.009615384615384616,0.0,0.0,0.019230769230769232,0.028846153846153848,0.009615384615384616,0.0,0.0,0.019230769230769232,0.0,0.0,0.0,0.0,0.0,0.0,0.0,0.0,0.0,0.0,0.0,0.04807692307692308,0.0,0.0,0.009615384615384616,0.09615384615384616,0.009615384615384616
0.2109375,0.15625,0.046875,0.03125,0.0,0.015625,0.0078125,0.09375,0.0625,0.0234375,0.015625,0.0078125,0.0,0.0078125,0.015625,0.015625,0.0078125,0.0078125,0.0,0.0,0.0,0.0078125,0.0078125,0.0078125,0.015625,0.0,0.0,0.0078125,0.015625,0.03125,0.0390625,0.0859375,0.0,0.0234375,0.0,0.0,0.0,0.03125,0.0
0.38392857142857145,0.13392857142857142,0.0625,0.08035714285714286,0.07142857142857142,0.03571428571428571,0.03571428571428571,0.026785714285714284,0.017857142857142856,0.03571428571428571,0.0,0.0,0.008928571428571428,0.0,0.0,0.0,0.0,0.008928571428571428,0.0,0.0,0.008928571428571428,0.0,0.0,0.0,0.0,0.0,0.0,0.0,0.008928571428571428,0.017857142857142856,0.008928571428571428,0.017857142857142856,0.0,0.0,0.017857142857142856,0.008928571428571428,0.0,0.008928571428571428,0.0
0.2564102564102564,0.0641025641025641,0.2564102564102564,0.0641025641025641,0.0,0.07692307692307693,0.01282051282051282,0.02564102564102564,0.038461538461538464,0.01282051282051282,0.038461538461538464,0.0,0.0,0.05128205128205128,0.0,0.0,0.0,0.0,0.0,0.0,0.0,0.0,0.0,0.0,0.01282051282051282,0.05128205128205128,0.0,0.0,0.038461538461538464,0.0,0.0,0.0,0.0,0.0,0.0,0.0,0.0,0.0,0.0
0.31092436974789917,0.18487394957983194,0.07563025210084033,0.1092436974789916,0.025210084033613446,0.008403361344537815,0.0,0.008403361344537815,0.0,0.0,0.008403361344537815,0.008403361344537815,0.0,0.01680672268907563,0.0,0.008403361344537815,0.0,0.0,0.0,0.0,0.0,0.0,0.0,0.0,0.0,0.0,0.0,0.0,0.0,0.0,0.0,0.0,0.0,0.0,0.0,0.06722689075630252,0.05042016806722689,0.05042016806722689,0.06722689075630252
0.22857142857142856,0.14285714285714285,0.11428571428571428,0.02857142857142857,0.05714285714285714,0.02857142857142857,0.0761904761904762,0.009523809523809525,0.0,0.0,0.01904761904761905,0.01904761904761905,0.0,0.0,0.0,0.02857142857142857,0.01904761904761905,0.0,0.01904761904761905,0.05714285714285714,0.0,0.0,0.02857142857142857,0.02857142857142857,0.0,0.0,0.0,0.0,0.0,0.0,0.0,0.0,0.047619047619047616,0.009523809523809525,0.01904761904761905,0.009523809523809525,0.009523809523809525,0.0,0.0
0.4177215189873418,0.06329113924050633,0.17721518987341772,0.05063291139240506,0.012658227848101266,0.05063291139240506,0.0,0.0,0.012658227848101266,0.012658227848101266,0.012658227848101266,0.0,0.0,0.0,0.012658227848101266,0.0,0.0,0.0,0.0,0.0,0.0,0.012658227848101266,0.012658227848101266,0.012658227848101266,0.0,0.0,0.0,0.0,0.012658227848101266,0.0,0.0,0.02531645569620253,0.0,0.012658227848101266,0.0,0.0,0.02531645569620253,0.0,0.06329113924050633
0.26732673267326734,0.1485148514851485,0.13861386138613863,0.07920792079207921,0.019801980198019802,0.06930693069306931,0.019801980198019802,0.039603960396039604,0.0,0.009900990099009901,0.0,0.0,0.0,0.0,0.0,0.0,0.0,0.0,0.009900990099009901,0.0,0.0,0.0,0.0,0.0,0.009900990099009901,0.019801980198019802,0.0,0.0,0.019801980198019802,0.0,0.0,0.0,0.0,0.0,0.019801980198019802,0.0,0.06930693069306931,0.0594059405940594,0.0
0.2621359223300971,0.17475728155339806,0.019417475728155338,0.009708737864077669,0.009708737864077669,0.04854368932038835,0.07766990291262135,0.02912621359223301,0.05825242718446602,0.038834951456310676,0.0,0.009708737864077669,0.0,0.0,0.0,0.0,0.0,0.009708737864077669,0.009708737864077669,0.0,0.038834951456310676,0.0,0.0,0.0,0.0,0.009708737864077669,0.0,0.009708737864077669,0.009708737864077669,0.038834951456310676,0.009708737864077669,0.02912621359223301,0.038834951456310676,0.02912621359223301,0.019417475728155338,0.009708737864077669,0.0,0.0,0.0
0.3046875,0.1484375,0.125,0.015625,0.03125,0.015625,0.0234375,0.0078125,0.0078125,0.0390625,0.0078125,0.0546875,0.046875,0.0,0.0,0.0078125,0.0078125,0.0,0.0,0.0,0.0,0.015625,0.0,0.0078125,0.0,0.0,0.0,0.0078125,0.0,0.015625,0.0,0.0,0.015625,0.0,0.015625,0.0,0.046875,0.0234375,0.0078125
0.3162393162393162,0.08547008547008547,0.1452991452991453,0.03418803418803419,0.05128205128205128,0.02564102564102564,0.05128205128205128,0.0,0.02564102564102564,0.0,0.0,0.02564102564102564,0.0,0.0,0.008547008547008548,0.0,0.008547008547008548,0.017094017094017096,0.0,0.0,0.017094017094017096,0.008547008547008548,0.0,0.0,0.0,0.0,0.0,0.0,0.0,0.0,0.008547008547008548,0.008547008547008548,0.08547008547008547,0.02564102564102564,0.017094017094017096,0.0,0.03418803418803419,0.0,0.0
0.2945205479452055,0.11643835616438356,0.0821917808219178,0.0136986301369863,0.0410958904109589,0.11643835616438356,0.0136986301369863,0.02054794520547945,0.0136986301369863,0.0273972602739726,0.0273972602739726,0.0136986301369863,0.00684931506849315,0.0,0.0,0.0,0.0136986301369863,0.0,0.0,0.0,0.0,0.00684931506849315,0.0136986301369863,0.00684931506849315,0.0,0.0,0.0,0.0,0.03424657534246575,0.0136986301369863,0.00684931506849315,0.03424657534246575,0.00684931506849315,0.03424657534246575,0.0,0.0,0.0,0.0273972602739726,0.0136986301369863
0.2922077922077922,0.07792207792207792,0.11688311688311688,0.032467532467532464,0.01948051948051948,0.006493506493506494,0.01948051948051948,0.012987012987012988,0.0,0.006493506493506494,0.0,0.032467532467532464,0.032467532467532464,0.0,0.0,0.012987012987012988,0.01948051948051948,0.006493506493506494,0.06493506493506493,0.006493506493506494,0.012987012987012988,0.0,0.012987012987012988,0.0,0.0,0.012987012987012988,0.06493506493506493,0.006493506493506494,0.0,0.0,0.0,0.025974025974025976,0.006493506493506494,0.006493506493506494,0.025974025974025976,0.01948051948051948,0.032467532467532464,0.006493506493506494,0.006493506493506494
0.23595505617977527,0.14606741573033707,0.0898876404494382,0.033707865168539325,0.0449438202247191,0.10112359550561797,0.02247191011235955,0.0898876404494382,0.033707865168539325,0.011235955056179775,0.0,0.0,0.011235955056179775,0.0,0.0,0.0,0.0,0.0,0.0,0.0,0.0,0.0,0.0,0.0,0.0,0.0,0.0,0.011235955056179775,0.0,0.0,0.0449438202247191,0.011235955056179775,0.033707865168539325,0.06741573033707865,0.0,0.011235955056179775,0.0,0.0,0.0
0.2755102040816326,0.2857142857142857,0.14285714285714285,0.030612244897959183,0.02040816326530612,0.030612244897959183,0.030612244897959183,0.02040816326530612,0.0,0.0,0.0,0.01020408163265306,0.0,0.0,0.0,0.0,0.0,0.0,0.0,0.0,0.0,0.0,0.0,0.0,0.0,0.0,0.0,0.04081632653061224,0.01020408163265306,0.0,0.0,0.0,0.0,0.0,0.01020408163265306,0.01020408163265306,0.0,0.05102040816326531,0.030612244897959183
0.2534246575342466,0.06164383561643835,0.0547945205479452,0.03424657534246575,0.03424657534246575,0.0547945205479452,0.0273972602739726,0.0410958904109589,0.0136986301369863,0.02054794520547945,0.03424657534246575,0.0547945205479452,0.0136986301369863,0.00684931506849315,0.02054794520547945,0.00684931506849315,0.02054794520547945,0.0136986301369863,0.0273972602739726,0.00684931506849315,0.03424657534246575,0.04794520547945205,0.0136986301369863,0.0,0.0136986301369863,0.00684931506849315,0.00684931506849315,0.0273972602739726,0.0,0.00684931506849315,0.0,0.0273972602739726,0.0,0.0,0.0,0.0136986301369863,0.0,0.0,0.0
0.2980769230769231,0.15384615384615385,0.057692307692307696,0.019230769230769232,0.057692307692307696,0.028846153846153848,0.09615384615384616,0.04807692307692308,0.028846153846153848,0.0,0.009615384615384616,0.009615384615384616,0.009615384615384616,0.0,0.0,0.0,0.009615384615384616,0.0,0.0,0.0,0.0,0.0,0.009615384615384616,0.0,0.0,0.0,0.0,0.0,0.009615384615384616,0.0,0.009615384615384616,0.0673076923076923,0.038461538461538464,0.019230769230769232,0.019230769230769232,0.0,0.0,0.0,0.0
0.34615384615384615,0.11538461538461539,0.1346153846153846,0.0673076923076923,0.028846153846153848,0.04807692307692308,0.009615384615384616,0.009615384615384616,0.0,0.019230769230769232,0.0,0.0,0.0,0.0,0.0,0.0,0.0,0.0,0.0,0.0,0.009615384615384616,0.0,0.0,0.0,0.0,0.0,0.0,0.009615384615384616,0.0,0.0,0.009615384615384616,0.009615384615384616,0.0,0.04807692307692308,0.0,0.009615384615384616,0.10576923076923077,0.0,0.019230769230769232
0.4,0.1,0.0875,0.025,0.025,0.0125,0.025,0.0375,0.0625,0.0125,0.0125,0.0125,0.0125,0.0,0.0,0.0,0.0,0.0,0.0,0.0,0.0,0.0,0.0,0.0,0.0,0.0,0.0,0.0,0.0125,0.05,0.0,0.025,0.0,0.0,0.0,0.0,0.0625,0.0,0.025
0.33774834437086093,0.09271523178807947,0.046357615894039736,0.046357615894039736,0.06622516556291391,0.033112582781456956,0.06622516556291391,0.033112582781456956,0.019867549668874173,0.013245033112582781,0.0,0.019867549668874173,0.013245033112582781,0.0,0.0,0.006622516556291391,0.0,0.0,0.0,0.013245033112582781,0.013245033112582781,0.0,0.0,0.0,0.0,0.026490066225165563,0.019867549668874173,0.0,0.006622516556291391,0.006622516556291391,0.013245033112582781,0.0,0.0,0.006622516556291391,0.046357615894039736,0.0,0.0,0.033112582781456956,0.019867549668874173
0.4883720930232558,0.13953488372093023,0.03488372093023256,0.09302325581395349,0.03488372093023256,0.0,0.0,0.0,0.0,0.0,0.0,0.011627906976744186,0.0,0.0,0.0,0.0,0.0,0.0,0.0,0.0,0.0,0.0,0.0,0.0,0.0,0.0,0.0,0.0,0.0,0.0,0.0,0.0,0.0,0.0,0.0,0.0,0.011627906976744186,0.03488372093023256,0.1511627906976744
0.4268292682926829,0.07317073170731707,0.14634146341463414,0.0975609756097561,0.036585365853658534,0.036585365853658534,0.012195121951219513,0.06097560975609756,0.024390243902439025,0.012195121951219513,0.012195121951219513,0.024390243902439025,0.0,0.0,0.0,0.0,0.0,0.0,0.0,0.0,0.0,0.0,0.0,0.0,0.0,0.0,0.0,0.0,0.0,0.0,0.0,0.012195121951219513,0.0,0.0,0.0,0.0,0.012195121951219513,0.0,0.012195121951219513
0.17647058823529413,0.10294117647058823,0.03676470588235294,0.0661764705882353,0.04411764705882353,0.014705882352941176,0.04411764705882353,0.04411764705882353,0.022058823529411766,0.0,0.029411764705882353,0.029411764705882353,0.029411764705882353,0.022058823529411766,0.0,0.022058823529411766,0.029411764705882353,0.058823529411764705,0.0,0.007352941176470588,0.007352941176470588,0.014705882352941176,0.007352941176470588,0.022058823529411766,0.0,0.0,0.022058823529411766,0.0,0.03676470588235294,0.0,0.0,0.04411764705882353,0.04411764705882353,0.0,0.0,0.022058823529411766,0.0,0.0,0.0
0.2076923076923077,0.07692307692307693,0.09230769230769231,0.038461538461538464,0.015384615384615385,0.08461538461538462,0.038461538461538464,0.015384615384615385,0.007692307692307693,0.015384615384615385,0.038461538461538464,0.007692307692307693,0.05384615384615385,0.0,0.0,0.015384615384615385,0.038461538461538464,0.015384615384615385,0.0,0.0,0.0,0.0,0.05384615384615385,0.015384615384615385,0.0,0.0,0.023076923076923078,0.007692307692307693,0.0,0.0,0.015384615384615385,0.0,0.0,0.06923076923076923,0.007692307692307693,0.0,0.046153846153846156,0.0,0.0
0.2389937106918239,0.10062893081761007,0.1320754716981132,0.03773584905660377,0.031446540880503145,0.018867924528301886,0.031446540880503145,0.0440251572327044,0.025157232704402517,0.006289308176100629,0.0,0.006289308176100629,0.0,0.006289308176100629,0.012578616352201259,0.031446540880503145,0.006289308176100629,0.025157232704402517,0.012578616352201259,0.018867924528301886,0.006289308176100629,0.025157232704402517,0.031446540880503145,0.025157232704402517,0.0,0.006289308176100629,0.0,0.0,0.012578616352201259,0.0,0.012578616352201259,0.031446540880503145,0.012578616352201259,0.0,0.0,0.0,0.03773584905660377,0.0,0.012578616352201259
0.28776978417266186,0.06474820143884892,0.02877697841726619,0.05755395683453238,0.02877697841726619,0.014388489208633094,0.1223021582733813,0.007194244604316547,0.02877697841726619,0.050359712230215826,0.0,0.0,0.0,0.03597122302158273,0.02158273381294964,0.02158273381294964,0.0,0.0,0.007194244604316547,0.0,0.0,0.007194244604316547,0.014388489208633094,0.06474820143884892,0.0,0.06474820143884892,0.0,0.0,0.0,0.02158273381294964,0.0,0.0,0.007194244604316547,0.0,0.02158273381294964,0.0,0.007194244604316547,0.0,0.014388489208633094
0.2608695652173913,0.13043478260869565,0.09565217391304348,0.043478260869565216,0.043478260869565216,0.06086956521739131,0.017391304347826087,0.034782608695652174,0.0,0.0,0.02608695652173913,0.02608695652173913,0.06956521739130435,0.0,0.0,0.017391304347826087,0.008695652173913044,0.043478260869565216,0.017391304347826087,0.0,0.017391304347826087,0.008695652173913044,0.017391304347826087,0.0,0.0,0.008695652173913044,0.008695652173913044,0.0,0.0,0.0,0.0,0.0,0.0,0.0,0.017391304347826087,0.008695652173913044,0.0,0.017391304347826087,0.0
0.1794871794871795,0.08547008547008547,0.07692307692307693,0.05982905982905983,0.02564102564102564,0.06837606837606838,0.042735042735042736,0.03418803418803419,0.017094017094017096,0.042735042735042736,0.008547008547008548,0.0,0.0,0.008547008547008548,0.0,0.008547008547008548,0.02564102564102564,0.008547008547008548,0.0,0.008547008547008548,0.0,0.0,0.06837606837606838,0.0,0.008547008547008548,0.0,0.0,0.0,0.05128205128205128,0.05128205128205128,0.008547008547008548,0.03418803418803419,0.05128205128205128,0.02564102564102564,0.0,0.0,0.0,0.0,0.0
0.3046875,0.265625,0.09375,0.046875,0.0078125,0.0546875,0.0078125,0.015625,0.0234375,0.0,0.015625,0.015625,0.015625,0.0,0.0,0.015625,0.0,0.0,0.0,0.0078125,0.0,0.0,0.015625,0.0,0.0,0.0078125,0.0078125,0.0,0.0,0.0,0.015625,0.0,0.0,0.0,0.0,0.0,0.015625,0.046875,0.0
0.358974358974359,0.18803418803418803,0.06837606837606838,0.03418803418803419,0.042735042735042736,0.05128205128205128,0.02564102564102564,0.008547008547008548,0.017094017094017096,0.02564102564102564,0.02564102564102564,0.008547008547008548,0.0,0.008547008547008548,0.0,0.0,0.0,0.008547008547008548,0.0,0.0,0.0,0.0,0.0,0.0,0.0,0.0,0.017094017094017096,0.0,0.0,0.008547008547008548,0.0,0.008547008547008548,0.0,0.0,0.0,0.008547008547008548,0.0,0.008547008547008548,0.07692307692307693
0.2755102040816326,0.12244897959183673,0.08163265306122448,0.01020408163265306,0.061224489795918366,0.05102040816326531,0.02040816326530612,0.05102040816326531,0.01020408163265306,0.0,0.02040816326530612,0.030612244897959183,0.05102040816326531,0.030612244897959183,0.02040816326530612,0.02040816326530612,0.0,0.0,0.0,0.01020408163265306,0.0,0.0,0.02040816326530612,0.01020408163265306,0.01020408163265306,0.01020408163265306,0.01020408163265306,0.0,0.01020408163265306,0.0,0.0,0.02040816326530612,0.0,0.0,0.02040816326530612,0.0,0.02040816326530612,0.0,0.0
0.23846153846153847,0.11538461538461539,0.05384615384615385,0.03076923076923077,0.09230769230769231,0.06153846153846154,0.09230769230769231,0.023076923076923078,0.0,0.023076923076923078,0.015384615384615385,0.046153846153846156,0.0,0.015384615384615385,0.007692307692307693,0.0,0.023076923076923078,0.0,0.0,0.015384615384615385,0.0,0.023076923076923078,0.007692307692307693,0.015384615384615385,0.007692307692307693,0.0,0.0,0.0,0.007692307692307693,0.0,0.0,0.015384615384615385,0.023076923076923078,0.038461538461538464,0.007692307692307693,0.0,0.0,0.0,0.0
0.31868131868131866,0.15384615384615385,0.06593406593406594,0.02197802197802198,0.054945054945054944,0.054945054945054944,0.01098901098901099,0.03296703296703297,0.01098901098901099,0.01098901098901099,0.0,0.01098901098901099,0.0,0.0,0.0,0.0,0.0,0.0,0.0,0.0,0.0,0.0,0.0,0.0,0.0,0.0,0.0,0.0,0.0,0.0,0.0,0.054945054945054944,0.02197802197802198,0.03296703296703297,0.02197802197802198,0.0,0.03296703296703297,0.07692307692307693,0.01098901098901099
0.23880597014925373,0.12686567164179105,0.06716417910447761,0.03731343283582089,0.05970149253731343,0.014925373134328358,0.007462686567164179,0.03731343283582089,0.007462686567164179,0.029850746268656716,0.007462686567164179,0.022388059701492536,0.029850746268656716,0.03731343283582089,0.022388059701492536,0.03731343283582089,0.022388059701492536,0.014925373134328358,0.022388059701492536,0.0,0.0,0.029850746268656716,0.029850746268656716,0.007462686567164179,0.007462686567164179,0.014925373134328358,0.0,0.014925373134328358,0.0,0.0,0.0,0.0,0.0,0.014925373134328358,0.007462686567164179,0.0,0.007462686567164179,0.0,0.022388059701492536
0.36,0.06666666666666667,0.05333333333333334,0.013333333333333334,0.04,0.09333333333333334,0.02666666666666667,0.02666666666666667,0.0,0.0,0.0,0.05333333333333334,0.0,0.0,0.0,0.0,0.0,0.0,0.013333333333333334,0.0,0.0,0.0,0.0,0.0,0.0,0.0,0.0,0.013333333333333334,0.04,0.0,0.0,0.0,0.013333333333333334,0.05333333333333334,0.0,0.02666666666666667,0.08,0.0,0.02666666666666667
0.2159090909090909,0.26136363636363635,0.045454545454545456,0.07954545454545454,0.011363636363636364,0.03409090909090909,0.022727272727272728,0.0,0.011363636363636364,0.011363636363636364,0.011363636363636364,0.0,0.011363636363636364,0.045454545454545456,0.0,0.0,0.0,0.0,0.0,0.0,0.0,0.0,0.0,0.022727272727272728,0.0,0.045454545454545456,0.011363636363636364,0.0,0.011363636363636364,0.011363636363636364,0.0,0.0,0.0,0.0,0.0,0.056818181818181816,0.0,0.07954545454545454,0.0
0.3,0.15555555555555556,0.05555555555555555,0.06666666666666667,0.06666666666666667,0.011111111111111112,0.06666666666666667,0.022222222222222223,0.044444444444444446,0.011111111111111112,0.0,0.0,0.0,0.0,0.0,0.0,0.0,0.0,0.0,0.0,0.0,0.0,0.0,0.0,0.0,0.0,0.0,0.0,0.0,0.022222222222222223,0.011111111111111112,0.08888888888888889,0.044444444444444446,0.0,0.0,0.011111111111111112,0.0,0.011111111111111112,0.011111111111111112
0.2549019607843137,0.0784313725490196,0.08823529411764706,0.12745098039215685,0.0,0.0,0.0,0.06862745098039216,0.029411764705882353,0.0196078431372549,0.0,0.0,0.0392156862745098,0.0392156862745098,0.0,0.0,0.0,0.06862745098039216,0.0196078431372549,0.0,0.00980392156862745,0.00980392156862745,0.0,0.0,0.00980392156862745,0.0,0.029411764705882353,0.0,0.0,0.00980392156862745,0.0392156862745098,0.0196078431372549,0.0,0.0,0.0,0.00980392156862745,0.029411764705882353,0.0,0.0
0.45454545454545453,0.15151515151515152,0.050505050505050504,0.020202020202020204,0.020202020202020204,0.010101010101010102,0.0,0.010101010101010102,0.010101010101010102,0.0,0.0,0.0,0.0,0.010101010101010102,0.0,0.1111111111111111,0.0,0.0,0.0,0.0,0.0,0.0,0.0,0.0707070707070707,0.0,0.010101010101010102,0.0,0.0,0.0,0.0,0.0,0.010101010101010102,0.0,0.020202020202020204,0.0,0.0,0.020202020202020204,0.020202020202020204,0.0
0.30927835051546393,0.18556701030927836,0.08247422680412371,0.07216494845360824,0.030927835051546393,0.0,0.0,0.010309278350515464,0.020618556701030927,0.0,0.0,0.0,0.0,0.010309278350515464,0.020618556701030927,0.010309278350515464,0.041237113402061855,0.010309278350515464,0.041237113402061855,0.05154639175257732,0.010309278350515464,0.010309278350515464,0.020618556701030927,0.010309278350515464,0.020618556701030927,0.010309278350515464,0.010309278350515464,0.0,0.0,0.0,0.010309278350515464,0.0,0.0,0.0,0.0,0.0,0.0,0.0,0.0
0.2601626016260163,0.08130081300813008,0.08943089430894309,0.056910569105691054,0.056910569105691054,0.08130081300813008,0.0,0.024390243902439025,0.0,0.0,0.024390243902439025,0.0,0.056910569105691054,0.0,0.008130081300813009,0.032520325203252036,0.024390243902439025,0.016260162601626018,0.0,0.0,0.06504065040650407,0.0,0.008130081300813009,0.032520325203252036,0.0,0.0,0.008130081300813009,0.008130081300813009,0.0,0.0,0.0,0.016260162601626018,0.0,0.0,0.016260162601626018,0.032520325203252036,0.0,0.0,0.0
0.3484848484848485,0.2727272727272727,0.06060606060606061,0.0,0.045454545454545456,0.045454545454545456,0.0,0.0,0.0,0.030303030303030304,0.0,0.0,0.0,0.015151515151515152,0.0,0.0,0.015151515151515152,0.0,0.0,0.0,0.0,0.0,0.0,0.0,0.0,0.0,0.0,0.0,0.0,0.0,0.0,0.0,0.030303030303030304,0.015151515151515152,0.015151515151515152,0.0,0.030303030303030304,0.07575757575757576,0.0
0.2111111111111111,0.19444444444444445,0.06111111111111111,0.08333333333333333,0.044444444444444446,0.027777777777777776,0.027777777777777776,0.05555555555555555,0.005555555555555556,0.022222222222222223,0.016666666666666666,0.0,0.0,0.0,0.005555555555555556,0.011111111111111112,0.016666666666666666,0.005555555555555556,0.0,0.0,0.0,0.0,0.011111111111111112,0.016666666666666666,0.011111111111111112,0.0,0.0,0.0,0.0,0.011111111111111112,0.0,0.016666666666666666,0.016666666666666666,0.011111111111111112,0.011111111111111112,0.03888888888888889,0.0,0.05555555555555555,0.011111111111111112
0.3089430894308943,0.11382113821138211,0.06504065040650407,0.056910569105691054,0.024390243902439025,0.008130081300813009,0.008130081300813009,0.06504065040650407,0.032520325203252036,0.024390243902439025,0.024390243902439025,0.024390243902439025,0.0,0.008130081300813009,0.0,0.0,0.0,0.024390243902439025,0.0,0.008130081300813009,0.0,0.0,0.0,0.0,0.008130081300813009,0.032520325203252036,0.032520325203252036,0.016260162601626018,0.016260162601626018,0.008130081300813009,0.0,0.016260162601626018,0.0,0.0,0.024390243902439025,0.024390243902439025,0.0,0.024390243902439025,0.0
0.20869565217391303,0.2,0.11304347826086956,0.09565217391304348,0.0,0.06086956521739131,0.06086956521739131,0.0,0.008695652173913044,0.0,0.0,0.0,0.0,0.008695652173913044,0.008695652173913044,0.0,0.0,0.0,0.0,0.0,0.0,0.0,0.0,0.0,0.0,0.0,0.0,0.0,0.008695652173913044,0.0,0.0,0.008695652173913044,0.043478260869565216,0.08695652173913043,0.034782608695652174,0.017391304347826087,0.0,0.034782608695652174,0.0
0.18243243243243243,0.07432432432432433,0.08108108108108109,0.060810810810810814,0.04054054054054054,0.02027027027027027,0.033783783783783786,0.02027027027027027,0.02027027027027027,0.0472972972972973,0.006756756756756757,0.02027027027027027,0.05405405405405406,0.0472972972972973,0.02702702702702703,0.013513513513513514,0.0,0.013513513513513514,0.0,0.0,0.006756756756756757,0.02702702702702703,0.013513513513513514,0.0,0.013513513513513514,0.0472972972972973,0.033783783783783786,0.0,0.02027027027027027,0.02027027027027027,0.0,0.006756756756756757,0.0,0.006756756756756757,0.02027027027027027,0.013513513513513514,0.0,0.0,0.006756756756756757
0.2636363636363636,0.2,0.11818181818181818,0.01818181818181818,0.08181818181818182,0.00909090909090909,0.02727272727272727,0.01818181818181818,0.02727272727272727,0.01818181818181818,0.01818181818181818,0.0,0.0,0.0,0.0,0.0,0.0,0.0,0.0,0.00909090909090909,0.0,0.0,0.00909090909090909,0.0,0.0,0.0,0.0,0.0,0.08181818181818182,0.0,0.00909090909090909,0.01818181818181818,0.01818181818181818,0.0,0.01818181818181818,0.00909090909090909,0.0,0.02727272727272727,0.0
0.27972027972027974,0.16783216783216784,0.08391608391608392,0.06993006993006994,0.06293706293706294,0.027972027972027972,0.027972027972027972,0.006993006993006993,0.013986013986013986,0.0,0.0,0.0,0.0,0.006993006993006993,0.027972027972027972,0.0,0.006993006993006993,0.006993006993006993,0.04195804195804196,0.006993006993006993,0.0,0.0,0.013986013986013986,0.0,0.0,0.0,0.0,0.0,0.0,0.0,0.006993006993006993,0.0,0.006993006993006993,0.006993006993006993,0.013986013986013986,0.03496503496503497,0.04895104895104895,0.006993006993006993,0.02097902097902098
0.2777777777777778,0.1111111111111111,0.1111111111111111,0.06481481481481481,0.08333333333333333,0.027777777777777776,0.009259259259259259,0.009259259259259259,0.027777777777777776,0.018518518518518517,0.009259259259259259,0.009259259259259259,0.037037037037037035,0.018518518518518517,0.018518518518518517,0.0,0.009259259259259259,0.0,0.009259259259259259,0.0,0.0,0.0,0.037037037037037035,0.018518518518518517,0.0,0.009259259259259259,0.009259259259259259,0.009259259259259259,0.018518518518518517,0.009259259259259259,0.0,0.018518518518518517,0.0,0.0,0.009259259259259259,0.009259259259259259,0.0,0.0,0.0
0.308411214953271,0.09345794392523364,0.06542056074766354,0.056074766355140186,0.037383177570093455,0.04672897196261682,0.009345794392523364,0.07476635514018691,0.056074766355140186,0.028037383177570093,0.037383177570093455,0.018691588785046728,0.018691588785046728,0.0,0.0,0.0,0.0,0.0,0.009345794392523364,0.0,0.0,0.0,0.009345794392523364,0.018691588785046728,0.009345794392523364,0.0,0.0,0.0,0.018691588785046728,0.028037383177570093,0.009345794392523364,0.018691588785046728,0.0,0.0,0.009345794392523364,0.009345794392523364,0.009345794392523364,0.0,0.0
0.4430379746835443,0.12658227848101267,0.05063291139240506,0.0379746835443038,0.05063291139240506,0.0,0.0759493670886076,0.012658227848101266,0.0,0.012658227848101266,0.0,0.0,0.0,0.0,0.0379746835443038,0.0,0.012658227848101266,0.0,0.0,0.0,0.0,0.012658227848101266,0.0,0.0379746835443038,0.0379746835443038,0.0,0.0,0.0,0.0,0.0,0.0,0.0,0.012658227848101266,0.0,0.0,0.0,0.012658227848101266,0.0,0.02531645569620253
0.27927927927927926,0.06306306306306306,0.1981981981981982,0.15315315315315314,0.009009009009009009,0.0,0.009009009009009009,0.009009009009009009,0.009009009009009009,0.0,0.0,0.018018018018018018,0.0,0.0,0.009009009009009009,0.0,0.009009009009009009,0.0,0.009009009009009009,0.0,0.0,0.0,0.0,0.0,0.0,0.0,0.0,0.0,0.0,0.0,0.0,0.0,0.02702702702702703,0.0,0.009009009009009009,0.09009009009009009,0.06306306306306306,0.0,0.036036036036036036
0.2740740740740741,0.1037037037037037,0.0962962962962963,0.05925925925925926,0.02962962962962963,0.05925925925925926,0.02962962962962963,0.044444444444444446,0.014814814814814815,0.02962962962962963,0.0,0.007407407407407408,0.007407407407407408,0.014814814814814815,0.0,0.022222222222222223,0.0,0.014814814814814815,0.014814814814814815,0.0,0.0,0.0,0.0,0.014814814814814815,0.0,0.014814814814814815,0.007407407407407408,0.0,0.0,0.02962962962962963,0.007407407407407408,0.022222222222222223,0.007407407407407408,0.0,0.007407407407407408,0.0,0.0,0.037037037037037035,0.02962962962962963
0.41935483870967744,0.1774193548387097,0.10483870967741936,0.024193548387096774,0.04838709677419355,0.024193548387096774,0.008064516129032258,0.03225806451612903,0.0,0.008064516129032258,0.024193548387096774,0.0,0.0,0.008064516129032258,0.0,0.0,0.0,0.0,0.0,0.0,0.0,0.0,0.0,0.0,0.0,0.0,0.0,0.008064516129032258,0.0,0.0,0.0,0.016129032258064516,0.0,0.0,0.04838709677419355,0.0,0.0,0.04838709677419355,0.0
0.15894039735099338,0.12582781456953643,0.11258278145695365,0.10596026490066225,0.046357615894039736,0.019867549668874173,0.046357615894039736,0.013245033112582781,0.033112582781456956,0.0,0.046357615894039736,0.006622516556291391,0.013245033112582781,0.013245033112582781,0.013245033112582781,0.006622516556291391,0.013245033112582781,0.0,0.026490066225165563,0.013245033112582781,0.033112582781456956,0.0,0.019867549668874173,0.013245033112582781,0.026490066225165563,0.006622516556291391,0.006622516556291391,0.006622516556291391,0.013245033112582781,0.0,0.013245033112582781,0.0,0.013245033112582781,0.0,0.013245033112582781,0.0,0.013245033112582781,0.0,0.006622516556291391
0.38095238095238093,0.2,0.11428571428571428,0.047619047619047616,0.009523809523809525,0.009523809523809525,0.02857142857142857,0.0,0.0,0.01904761904761905,0.0,0.0,0.0,0.009523809523809525,0.0,0.0,0.009523809523809525,0.0,0.009523809523809525,0.009523809523809525,0.009523809523809525,0.009523809523809525,0.0,0.0,0.0,0.0,0.0,0.0,0.0,0.0,0.0,0.0,0.0,0.0,0.0,0.02857142857142857,0.01904761904761905,0.0,0.08571428571428572
0.2966101694915254,0.17796610169491525,0.1271186440677966,0.05084745762711865,0.025423728813559324,0.03389830508474576,0.00847457627118644,0.01694915254237288,0.00847457627118644,0.01694915254237288,0.0,0.0,0.0,0.0,0.0,0.00847457627118644,0.0,0.0,0.00847457627118644,0.0,0.0,0.0,0.0,0.0,0.0,0.0,0.00847457627118644,0.0,0.03389830508474576,0.01694915254237288,0.0,0.00847457627118644,0.0,0.00847457627118644,0.00847457627118644,0.0,0.01694915254237288,0.09322033898305085,0.025423728813559324
0.20567375886524822,0.2127659574468085,0.07801418439716312,0.03546099290780142,0.04964539007092199,0.04964539007092199,0.0070921985815602835,0.014184397163120567,0.0,0.0851063829787234,0.0,0.0070921985815602835,0.0,0.0070921985815602835,0.0,0.0,0.0,0.0,0.0,0.0,0.0,0.0070921985815602835,0.0,0.0070921985815602835,0.0,0.0,0.0,0.014184397163120567,0.0,0.03546099290780142,0.014184397163120567,0.014184397163120567,0.0,0.02127659574468085,0.028368794326241134,0.0070921985815602835,0.0070921985815602835,0.09219858156028368,0.0
0.475,0.275,0.0375,0.025,0.05,0.0,0.0,0.0125,0.0,0.0,0.0,0.0,0.0,0.0,0.0,0.0,0.0,0.0,0.0,0.0,0.0,0.0,0.0,0.0,0.0,0.0,0.0,0.0,0.0,0.0,0.0,0.0,0.0,0.0,0.0,0.0,0.05,0.0,0.075
0.3063063063063063,0.10810810810810811,0.12612612612612611,0.04504504504504504,0.07207207207207207,0.018018018018018018,0.036036036036036036,0.04504504504504504,0.02702702702702703,0.0,0.0,0.009009009009009009,0.009009009009009009,0.018018018018018018,0.0,0.009009009009009009,0.009009009009009009,0.0,0.009009009009009009,0.018018018018018018,0.036036036036036036,0.009009009009009009,0.009009009009009009,0.0,0.0,0.018018018018018018,0.0,0.0,0.0,0.0,0.0,0.0,0.0,0.009009009009009009,0.009009009009009009,0.0,0.009009009009009009,0.0,0.036036036036036036
0.3111111111111111,0.1037037037037037,0.08148148148148149,0.07407407407407407,0.014814814814814815,0.007407407407407408,0.02962962962962963,0.0,0.15555555555555556,0.007407407407407408,0.007407407407407408,0.014814814814814815,0.0,0.007407407407407408,0.007407407407407408,0.007407407407407408,0.0,0.0,0.0,0.0,0.0,0.0,0.0,0.0,0.0,0.0,0.0,0.014814814814814815,0.0,0.007407407407407408,0.06666666666666667,0.0,0.0,0.0,0.007407407407407408,0.0,0.02962962962962963,0.0,0.044444444444444446
0.29914529914529914,0.08547008547008547,0.07692307692307693,0.042735042735042736,0.017094017094017096,0.10256410256410256,0.008547008547008548,0.008547008547008548,0.0,0.008547008547008548,0.0,0.0,0.0,0.008547008547008548,0.0,0.0,0.0,0.017094017094017096,0.03418803418803419,0.03418803418803419,0.0,0.0,0.008547008547008548,0.0,0.0,0.0,0.0,0.0,0.0,0.0,0.0,0.0,0.008547008547008548,0.11965811965811966,0.008547008547008548,0.008547008547008548,0.042735042735042736,0.042735042735042736,0.017094017094017096
0.2625,0.2125,0.1125,0.0625,0.0125,0.0625,0.0375,0.0,0.0125,0.0,0.0,0.0,0.0,0.0,0.0,0.0,0.0,0.0,0.0,0.0,0.0,0.0,0.0,0.0,0.0,0.0,0.0125,0.0,0.0125,0.025,0.025,0.0125,0.0375,0.025,0.0,0.0125,0.0,0.0625,0.0
0.32407407407407407,0.07407407407407407,0.07407407407407407,0.07407407407407407,0.07407407407407407,0.07407407407407407,0.037037037037037035,0.046296296296296294,0.018518518518518517,0.0,0.0,0.009259259259259259,0.009259259259259259,0.0,0.018518518518518517,0.0,0.0,0.018518518518518517,0.0,0.0,0.0,0.0,0.0,0.018518518518518517,0.0,0.0,0.0,0.009259259259259259,0.0,0.0,0.0,0.037037037037037035,0.009259259259259259,0.009259259259259259,0.009259259259259259,0.0,0.0,0.0,0.05555555555555555
0.3474576271186441,0.09322033898305085,0.2033898305084746,0.05084745762711865,0.0,0.03389830508474576,0.01694915254237288,0.03389830508474576,0.03389830508474576,0.0,0.03389830508474576,0.00847457627118644,0.0,0.00847457627118644,0.0,0.0,0.01694915254237288,0.00847457627118644,0.0,0.0,0.0,0.0,0.0,0.0,0.00847457627118644,0.0,0.00847457627118644,0.0,0.03389830508474576,0.0,0.0,0.00847457627118644,0.0,0.00847457627118644,0.0,0.00847457627118644,0.025423728813559324,0.0,0.00847457627118644
0.18705035971223022,0.1510791366906475,0.07194244604316546,0.15827338129496402,0.06474820143884892,0.03597122302158273,0.0,0.014388489208633094,0.03597122302158273,0.02158273381294964,0.02877697841726619,0.02158273381294964,0.03597122302158273,0.007194244604316547,0.007194244604316547,0.014388489208633094,0.0,0.014388489208633094,0.0,0.014388489208633094,0.0,0.0,0.0,0.0,0.007194244604316547,0.007194244604316547,0.0,0.014388489208633094,0.014388489208633094,0.0,0.007194244604316547,0.014388489208633094,0.0,0.0,0.02158273381294964,0.014388489208633094,0.0,0.0,0.014388489208633094
0.4387755102040816,0.16326530612244897,0.1326530612244898,0.05102040816326531,0.05102040816326531,0.0,0.0,0.01020408163265306,0.0,0.0,0.0,0.0,0.0,0.0,0.0,0.0,0.0,0.0,0.0,0.0,0.0,0.0,0.0,0.0,0.0,0.0,0.0,0.0,0.0,0.0,0.0,0.0,0.0,0.01020408163265306,0.04081632653061224,0.030612244897959183,0.05102040816326531,0.01020408163265306,0.01020408163265306
0.2125,0.15,0.0375,0.1875,0.0,0.0,0.075,0.0,0.0125,0.025,0.0,0.0,0.0,0.0,0.05,0.0,0.0,0.0,0.0125,0.0125,0.0,0.0,0.0125,0.0,0.075,0.0,0.0,0.0,0.0125,0.0,0.0,0.0,0.0125,0.0125,0.0,0.1,0.0,0.0,0.0
0.21052631578947367,0.13533834586466165,0.09022556390977443,0.07518796992481203,0.045112781954887216,0.015037593984962405,0.03759398496240601,0.06015037593984962,0.045112781954887216,0.0,0.022556390977443608,0.007518796992481203,0.007518796992481203,0.0,0.015037593984962405,0.007518796992481203,0.0,0.0,0.0,0.0,0.007518796992481203,0.007518796992481203,0.0,0.007518796992481203,0.03759398496240601,0.015037593984962405,0.0,0.0,0.015037593984962405,0.022556390977443608,0.015037593984962405,0.015037593984962405,0.0,0.007518796992481203,0.0,0.007518796992481203,0.0,0.06766917293233082,0.0
0.43137254901960786,0.10784313725490197,0.12745098039215685,0.0392156862745098,0.00980392156862745,0.049019607843137254,0.00980392156862745,0.00980392156862745,0.0,0.0,0.00980392156862745,0.0196078431372549,0.0,0.0,0.0,0.0,0.0,0.0,0.0,0.0,0.00980392156862745,0.0,0.0,0.0,0.0,0.0,0.0,0.0,0.0,0.0,0.0,0.0,0.0196078431372549,0.00980392156862745,0.0,0.06862745098039216,0.0784313725490196,0.0,0.0
0.25806451612903225,0.09032258064516129,0.06451612903225806,0.05806451612903226,0.05806451612903226,0.03225806451612903,0.012903225806451613,0.03870967741935484,0.0064516129032258064,0.025806451612903226,0.0064516129032258064,0.04516129032258064,0.03870967741935484,0.01935483870967742,0.04516129032258064,0.0064516129032258064,0.0064516129032258064,0.0064516129032258064,0.025806451612903226,0.025806451612903226,0.0,0.025806451612903226,0.0,0.0,0.012903225806451613,0.0,0.01935483870967742,0.0,0.0,0.0,0.0,0.04516129032258064,0.0,0.0,0.0064516129032258064,0.0,0.0,0.0064516129032258064,0.012903225806451613
0.2037037037037037,0.05555555555555555,0.1111111111111111,0.07407407407407407,0.046296296296296294,0.037037037037037035,0.009259259259259259,0.027777777777777776,0.018518518518518517,0.009259259259259259,0.037037037037037035,0.009259259259259259,0.037037037037037035,0.0,0.009259259259259259,0.018518518518518517,0.06481481481481481,0.018518518518518517,0.0,0.037037037037037035,0.027777777777777776,0.046296296296296294,0.009259259259259259,0.0,0.009259259259259259,0.0,0.009259259259259259,0.0,0.009259259259259259,0.0,0.0,0.0,0.0,0.009259259259259259,0.018518518518518517,0.0,0.009259259259259259,0.0,0.027777777777777776
0.37962962962962965,0.1574074074074074,0.08333333333333333,0.05555555555555555,0.027777777777777776,0.05555555555555555,0.009259259259259259,0.018518518518518517,0.009259259259259259,0.0,0.018518518518518517,0.009259259259259259,0.0,0.027777777777777776,0.009259259259259259,0.0,0.0,0.009259259259259259,0.009259259259259259,0.009259259259259259,0.0,0.0,0.0,0.0,0.0,0.009259259259259259,0.0,0.0,0.0,0.009259259259259259,0.037037037037037035,0.009259259259259259,0.0,0.0,0.0,0.0,0.027777777777777776,0.0,0.018518518518518517
0.3867924528301887,0.1509433962264151,0.05660377358490566,0.04716981132075472,0.03773584905660377,0.07547169811320754,0.009433962264150943,0.0,0.0,0.009433962264150943,0.018867924528301886,0.018867924528301886,0.0,0.0,0.009433962264150943,0.009433962264150943,0.0,0.0,0.009433962264150943,0.0,0.0,0.0,0.0,0.0,0.0,0.009433962264150943,0.0,0.0,0.0,0.0,0.0,0.0,0.02830188679245283,0.02830188679245283,0.0,0.009433962264150943,0.03773584905660377,0.018867924528301886,0.02830188679245283
0.20437956204379562,0.2116788321167883,0.13138686131386862,0.029197080291970802,0.029197080291970802,0.021897810218978103,0.014598540145985401,0.0,0.021897810218978103,0.0072992700729927005,0.0,0.021897810218978103,0.021897810218978103,0.06569343065693431,0.0072992700729927005,0.021897810218978103,0.0,0.014598540145985401,0.0,0.0,0.0,0.0,0.0,0.029197080291970802,0.0072992700729927005,0.072992700729927,0.0072992700729927005,0.0,0.0,0.0,0.0,0.0,0.0,0.0,0.0,0.0,0.043795620437956206,0.014598540145985401,0.0
0.39325842696629215,0.15730337078651685,0.07865168539325842,0.02247191011235955,0.02247191011235955,0.07865168539325842,0.011235955056179775,0.0,0.033707865168539325,0.011235955056179775,0.0,0.02247191011235955,0.0,0.0,0.011235955056179775,0.0,0.0,0.0,0.0,0.0,0.0,0.0,0.0,0.0,0.02247191011235955,0.0,0.0,0.033707865168539325,0.0,0.011235955056179775,0.0,0.0,0.0,0.06741573033707865,0.02247191011235955,0.0,0.0,0.0,0.0
0.3153153153153153,0.11711711711711711,0.13513513513513514,0.04504504504504504,0.02702702702702703,0.05405405405405406,0.018018018018018018,0.02702702702702703,0.036036036036036036,0.05405405405405406,0.018018018018018018,0.009009009009009009,0.009009009009009009,0.0,0.0,0.009009009009009009,0.0,0.0,0.018018018018018018,0.04504504504504504,0.0,0.009009009009009009,0.0,0.0,0.0,0.0,0.018018018018018018,0.009009009009009009,0.0,0.0,0.0,0.0,0.0,0.0,0.0,0.0,0.018018018018018018,0.0,0.009009009009009009
0.302158273381295,0.1366906474820144,0.07194244604316546,0.07913669064748201,0.02158273381294964,0.05755395683453238,0.014388489208633094,0.050359712230215826,0.014388489208633094,0.007194244604316547,0.0,0.0,0.0,0.0,0.014388489208633094,0.0,0.014388489208633094,0.014388489208633094,0.03597122302158273,0.014388489208633094,0.0,0.0,0.0,0.0,0.0,0.0,0.014388489208633094,0.007194244604316547,0.0,0.02158273381294964,0.007194244604316547,0.02158273381294964,0.0,0.04316546762589928,0.007194244604316547,0.007194244604316547,0.007194244604316547,0.014388489208633094,0.0
0.30327868852459017,0.14754098360655737,0.07377049180327869,0.00819672131147541,0.00819672131147541,0.00819672131147541,0.02459016393442623,0.01639344262295082,0.0,0.00819672131147541,0.00819672131147541,0.01639344262295082,0.03278688524590164,0.07377049180327869,0.03278688524590164,0.00819672131147541,0.0,0.0,0.02459016393442623,0.0,0.0,0.0,0.0,0.0,0.00819672131147541,0.02459016393442623,0.040983606557377046,0.0,0.00819672131147541,0.0,0.0,0.0,0.02459016393442623,0.0,0.0,0.0,0.0,0.03278688524590164,0.06557377049180328
0.39669421487603307,0.11570247933884298,0.0743801652892562,0.01652892561983471,0.01652892561983471,0.0,0.008264462809917356,0.0,0.0,0.008264462809917356,0.008264462809917356,0.008264462809917356,0.03305785123966942,0.008264462809917356,0.01652892561983471,0.01652892561983471,0.01652892561983471,0.09090909090909091,0.03305785123966942,0.008264462809917356,0.0,0.05785123966942149,0.01652892561983471,0.0,0.01652892561983471,0.0,0.01652892561983471,0.0,0.008264462809917356,0.0,0.0,0.008264462809917356,0.0,0.0,0.0,0.0,0.0,0.0,0.0
0.27184466019417475,0.20388349514563106,0.1650485436893204,0.019417475728155338,0.05825242718446602,0.009708737864077669,0.038834951456310676,0.019417475728155338,0.0,0.019417475728155338,0.019417475728155338,0.02912621359223301,0.0,0.009708737864077669,0.009708737864077669,0.0,0.0,0.0,0.0,0.0,0.0,0.0,0.0,0.0,0.019417475728155338,0.0,0.0,0.0,0.0,0.019417475728155338,0.0,0.009708737864077669,0.009708737864077669,0.009708737864077669,0.009708737864077669,0.009708737864077669,0.019417475728155338,0.0,0.019417475728155338
0.38666666666666666,0.21333333333333335,0.06666666666666667,0.04,0.04,0.02666666666666667,0.013333333333333334,0.05333333333333334,0.0,0.0,0.02666666666666667,0.0,0.0,0.0,0.0,0.0,0.0,0.013333333333333334,0.0,0.0,0.0,0.0,0.0,0.0,0.0,0.0,0.0,0.0,0.0,0.0,0.0,0.013333333333333334,0.02666666666666667,0.0,0.0,0.013333333333333334,0.02666666666666667,0.04,0.0
0.32432432432432434,0.060810810810810814,0.06756756756756757,0.04054054054054054,0.04054054054054054,0.02027027027027027,0.0,0.013513513513513514,0.02702702702702703,0.013513513513513514,0.013513513513513514,0.006756756756756757,0.006756756756756757,0.02702702702702703,0.006756756756756757,0.013513513513513514,0.060810810810810814,0.033783783783783786,0.0472972972972973,0.02027027027027027,0.0472972972972973,0.0,0.013513513513513514,0.013513513513513514,0.006756756756756757,0.0,0.0,0.0,0.033783783783783786,0.0,0.013513513513513514,0.0,0.006756756756756757,0.013513513513513514,0.0,0.0,0.006756756756756757,0.0,0.0
0.2777777777777778,0.18518518518518517,0.12962962962962962,0.027777777777777776,0.009259259259259259,0.037037037037037035,0.037037037037037035,0.027777777777777776,0.037037037037037035,0.009259259259259259,0.009259259259259259,0.009259259259259259,0.0,0.0,0.009259259259259259,0.0,0.009259259259259259,0.0,0.018518518518518517,0.0,0.0,0.0,0.0,0.0,0.009259259259259259,0.0,0.0,0.0,0.0,0.009259259259259259,0.027777777777777776,0.018518518518518517,0.027777777777777776,0.009259259259259259,0.0,0.0,0.0,0.06481481481481481,0.0
0.30357142857142855,0.10714285714285714,0.13392857142857142,0.0625,0.03571428571428571,0.026785714285714284,0.0,0.017857142857142856,0.0,0.008928571428571428,0.008928571428571428,0.017857142857142856,0.0,0.008928571428571428,0.008928571428571428,0.0,0.0,0.0,0.0,0.0,0.0,0.0,0.017857142857142856,0.0,0.026785714285714284,0.0,0.0,0.0,0.008928571428571428,0.008928571428571428,0.008928571428571428,0.0,0.008928571428571428,0.008928571428571428,0.008928571428571428,0.03571428571428571,0.026785714285714284,0.03571428571428571,0.0625
0.18032786885245902,0.19672131147540983,0.06557377049180328,0.06557377049180328,0.08196721311475409,0.04918032786885246,0.02459016393442623,0.01639344262295082,0.0,0.04918032786885246,0.0,0.02459016393442623,0.0,0.0,0.0,0.0,0.0,0.0,0.00819672131147541,0.00819672131147541,0.00819672131147541,0.0,0.00819672131147541,0.0,0.0,0.01639344262295082,0.0,0.03278688524590164,0.00819672131147541,0.040983606557377046,0.01639344262295082,0.01639344262295082,0.0,0.0,0.02459016393442623,0.01639344262295082,0.0,0.03278688524590164,0.00819672131147541
0.34513274336283184,0.17699115044247787,0.12389380530973451,0.04424778761061947,0.02654867256637168,0.05309734513274336,0.0,0.05309734513274336,0.0,0.0,0.0,0.0,0.0,0.0,0.0,0.0,0.0,0.0,0.0,0.008849557522123894,0.0,0.0,0.0,0.0,0.0,0.0,0.0,0.0,0.0,0.008849557522123894,0.017699115044247787,0.017699115044247787,0.0,0.0,0.02654867256637168,0.017699115044247787,0.035398230088495575,0.0,0.04424778761061947
0.17117117117117117,0.18018018018018017,0.07207207207207207,0.16216216216216217,0.02702702702702703,0.02702702702702703,0.05405405405405406,0.036036036036036036,0.009009009009009009,0.009009009009009009,0.036036036036036036,0.02702702702702703,0.009009009009009009,0.009009009009009009,0.0,0.0,0.0,0.0,0.0,0.0,0.009009009009009009,0.009009009009009009,0.04504504504504504,0.009009009009009009,0.0,0.0,0.009009009009009009,0.018018018018018018,0.0,0.009009009009009009,0.0,0.018018018018018018,0.009009009009009009,0.0,0.009009009009009009,0.02702702702702703,0.0,0.0,0.0
0.16806722689075632,0.10084033613445378,0.23529411764705882,0.03361344537815126,0.0,0.025210084033613446,0.04201680672268908,0.04201680672268908,0.025210084033613446,0.01680672268907563,0.0,0.01680672268907563,0.008403361344537815,0.0,0.0,0.008403361344537815,0.0,0.0,0.0,0.0,0.0,0.0,0.008403361344537815,0.0,0.0,0.0,0.0,0.0,0.0,0.0,0.0,0.0,0.0,0.0,0.0,0.058823529411764705,0.20168067226890757,0.008403361344537815,0.0
0.5,0.08163265306122448,0.08163265306122448,0.030612244897959183,0.0,0.04081632653061224,0.02040816326530612,0.04081632653061224,0.02040816326530612,0.0,0.01020408163265306,0.0,0.0,0.030612244897959183,0.0,0.0,0.0,0.0,0.030612244897959183,0.0,0.01020408163265306,0.0,0.0,0.0,0.02040816326530612,0.02040816326530612,0.01020408163265306,0.0,0.0,0.0,0.0,0.0,0.0,0.01020408163265306,0.0,0.0,0.030612244897959183,0.0,0.01020408163265306
0.375,0.2421875,0.078125,0.0546875,0.0234375,0.0234375,0.03125,0.0078125,0.015625,0.0078125,0.0078125,0.0,0.0,0.0078125,0.0,0.0,0.0234375,0.0,0.0,0.0,0.0,0.0,0.0,0.015625,0.0,0.0,0.0,0.0,0.0,0.0,0.0,0.0,0.03125,0.015625,0.0,0.0,0.0,0.03125,0.0078125
0.30833333333333335,0.13333333333333333,0.09166666666666666,0.075,0.03333333333333333,0.08333333333333333,0.03333333333333333,0.008333333333333333,0.016666666666666666,0.0,0.025,0.0,0.0,0.0,0.0,0.0,0.0,0.0,0.0,0.0,0.0,0.0,0.0,0.0,0.0,0.0,0.0,0.0,0.03333333333333333,0.0,0.008333333333333333,0.0,0.0,0.016666666666666666,0.041666666666666664,0.008333333333333333,0.05,0.008333333333333333,0.025
0.20618556701030927,0.15463917525773196,0.1134020618556701,0.041237113402061855,0.05154639175257732,0.030927835051546393,0.010309278350515464,0.041237113402061855,0.030927835051546393,0.0,0.05154639175257732,0.0,0.0,0.0,0.0,0.0,0.0,0.0,0.010309278350515464,0.0,0.0,0.0,0.0,0.0,0.0,0.0,0.0,0.0,0.061855670103092786,0.0,0.05154639175257732,0.030927835051546393,0.010309278350515464,0.010309278350515464,0.041237113402061855,0.0,0.041237113402061855,0.010309278350515464,0.0
0.3728813559322034,0.16101694915254236,0.09322033898305085,0.025423728813559324,0.0423728813559322,0.01694915254237288,0.00847457627118644,0.05084745762711865,0.0,0.0,0.00847457627118644,0.00847457627118644,0.025423728813559324,0.0423728813559322,0.01694915254237288,0.0,0.0,0.0,0.0,0.0,0.0,0.0,0.0,0.00847457627118644,0.0,0.01694915254237288,0.0,0.00847457627118644,0.0,0.0,0.0,0.01694915254237288,0.0,0.0,0.0423728813559322,0.00847457627118644,0.01694915254237288,0.00847457627118644,0.0
0.26666666666666666,0.10833333333333334,0.08333333333333333,0.08333333333333333,0.03333333333333333,0.06666666666666667,0.03333333333333333,0.025,0.058333333333333334,0.03333333333333333,0.008333333333333333,0.008333333333333333,0.0,0.008333333333333333,0.025,0.0,0.0,0.0,0.025,0.0,0.025,0.0,0.0,0.0,0.016666666666666666,0.016666666666666666,0.0,0.008333333333333333,0.008333333333333333,0.016666666666666666,0.0,0.0,0.0,0.0,0.016666666666666666,0.0,0.025,0.0,0.0
0.358974358974359,0.1282051282051282,0.08547008547008547,0.06837606837606838,0.06837606837606838,0.0,0.008547008547008548,0.0,0.0,0.0,0.0,0.0,0.017094017094017096,0.0,0.05982905982905983,0.0,0.0,0.008547008547008548,0.0,0.0,0.0,0.0,0.0,0.0,0.02564102564102564,0.008547008547008548,0.0,0.0,0.0,0.017094017094017096,0.0,0.0,0.0,0.017094017094017096,0.09401709401709402,0.0,0.02564102564102564,0.0,0.008547008547008548
0.36046511627906974,0.11627906976744186,0.10465116279069768,0.011627906976744186,0.046511627906976744,0.06976744186046512,0.011627906976744186,0.046511627906976744,0.011627906976744186,0.011627906976744186,0.023255813953488372,0.0,0.0,0.011627906976744186,0.0,0.0,0.0,0.0,0.0,0.0,0.0,0.0,0.011627906976744186,0.0,0.023255813953488372,0.0,0.03488372093023256,0.0,0.0,0.011627906976744186,0.03488372093023256,0.0,0.0,0.023255813953488372,0.0,0.0,0.011627906976744186,0.0,0.023255813953488372
0.410958904109589,0.07534246575342465,0.0410958904109589,0.02054794520547945,0.0821917808219178,0.00684931506849315,0.02054794520547945,0.0273972602739726,0.00684931506849315,0.00684931506849315,0.0,0.0,0.0136986301369863,0.0,0.02054794520547945,0.00684931506849315,0.0,0.0,0.0,0.0,0.0,0.0136986301369863,0.0,0.03424657534246575,0.03424657534246575,0.0,0.0,0.0,0.0,0.0,0.0,0.0136986301369863,0.02054794520547945,0.0,0.0,0.02054794520547945,0.0136986301369863,0.00684931506849315,0.10273972602739725
0.264,0.112,0.208,0.08,0.04,0.024,0.0,0.016,0.016,0.0,0.0,0.032,0.008,0.04,0.0,0.0,0.0,0.0,0.008,0.0,0.0,0.0,0.0,0.0,0.0,0.0,0.0,0.024,0.008,0.0,0.008,0.0,0.016,0.008,0.008,0.016,0.056,0.0,0.008
0.3368421052631579,0.010526315789473684,0.08421052631578947,0.042105263157894736,0.021052631578947368,0.021052631578947368,0.010526315789473684,0.010526315789473684,0.010526315789473684,0.010526315789473684,0.0,0.0,0.010526315789473684,0.0,0.010526315789473684,0.0,0.010526315789473684,0.010526315789473684,0.010526315789473684,0.010526315789473684,0.021052631578947368,0.031578947368421054,0.031578947368421054,0.0,0.0,0.0,0.0,0.0,0.0,0.031578947368421054,0.0,0.010526315789473684,0.0,0.010526315789473684,0.0,0.05263157894736842,0.031578947368421054,0.0,0.15789473684210525
0.2892561983471074,0.14049586776859505,0.15702479338842976,0.024793388429752067,0.04132231404958678,0.03305785123966942,0.03305785123966942,0.01652892561983471,0.01652892561983471,0.008264462809917356,0.0,0.008264462809917356,0.01652892561983471,0.01652892561983471,0.0,0.0,0.0,0.0,0.0,0.0,0.0,0.008264462809917356,0.0,0.0,0.008264462809917356,0.0,0.008264462809917356,0.0,0.0,0.0,0.01652892561983471,0.0,0.01652892561983471,0.0,0.01652892561983471,0.0,0.03305785123966942,0.09090909090909091,0.0
0.23404255319148937,0.11702127659574468,0.23404255319148937,0.07446808510638298,0.031914893617021274,0.0,0.010638297872340425,0.010638297872340425,0.0,0.0425531914893617,0.0,0.0,0.010638297872340425,0.010638297872340425,0.02127659574468085,0.0,0.0,0.0,0.0,0.0,0.0,0.010638297872340425,0.0,0.0,0.0,0.010638297872340425,0.0,0.0,0.0,0.05319148936170213,0.0,0.0,0.0,0.02127659574468085,0.0,0.0,0.10638297872340426,0.0,0.0
0.19786096256684493,0.22994652406417113,0.026737967914438502,0.0481283422459893,0.026737967914438502,0.0855614973262032,0.053475935828877004,0.0053475935828877,0.0053475935828877,0.0106951871657754,0.0106951871657754,0.0,0.0,0.0106951871657754,0.016042780748663103,0.026737967914438502,0.0,0.0213903743315508,0.0053475935828877,0.0106951871657754,0.0,0.0053475935828877,0.0,0.0,0.0,0.0,0.0,0.0,0.0053475935828877,0.0,0.0,0.016042780748663103,0.0374331550802139,0.0053475935828877,0.0106951871657754,0.0053475935828877,0.0106951871657754,0.11229946524064172,0.0
0.352112676056338,0.11267605633802817,0.035211267605633804,0.028169014084507043,0.04225352112676056,0.014084507042253521,0.035211267605633804,0.04929577464788732,0.014084507042253521,0.0,0.014084507042253521,0.0,0.007042253521126761,0.0,0.0,0.007042253521126761,0.014084507042253521,0.0,0.02112676056338028,0.04225352112676056,0.0,0.0,0.0,0.0,0.014084507042253521,0.0,0.0,0.0,0.0,0.007042253521126761,0.014084507042253521,0.056338028169014086,0.014084507042253521,0.0,0.04225352112676056,0.014084507042253521,0.014084507042253521,0.014084507042253521,0.02112676056338028
0.4803921568627451,0.10784313725490197,0.058823529411764705,0.029411764705882353,0.0196078431372549,0.029411764705882353,0.0,0.00980392156862745,0.0,0.0,0.0,0.0,0.029411764705882353,0.00980392156862745,0.0,0.00980392156862745,0.0,0.0,0.0,0.0,0.0,0.0,0.0196078431372549,0.0196078431372549,0.0,0.0196078431372549,0.0,0.0,0.0,0.0,0.0,0.0,0.0,0.0,0.0392156862745098,0.00980392156862745,0.0,0.0,0.10784313725490197
0.42424242424242425,0.13131313131313133,0.23232323232323232,0.030303030303030304,0.010101010101010102,0.0,0.0,0.010101010101010102,0.020202020202020204,0.0,0.0,0.0,0.010101010101010102,0.0,0.010101010101010102,0.0,0.0,0.0,0.010101010101010102,0.0,0.0,0.0,0.0,0.0,0.0,0.020202020202020204,0.0,0.0,0.010101010101010102,0.0,0.0,0.0,0.0,0.0,0.0,0.020202020202020204,0.04040404040404041,0.020202020202020204,0.0
0.3106060606060606,0.09848484848484848,0.16666666666666666,0.03787878787878788,0.05303030303030303,0.015151515151515152,0.007575757575757576,0.0,0.0,0.015151515151515152,0.0,0.022727272727272728,0.007575757575757576,0.0,0.007575757575757576,0.007575757575757576,0.0,0.0,0.0,0.007575757575757576,0.015151515151515152,0.0,0.015151515151515152,0.015151515151515152,0.0,0.0,0.0,0.0,0.0,0.0,0.0,0.0,0.007575757575757576,0.06060606060606061,0.022727272727272728,0.007575757575757576,0.05303030303030303,0.007575757575757576,0.03787878787878788
0.20869565217391303,0.11304347826086956,0.06956521739130435,0.017391304347826087,0.05217391304347826,0.06086956521739131,0.017391304347826087,0.017391304347826087,0.017391304347826087,0.0,0.017391304347826087,0.008695652173913044,0.008695652173913044,0.017391304347826087,0.017391304347826087,0.02608695652173913,0.0,0.008695652173913044,0.0,0.008695652173913044,0.008695652173913044,0.0,0.008695652173913044,0.017391304347826087,0.02608695652173913,0.034782608695652174,0.0,0.02608695652173913,0.008695652173913044,0.0,0.0,0.008695652173913044,0.05217391304347826,0.08695652173913043,0.008695652173913044,0.0,0.0,0.02608695652173913,0.0
0.1834319526627219,0.1893491124260355,0.07100591715976332,0.11242603550295859,0.01775147928994083,0.023668639053254437,0.01775147928994083,0.03550295857988166,0.01775147928994083,0.005917159763313609,0.0,0.0,0.0,0.029585798816568046,0.0,0.005917159763313609,0.05325443786982249,0.04142011834319527,0.01775147928994083,0.0,0.0,0.01775147928994083,0.011834319526627219,0.01775147928994083,0.011834319526627219,0.03550295857988166,0.0,0.005917159763313609,0.0,0.005917159763313609,0.01775147928994083,0.0,0.011834319526627219,0.0,0.0,0.029585798816568046,0.0,0.011834319526627219,0.0
0.5,0.11224489795918367,0.01020408163265306,0.030612244897959183,0.09183673469387756,0.0,0.01020408163265306,0.0,0.0,0.01020408163265306,0.0,0.01020408163265306,0.0,0.0,0.0,0.0,0.0,0.0,0.0,0.0,0.0,0.0,0.01020408163265306,0.01020408163265306,0.0,0.0,0.01020408163265306,0.0,0.0,0.0,0.0,0.0,0.0,0.01020408163265306,0.030612244897959183,0.0,0.0,0.02040816326530612,0.1326530612244898
0.23529411764705882,0.19607843137254902,0.0196078431372549,0.06862745098039216,0.0392156862745098,0.0392156862745098,0.00980392156862745,0.0,0.0196078431372549,0.0196078431372549,0.0,0.0,0.0196078431372549,0.0196078431372549,0.0196078431372549,0.0,0.0,0.00980392156862745,0.0196078431372549,0.029411764705882353,0.029411764705882353,0.0,0.0,0.0,0.00980392156862745,0.0196078431372549,0.0,0.00980392156862745,0.0196078431372549,0.0,0.029411764705882353,0.029411764705882353,0.0,0.029411764705882353,0.00980392156862745,0.0,0.00980392156862745,0.0392156862745098,0.0
0.3763440860215054,0.16129032258064516,0.15053763440860216,0.010752688172043012,0.021505376344086023,0.021505376344086023,0.021505376344086023,0.010752688172043012,0.010752688172043012,0.021505376344086023,0.010752688172043012,0.0,0.0,0.0,0.0,0.0,0.0,0.0,0.0,0.0,0.0,0.0,0.0,0.0,0.0,0.0,0.0,0.0,0.0,0.021505376344086023,0.021505376344086023,0.0,0.0,0.021505376344086023,0.0,0.0,0.021505376344086023,0.010752688172043012,0.08602150537634409
0.35537190082644626,0.06611570247933884,0.05785123966942149,0.0,0.03305785123966942,0.03305785123966942,0.09917355371900827,0.0,0.024793388429752067,0.01652892561983471,0.0,0.008264462809917356,0.008264462809917356,0.0,0.01652892561983471,0.0,0.01652892561983471,0.03305785123966942,0.024793388429752067,0.01652892561983471,0.01652892561983471,0.024793388429752067,0.008264462809917356,0.0,0.0,0.0,0.0,0.0,0.0,0.008264462809917356,0.024793388429752067,0.01652892561983471,0.024793388429752067,0.0,0.0,0.0,0.0,0.0,0.06611570247933884
0.24761904761904763,0.23809523809523808,0.12380952380952381,0.047619047619047616,0.0380952380952381,0.009523809523809525,0.01904761904761905,0.009523809523809525,0.009523809523809525,0.02857142857142857,0.0,0.009523809523809525,0.009523809523809525,0.0,0.0,0.0,0.0,0.0,0.0,0.0,0.0,0.0,0.0,0.0,0.0,0.0,0.0,0.0,0.0,0.0,0.0,0.0,0.0,0.0,0.06666666666666667,0.0380952380952381,0.0,0.0761904761904762,0.02857142857142857
0.20863309352517986,0.07194244604316546,0.04316546762589928,0.03597122302158273,0.15827338129496402,0.03597122302158273,0.050359712230215826,0.0,0.02877697841726619,0.02877697841726619,0.02158273381294964,0.02877697841726619,0.007194244604316547,0.02158273381294964,0.0,0.050359712230215826,0.03597122302158273,0.0,0.014388489208633094,0.0,0.007194244604316547,0.007194244604316547,0.014388489208633094,0.02158273381294964,0.0,0.007194244604316547,0.0,0.03597122302158273,0.014388489208633094,0.0,0.0,0.014388489208633094,0.0,0.0,0.02158273381294964,0.0,0.0,0.014388489208633094,0.0
0.25757575757575757,0.22727272727272727,0.030303030303030304,0.045454545454545456,0.015151515151515152,0.015151515151515152,0.030303030303030304,0.03787878787878788,0.030303030303030304,0.045454545454545456,0.015151515151515152,0.0,0.0,0.022727272727272728,0.0,0.007575757575757576,0.0,0.0,0.0,0.015151515151515152,0.007575757575757576,0.007575757575757576,0.0,0.0,0.0,0.007575757575757576,0.0,0.015151515151515152,0.030303030303030304,0.007575757575757576,0.03787878787878788,0.0,0.007575757575757576,0.0,0.0,0.0,0.015151515151515152,0.06818181818181818,0.0
0.2644628099173554,0.19008264462809918,0.11570247933884298,0.03305785123966942,0.01652892561983471,0.01652892561983471,0.008264462809917356,0.008264462809917356,0.024793388429752067,0.03305785123966942,0.0,0.008264462809917356,0.049586776859504134,0.09917355371900827,0.0,0.0,0.008264462809917356,0.008264462809917356,0.0,0.0,0.0,0.008264462809917356,0.0,0.0,0.0,0.01652892561983471,0.024793388429752067,0.008264462809917356,0.0,0.0,0.008264462809917356,0.0,0.0,0.01652892561983471,0.008264462809917356,0.0,0.0,0.0,0.024793388429752067
0.42857142857142855,0.11904761904761904,0.09523809523809523,0.07936507936507936,0.03968253968253968,0.007936507936507936,0.023809523809523808,0.015873015873015872,0.023809523809523808,0.007936507936507936,0.0,0.023809523809523808,0.0,0.015873015873015872,0.0,0.0,0.0,0.0,0.0,0.0,0.0,0.0,0.015873015873015872,0.007936507936507936,0.0,0.007936507936507936,0.0,0.007936507936507936,0.0,0.007936507936507936,0.015873015873015872,0.0,0.007936507936507936,0.0,0.007936507936507936,0.007936507936507936,0.0,0.023809523809523808,0.007936507936507936
0.3394495412844037,0.12844036697247707,0.09174311926605505,0.03669724770642202,0.027522935779816515,0.045871559633027525,0.09174311926605505,0.009174311926605505,0.0,0.0,0.0,0.0,0.0,0.009174311926605505,0.009174311926605505,0.009174311926605505,0.0,0.0,0.0,0.0,0.0,0.0,0.0,0.0,0.0,0.009174311926605505,0.0,0.0,0.009174311926605505,0.009174311926605505,0.0,0.0,0.027522935779816515,0.01834862385321101,0.01834862385321101,0.01834862385321101,0.05504587155963303,0.027522935779816515,0.009174311926605505
0.391304347826087,0.05434782608695652,0.07608695652173914,0.07608695652173914,0.010869565217391304,0.14130434782608695,0.010869565217391304,0.06521739130434782,0.0,0.0,0.0,0.0,0.0,0.0,0.010869565217391304,0.0,0.0,0.0,0.0,0.0,0.0,0.0,0.0,0.0,0.0,0.0,0.0,0.0,0.0,0.0,0.0,0.021739130434782608,0.021739130434782608,0.043478260869565216,0.0,0.05434782608695652,0.021739130434782608,0.0,0.0
0.3076923076923077,0.26373626373626374,0.04395604395604396,0.04395604395604396,0.02197802197802198,0.02197802197802198,0.0,0.01098901098901099,0.0,0.0,0.01098901098901099,0.0,0.0,0.0,0.0,0.01098901098901099,0.0,0.01098901098901099,0.0,0.0,0.0,0.0,0.0,0.0,0.0,0.0,0.0,0.0,0.0,0.0,0.0,0.0,0.0,0.01098901098901099,0.02197802197802198,0.01098901098901099,0.02197802197802198,0.15384615384615385,0.03296703296703297
0.36923076923076925,0.16153846153846155,0.07692307692307693,0.06923076923076923,0.05384615384615385,0.007692307692307693,0.007692307692307693,0.007692307692307693,0.0,0.007692307692307693,0.0,0.0,0.0,0.015384615384615385,0.0,0.007692307692307693,0.0,0.023076923076923078,0.007692307692307693,0.0,0.007692307692307693,0.0,0.0,0.007692307692307693,0.0,0.007692307692307693,0.0,0.0,0.0,0.0,0.0,0.0,0.0,0.007692307692307693,0.007692307692307693,0.0,0.06153846153846154,0.03076923076923077,0.05384615384615385
0.3563218390804598,0.1724137931034483,0.034482758620689655,0.034482758620689655,0.022988505747126436,0.09195402298850575,0.011494252873563218,0.0,0.011494252873563218,0.0,0.011494252873563218,0.0,0.0,0.0,0.0,0.0,0.0,0.011494252873563218,0.011494252873563218,0.0,0.0,0.022988505747126436,0.0,0.04597701149425287,0.0,0.0,0.0,0.0,0.011494252873563218,0.022988505747126436,0.0,0.0,0.034482758620689655,0.011494252873563218,0.0,0.022988505747126436,0.0,0.0,0.05747126436781609
0.24031007751937986,0.10852713178294573,0.06201550387596899,0.03875968992248062,0.06976744186046512,0.06976744186046512,0.06201550387596899,0.031007751937984496,0.023255813953488372,0.06201550387596899,0.015503875968992248,0.0,0.0,0.015503875968992248,0.007751937984496124,0.007751937984496124,0.0,0.007751937984496124,0.0,0.007751937984496124,0.0,0.0,0.0,0.023255813953488372,0.0,0.007751937984496124,0.0,0.0,0.023255813953488372,0.015503875968992248,0.015503875968992248,0.007751937984496124,0.007751937984496124,0.023255813953488372,0.007751937984496124,0.007751937984496124,0.031007751937984496,0.0,0.0
0.24545454545454545,0.12727272727272726,0.10909090909090909,0.00909090909090909,0.01818181818181818,0.06363636363636363,0.01818181818181818,0.0,0.03636363636363636,0.00909090909090909,0.0,0.02727272727272727,0.00909090909090909,0.01818181818181818,0.05454545454545454,0.03636363636363636,0.01818181818181818,0.0,0.0,0.0,0.0,0.00909090909090909,0.00909090909090909,0.01818181818181818,0.045454545454545456,0.02727272727272727,0.0,0.0,0.0,0.0,0.00909090909090909,0.0,0.05454545454545454,0.0,0.0,0.0,0.0,0.02727272727272727,0.0
0.3220338983050847,0.0847457627118644,0.11864406779661017,0.0847457627118644,0.01694915254237288,0.01694915254237288,0.0,0.03389830508474576,0.0,0.0,0.0,0.0,0.0,0.0,0.0,0.0,0.0,0.01694915254237288,0.0847457627118644,0.0,0.0,0.03389830508474576,0.0,0.0,0.0,0.0,0.0,0.0,0.0,0.0,0.0,0.0,0.0,0.0,0.01694915254237288,0.03389830508474576,0.0,0.01694915254237288,0.11864406779661017
0.25,0.14423076923076922,0.1346153846153846,0.028846153846153848,0.038461538461538464,0.07692307692307693,0.057692307692307696,0.0,0.028846153846153848,0.057692307692307696,0.0,0.009615384615384616,0.009615384615384616,0.0,0.0,0.009615384615384616,0.0,0.0,0.0,0.009615384615384616,0.009615384615384616,0.009615384615384616,0.0,0.009615384615384616,0.0,0.0,0.0,0.019230769230769232,0.009615384615384616,0.009615384615384616,0.0,0.0,0.019230769230769232,0.009615384615384616,0.0,0.0,0.028846153846153848,0.0,0.019230769230769232
0.26666666666666666,0.17037037037037037,0.06666666666666667,0.07407407407407407,0.044444444444444446,0.037037037037037035,0.014814814814814815,0.0,0.014814814814814815,0.007407407407407408,0.044444444444444446,0.007407407407407408,0.007407407407407408,0.0,0.02962962962962963,0.0,0.007407407407407408,0.007407407407407408,0.007407407407407408,0.007407407407407408,0.022222222222222223,0.007407407407407408,0.007407407407407408,0.0,0.02962962962962963,0.0,0.022222222222222223,0.0,0.022222222222222223,0.0,0.014814814814814815,0.0,0.0,0.022222222222222223,0.0,0.007407407407407408,0.007407407407407408,0.022222222222222223,0.0
0.29347826086956524,0.18478260869565216,0.06521739130434782,0.021739130434782608,0.021739130434782608,0.11956521739130435,0.03260869565217391,0.0,0.021739130434782608,0.0,0.010869565217391304,0.03260869565217391,0.043478260869565216,0.0,0.010869565217391304,0.0,0.0,0.0,0.010869565217391304,0.0,0.010869565217391304,0.0,0.0,0.0,0.0,0.0,0.021739130434782608,0.021739130434782608,0.010869565217391304,0.010869565217391304,0.0,0.0,0.0,0.05434782608695652,0.0,0.0,0.0,0.0,0.0
0.17796610169491525,0.15254237288135594,0.09322033898305085,0.03389830508474576,0.05084745762711865,0.03389830508474576,0.025423728813559324,0.00847457627118644,0.03389830508474576,0.00847457627118644,0.03389830508474576,0.06779661016949153,0.03389830508474576,0.01694915254237288,0.0,0.00847457627118644,0.09322033898305085,0.00847457627118644,0.00847457627118644,0.01694915254237288,0.025423728813559324,0.00847457627118644,0.025423728813559324,0.0,0.0,0.00847457627118644,0.00847457627118644,0.0,0.00847457627118644,0.0,0.0,0.0,0.00847457627118644,0.0,0.0,0.0,0.0,0.0,0.0
0.4,0.26666666666666666,0.058333333333333334,0.03333333333333333,0.058333333333333334,0.0,0.016666666666666666,0.0,0.0,0.008333333333333333,0.0,0.0,0.0,0.0,0.0,0.0,0.0,0.0,0.0,0.0,0.0,0.0,0.0,0.0,0.0,0.0,0.0,0.0,0.0,0.008333333333333333,0.0,0.0,0.0,0.0,0.025,0.008333333333333333,0.008333333333333333,0.041666666666666664,0.06666666666666667
0.44036697247706424,0.1926605504587156,0.009174311926605505,0.0,0.009174311926605505,0.01834862385321101,0.027522935779816515,0.10091743119266056,0.05504587155963303,0.009174311926605505,0.0,0.0,0.009174311926605505,0.0,0.0,0.0,0.0,0.0,0.0,0.0,0.0,0.0,0.0,0.009174311926605505,0.0,0.0,0.0,0.0,0.009174311926605505,0.009174311926605505,0.027522935779816515,0.009174311926605505,0.01834862385321101,0.009174311926605505,0.0,0.009174311926605505,0.01834862385321101,0.0,0.009174311926605505
0.3153153153153153,0.0990990990990991,0.05405405405405406,0.05405405405405406,0.04504504504504504,0.07207207207207207,0.02702702702702703,0.04504504504504504,0.02702702702702703,0.009009009009009009,0.009009009009009009,0.0,0.018018018018018018,0.0,0.0,0.0,0.0,0.0,0.0,0.0,0.009009009009009009,0.0,0.0,0.0,0.0,0.0,0.036036036036036036,0.0,0.0,0.0,0.036036036036036036,0.06306306306306306,0.02702702702702703,0.02702702702702703,0.0,0.0,0.0,0.0,0.02702702702702703
0.3392857142857143,0.23214285714285715,0.08928571428571429,0.026785714285714284,0.008928571428571428,0.008928571428571428,0.03571428571428571,0.026785714285714284,0.0,0.008928571428571428,0.0,0.0,0.008928571428571428,0.0,0.008928571428571428,0.026785714285714284,0.0,0.008928571428571428,0.008928571428571428,0.026785714285714284,0.008928571428571428,0.017857142857142856,0.0,0.008928571428571428,0.03571428571428571,0.0,0.0,0.0,0.0,0.0,0.0,0.0,0.0,0.0,0.0,0.026785714285714284,0.017857142857142856,0.017857142857142856,0.0
0.21768707482993196,0.14965986394557823,0.11564625850340136,0.034013605442176874,0.1292517006802721,0.027210884353741496,0.013605442176870748,0.02040816326530612,0.006802721088435374,0.0,0.0,0.006802721088435374,0.0,0.013605442176870748,0.034013605442176874,0.0,0.006802721088435374,0.006802721088435374,0.006802721088435374,0.013605442176870748,0.034013605442176874,0.0,0.006802721088435374,0.013605442176870748,0.006802721088435374,0.027210884353741496,0.0,0.0,0.013605442176870748,0.0,0.006802721088435374,0.006802721088435374,0.006802721088435374,0.006802721088435374,0.047619047619047616,0.0,0.02040816326530612,0.0,0.0
0.30952380952380953,0.15476190476190477,0.11904761904761904,0.047619047619047616,0.011904761904761904,0.011904761904761904,0.10714285714285714,0.0,0.011904761904761904,0.03571428571428571,0.0,0.0,0.0,0.0,0.0,0.0,0.011904761904761904,0.0,0.0,0.011904761904761904,0.0,0.0,0.0,0.0,0.0,0.0,0.0,0.0,0.0,0.011904761904761904,0.0,0.011904761904761904,0.05952380952380952,0.0,0.0,0.0,0.047619047619047616,0.03571428571428571,0.0
0.2909090909090909,0.17272727272727273,0.02727272727272727,0.02727272727272727,0.02727272727272727,0.03636363636363636,0.0,0.00909090909090909,0.00909090909090909,0.0,0.0,0.02727272727272727,0.0,0.0,0.0,0.0,0.0,0.03636363636363636,0.06363636363636363,0.01818181818181818,0.02727272727272727,0.045454545454545456,0.0,0.0,0.0,0.0,0.0,0.0,0.0,0.0,0.0,0.0,0.0,0.0,0.01818181818181818,0.00909090909090909,0.0,0.07272727272727272,0.08181818181818182
0.21311475409836064,0.1557377049180328,0.09016393442622951,0.07377049180327869,0.10655737704918032,0.02459016393442623,0.05737704918032787,0.01639344262295082,0.00819672131147541,0.01639344262295082,0.0,0.00819672131147541,0.0,0.0,0.03278688524590164,0.02459016393442623,0.0,0.0,0.0,0.0,0.0,0.0,0.0,0.0,0.01639344262295082,0.0,0.0,0.0,0.0,0.00819672131147541,0.00819672131147541,0.00819672131147541,0.00819672131147541,0.02459016393442623,0.03278688524590164,0.02459016393442623,0.01639344262295082,0.02459016393442623,0.0
0.22807017543859648,0.10526315789473684,0.1286549707602339,0.07017543859649122,0.04678362573099415,0.011695906432748537,0.08187134502923976,0.011695906432748537,0.0,0.0,0.017543859649122806,0.005847953216374269,0.005847953216374269,0.0,0.0,0.005847953216374269,0.017543859649122806,0.0,0.005847953216374269,0.0,0.0,0.011695906432748537,0.029239766081871343,0.017543859649122806,0.0,0.0,0.0,0.0,0.005847953216374269,0.0,0.0,0.0,0.029239766081871343,0.017543859649122806,0.07017543859649122,0.005847953216374269,0.023391812865497075,0.03508771929824561,0.011695906432748537
0.3611111111111111,0.0763888888888889,0.0625,0.027777777777777776,0.0625,0.013888888888888888,0.013888888888888888,0.013888888888888888,0.006944444444444444,0.006944444444444444,0.006944444444444444,0.020833333333333332,0.0,0.013888888888888888,0.006944444444444444,0.027777777777777776,0.027777777777777776,0.013888888888888888,0.027777777777777776,0.04861111111111111,0.04861111111111111,0.027777777777777776,0.006944444444444444,0.006944444444444444,0.006944444444444444,0.0,0.006944444444444444,0.013888888888888888,0.006944444444444444,0.0,0.0,0.0,0.0,0.0,0.0,0.0,0.0,0.0,0.034722222222222224
0.36363636363636365,0.08391608391608392,0.08391608391608392,0.006993006993006993,0.02097902097902098,0.0,0.02097902097902098,0.006993006993006993,0.055944055944055944,0.013986013986013986,0.02097902097902098,0.02097902097902098,0.03496503496503497,0.013986013986013986,0.0,0.013986013986013986,0.006993006993006993,0.013986013986013986,0.013986013986013986,0.006993006993006993,0.0,0.013986013986013986,0.006993006993006993,0.006993006993006993,0.0,0.04895104895104895,0.013986013986013986,0.0,0.027972027972027972,0.006993006993006993,0.03496503496503497,0.0,0.006993006993006993,0.0,0.006993006993006993,0.0,0.0,0.0,0.02097902097902098
0.38235294117647056,0.10784313725490197,0.06862745098039216,0.0784313725490196,0.0196078431372549,0.0196078431372549,0.029411764705882353,0.00980392156862745,0.029411764705882353,0.00980392156862745,0.029411764705882353,0.0,0.0,0.029411764705882353,0.0392156862745098,0.0,0.0196078431372549,0.00980392156862745,0.029411764705882353,0.0,0.0,0.0,0.0,0.00980392156862745,0.00980392156862745,0.0,0.0,0.0,0.00980392156862745,0.00980392156862745,0.029411764705882353,0.0,0.0,0.0,0.0,0.0,0.0196078431372549,0.0,0.0
