h0p5_EGR,4175
h0p5_EGR,6231
h0p5_EGR,9649
h0p5_EGR,4111
h0p5_EGR,6346
h0p5_EGR,4967
h0p5_EGR,3412
h0p5_EGR,5154
h0p5_EGR,6772
h0p5_EGR,5926
h0p5_EGR,5782
h0p5_EGR,7155
h0p5_EGR,5955
h0p5_EGR,9729
h0p5_EGR,6285
h0p5_EGR,4943
h0p5_EGR,9442
h0p5_EGR,7699
h0p5_EGR,7687
h0p5_EGR,5458
h0p5_EGR,3399
h0p5_EGR,9693
h0p5_EGR,5160
h0p5_EGR,8648
h0p5_EGR,5190
h0p5_EGR,5536
h0p5_EGR,4976
h0p5_EGR,9080
h0p5_EGR,8915
h0p5_EGR,4536
h0p5_EGR,4682
h0p5_EGR,4558
h0p5_EGR,6689
h0p5_EGR,3843
h0p5_EGR,5976
h0p5_EGR,5639
h0p5_EGR,4875
h0p5_EGR,4781
h0p5_EGR,7475
h0p5_EGR,4411
h0p5_EGR,5479
h0p5_EGR,5633
h0p5_EGR,4909
h0p5_EGR,5344
h0p5_EGR,4127
h0p5_EGR,9413
h0p5_EGR,8656
h0p5_EGR,5411
h0p5_EGR,9633
h0p5_EGR,6342
h0p5_EGR,5678
h0p5_EGR,9271
h0p5_EGR,5157
h0p5_EGR,4014
h0p5_EGR,4722
h0p5_EGR,4226
h0p5_EGR,9071
h0p5_EGR,5244
h0p5_EGR,5947
h0p5_EGR,3426
h0p5_EGR,6734
h0p5_EGR,4377
h0p5_EGR,3278
h0p5_EGR,4027
h0p5_EGR,4330
h0p5_EGR,6410
h0p5_EGR,9204
h0p5_EGR,4573
h0p5_EGR,4520
h0p5_EGR,5116
h0p5_EGR,5514
h0p5_EGR,8851
h0p5_EGR,4218
h0p5_EGR,9056
h0p5_EGR,8335
h0p5_EGR,3362
h0p5_EGR,5146
h0p5_EGR,7713
h0p5_EGR,9942
h0p5_EGR,5281
h0p5_EGR,4409
h0p5_EGR,4827
h0p5_EGR,9788
h0p5_EGR,4094
h0p5_EGR,4883
h0p5_EGR,3405
h0p5_EGR,4348
h0p5_EGR,4332
h0p5_EGR,4277
h0p5_EGR,4362
h0p5_EGR,4597
h0p5_EGR,6098
h0p5_EGR,6198
h0p5_EGR,7452
h0p5_EGR,3463
h0p5_EGR,4292
h0p5_EGR,6411
h0p5_EGR,5543
h0p5_EGR,8934
h0p5_EGR,5120
h0p5_EGR,4500
h0p5_EGR,7700
h0p5_EGR,5338
h0p5_EGR,6619
h0p5_EGR,9500
h0p5_EGR,8231
h0p5_EGR,5742
h0p5_EGR,7835
h0p5_EGR,7994
h0p5_EGR,8478
h0p5_EGR,9734
h0p5_EGR,5696
h0p5_EGR,8592
h0p5_EGR,4092
h0p5_EGR,9688
h0p5_EGR,5456
h0p5_EGR,5621
h0p5_EGR,6830
h0p5_EGR,6466
h0p5_EGR,5118
h0p5_EGR,6265
h0p5_EGR,5320
h0p5_EGR,4854
h0p5_EGR,6877
h0p5_EGR,3857
h0p5_EGR,8644
h0p5_EGR,8868
h0p5_EGR,6708
h0p5_EGR,7590
h0p5_EGR,7160
h0p5_EGR,4846
h0p5_EGR,8861
h0p5_EGR,9847
h0p5_EGR,5553
h0p5_EGR,7039
h0p5_EGR,7385
h0p5_EGR,6554
h0p5_EGR,6534
h0p5_EGR,9912
h0p5_EGR,6592
h0p5_EGR,8211
h0p5_EGR,6595
h0p5_EGR,6741
h0p5_EGR,4973
h0p5_EGR,9257
h0p5_EGR,6203
h0p5_EGR,9351
h0p5_EGR,8886
h0p5_EGR,4847
h0p5_EGR,6600
h0p5_EGR,5779
h0p5_EGR,6366
h0p5_EGR,8869
h0p5_EGR,7068
h0p5_EGR,4948
h0p5_EGR,6508
h0p5_EGR,7225
h0p5_EGR,7412
h0p5_EGR,4476
h0p5_EGR,7210
h0p5_EGR,4096
h0p5_EGR,4091
h0p5_EGR,5959
h0p5_EGR,3270
h0p5_EGR,7948
h0p5_EGR,5483
h0p5_EGR,9563
h0p5_EGR,6266
h0p5_EGR,7723
h0p5_EGR,5154
h0p5_EGR,4433
h0p5_EGR,5410
h0p5_EGR,7559
h0p5_EGR,6887
h0p5_EGR,5134
h0p5_EGR,6574
h0p5_EGR,2538
h0p5_EGR,4737
h0p5_EGR,7159
h0p5_EGR,5572
h0p5_EGR,4430
h0p5_EGR,8928
h0p5_EGR,3947
h0p5_EGR,7123
h0p5_EGR,6640
h0p5_EGR,5154
h0p5_EGR,8159
h0p5_EGR,8759
h0p5_EGR,7684
h0p5_EGR,3600
h0p5_EGR,8385
h0p5_EGR,5952
h0p5_EGR,5313
h0p5_EGR,7384
h0p5_EGR,4043
h0p5_EGR,7513
h0p5_EGR,4286
h0p5_EGR,6157
h0p5_EGR,3775
h0p5_EGR,5006
h0p5_100GR,6350
h0p5_100GR,6712
h0p5_100GR,7485
h0p5_100GR,8795
h0p5_100GR,3368
h0p5_100GR,2226
h0p5_100GR,8648
h0p5_100GR,6575
h0p5_100GR,5916
h0p5_100GR,7213
h0p5_100GR,6789
h0p5_100GR,5669
h0p5_100GR,7583
h0p5_100GR,4519
h0p5_100GR,7138
h0p5_100GR,5638
h0p5_100GR,7389
h0p5_100GR,4560
h0p5_100GR,8305
h0p5_100GR,9841
h0p5_100GR,4988
h0p5_100GR,3207
h0p5_100GR,5218
h0p5_100GR,5552
h0p5_100GR,9493
h0p5_100GR,4475
h0p5_100GR,5751
h0p5_100GR,7599
h0p5_100GR,6581
h0p5_100GR,6331
h0p5_100GR,4918
h0p5_100GR,8175
h0p5_100GR,5110
h0p5_100GR,8892
h0p5_100GR,8362
h0p5_100GR,7799
h0p5_100GR,6002
h0p5_100GR,6439
h0p5_100GR,4197
h0p5_100GR,4786
h0p5_100GR,7338
h0p5_100GR,6711
h0p5_100GR,3830
h0p5_100GR,8511
h0p5_100GR,5328
h0p5_100GR,9703
h0p5_100GR,5822
h0p5_100GR,7137
h0p5_100GR,4312
h0p5_100GR,9680
h0p5_100GR,6079
h0p5_100GR,9880
h0p5_100GR,2613
h0p5_100GR,5909
h0p5_100GR,6935
h0p5_100GR,9248
h0p5_100GR,4409
h0p5_100GR,8321
h0p5_100GR,7508
h0p5_100GR,7027
h0p5_100GR,7955
h0p5_100GR,6148
h0p5_100GR,9279
h0p5_100GR,6414
h0p5_100GR,5141
h0p5_100GR,6809
h0p5_100GR,4170
h0p5_100GR,3360
h0p5_100GR,7122
h0p5_100GR,7956
h0p5_100GR,6328
h0p5_100GR,9011
h0p5_100GR,6859
h0p5_100GR,5454
h0p5_100GR,5583
h0p5_100GR,2217
h0p5_100GR,7718
h0p5_100GR,6913
h0p5_100GR,4001
h0p5_100GR,9754
h0p5_100GR,8845
h0p5_100GR,4837
h0p5_100GR,7258
h0p5_100GR,6795
h0p5_100GR,7047
h0p5_100GR,4534
h0p5_100GR,4914
h0p5_100GR,9827
h0p5_100GR,5425
h0p5_100GR,5091
h0p5_100GR,5321
h0p5_100GR,7781
h0p5_100GR,6592
h0p5_100GR,4492
h0p5_100GR,4742
h0p5_100GR,7482
h0p5_100GR,7324
h0p5_100GR,5658
h0p5_100GR,4537
h0p5_100GR,3993
h0p5_100GR,4926
h0p5_100GR,4447
h0p5_100GR,5692
h0p5_100GR,3288
h0p5_100GR,5589
h0p5_100GR,9932
h0p5_100GR,6528
h0p5_100GR,4743
h0p5_100GR,2213
h0p5_100GR,8440
h0p5_100GR,5670
h0p5_100GR,4115
h0p5_100GR,7913
h0p5_100GR,4987
h0p5_100GR,7913
h0p5_100GR,7841
h0p5_100GR,8756
h0p5_100GR,8247
h0p5_100GR,3821
h0p5_100GR,6230
h0p5_100GR,9550
h0p5_100GR,4372
h0p5_100GR,4164
h0p5_100GR,2522
h0p5_100GR,5672
h0p5_100GR,5277
h0p5_100GR,9419
h0p5_100GR,4110
h0p5_100GR,3518
h0p5_100GR,7099
h0p5_100GR,6177
h0p5_100GR,4747
h0p5_100GR,6470
h0p5_100GR,4514
h0p5_100GR,5889
h0p5_100GR,5193
h0p5_100GR,3967
h0p5_100GR,3576
h0p5_100GR,8675
h0p5_100GR,3434
h0p5_100GR,6973
h0p5_100GR,8313
h0p5_100GR,4451
h0p5_100GR,8248
h0p5_100GR,5893
h0p5_100GR,5712
h0p5_100GR,8033
h0p5_100GR,8707
h0p5_100GR,7582
h0p5_100GR,5494
h0p5_100GR,6396
h0p5_100GR,5582
h0p5_100GR,4143
h0p5_100GR,3649
h0p5_100GR,7540
h0p5_100GR,7828
h0p5_100GR,9344
h0p5_100GR,7335
h0p5_100GR,4518
h0p5_100GR,4239
h0p5_100GR,7771
h0p5_100GR,8004
h0p5_100GR,8577
h0p5_100GR,9053
h0p5_100GR,5154
h0p5_100GR,8340
h0p5_100GR,5048
h0p5_100GR,6064
h0p5_100GR,6497
h0p5_100GR,4541
h0p5_100GR,6303
h0p5_100GR,5381
h0p5_100GR,5220
h0p5_100GR,7474
h0p5_100GR,9774
h0p5_100GR,3847
h0p5_100GR,7619
h0p5_100GR,5503
h0p5_100GR,6593
h0p5_100GR,8930
h0p5_100GR,7428
h0p5_100GR,3299
h0p5_100GR,2433
h0p5_100GR,8386
h0p5_100GR,8726
h0p5_100GR,9512
h0p5_100GR,5989
h0p5_100GR,7719
h0p5_100GR,6607
h0p5_100GR,3497
h0p5_100GR,7749
h0p5_100GR,6028
h0p5_100GR,7610
h0p5_100GR,3166
h0p5_100GR,3485
h0p5_100GR,7353
h0p5_100GR,8992
h0p5_100GR,9818
h0p5_100GR,4078
h0p5_100GR,5860
