1.2996937063416705,0.31507726214343523,2.1267715194681878,1.7329249417888937,0.393846577679294,0.47261589321515285,2.2055408350040464,0.9452317864303056,0.3544619199113646,1.9692328883964698,1.7329249417888937,0.47261589321515285,0.5120005509830822,1.1027704175020232,0.0,0.0,0.0,0.7089238398227292,2.9932339903626346,0.0,3.3083112525060696,0.0,0.0,0.0,0.0,0.0,0.0,0.0,0.0,0.0,0.0,1.260309048573741,1.29969370634167,0.0,0.0,0.0,2.9144646748267755,0.0,0.0
0.8001714627702092,2.105714375711077,0.0,0.3369143001137723,2.3162858132821844,0.5053714501706585,0.0,0.3369143001137723,0.0,1.6845715005688615,1.8530286506257478,0.5053714501706585,1.0949714753697601,0.5896000251991016,1.8951429381399691,0.0,0.7159428877417662,5.306400226791915,0.0,0.8422857502844308,0.0,5.559085951877243,0.0,0.0,7.370000314988769,0.0,2.2741715257679633,1.1792000503982032,0.0,0.0,0.0,1.3476572004550893,0.0,0.0,0.0,0.0,0.0,0.0,0.0
1.3814926109366006,1.236072336101169,0.9815868551391638,0.8725216490125898,1.635978091898606,2.399434534784622,0.0,0.0,2.2903693286580484,0.0,0.3999057557974371,0.436260824506295,0.0,0.0,0.0,0.0,0.0,0.0,0.0,0.0,0.0,0.0,0.0,0.0,0.0,0.0,1.9631737102783273,3.0538257715440644,0.0,2.1813041225314747,2.254014259949191,0.0,0.0,2.472144672202338,2.544854809620054,0.0,2.6902750844554855,4.144477832809802,0.0
1.0301549547424034,1.0633857597340939,0.39876965990028523,0.26584643993352347,0.6646160998338086,0.39876965990028523,2.7913876193019966,0.0,1.7944634695512836,0.996924149750713,1.0966165647257844,1.1963089797008557,0.8640009297839513,0.4652312698836661,0.4984620748753565,1.0633857597340939,0.5649236848587373,1.7944634695512836,1.8941558845263549,1.993848299501426,0.0,1.4621554196343791,0.0,0.0,1.6615402495845215,0.0,0.0,1.8609250795346644,4.818466723795113,0.996924149750713,0.0,1.0633857597340939,7.67631595308049,0.0,0.0,0.0,0.0,0.0,7.776008368055562
1.5043018064531084,0.8299596173534391,1.4005568542839286,2.282388947721958,0.778087141268849,0.0,0.36310733259212963,0.4149798086767196,0.933704569522619,0.0,0.0,0.6224697130150795,1.3486843781993387,1.4524293303685185,0.0,0.0,0.0,0.0,0.0,0.0,0.0,0.0,0.0,0.0,0.0,0.0,0.0,0.0,0.0,0.0,0.0,0.0,0.0,0.0,7.262146651842593,7.469636556180952,9.596408075649139,0.0,0.0
2.3201143848743864,1.4362612858746204,0.6628898242498249,1.1048163737497079,1.9334286540619887,0.33144491212491245,0.0,0.0,0.0,0.0,0.0,0.0,0.0,0.0,0.0,0.0,0.0,0.0,0.0,0.0,0.0,0.0,0.0,0.0,0.0,0.0,0.0,0.0,0.0,0.0,0.0,1.7677061979995328,1.822947016687018,1.8781878353745036,0.0,0.0,0.0,0.0,4.308783857623862
1.6836941195789819,0.8861547997784116,0.9304625397673323,0.1772309599556823,0.0,1.0633857597340939,0.9304625397673322,2.4812334393795528,0.0,1.772309599556823,0.9747702797562527,0.5316928798670469,1.152001239711935,1.8609250795346644,0.6646160998338086,0.7089238398227292,0.0,0.0,0.0,0.0,0.0,0.0,0.0,0.0,1.1076934997230143,0.0,0.0,0.0,2.5698489193573932,0.0,0.0,1.4178476796454584,0.0,0.0,1.5507708996122203,0.0,6.557545518360245,5.051082358736946,0.0
1.208392908788743,0.4833571635154972,1.0150500433825442,1.7400857886557901,0.0,0.5800285962185967,1.6917500723042402,0.0,0.0,1.9334286540619887,0.0,0.0,0.6283643125701464,0.0,0.0,0.0,0.0,5.2202573659673694,0.9183786106794448,0.0,3.0451501301476323,1.0633857597340939,0.0,1.1600571924371934,0.0,0.0,5.22025736596737,1.3534000578433922,0.0,5.800285962185967,0.0,0.0,3.1901572792022814,0.0,0.0,5.2202573659673694,3.5768430100146795,3.6735144427177793,0.0
0.6169260896167262,0.7143354721877883,1.2663219734238067,0.9091542373299123,1.4611407385659305,0.3896375302842482,3.8639055086521275,1.8183084746598246,0.5844562954263722,0.9740938257106203,0.0,0.7792750605684964,0.8442146489492043,0.45457711866495615,0.0,0.0,0.5519865012360181,0.0,1.2338521792334525,0.0,0.0,0.0,1.4936105327562845,0.0,0.8117448547588502,0.8442146489492043,2.6300533294186748,1.8183084746598246,0.9416240315202663,0.0,0.0,7.273233898639298,10.715032082816823,4.415892009888145,2.272885593324781,0.0,0.0,0.0,0.0
1.1948154603753864,1.05143760513034,0.5735114209801855,1.7205342629405564,0.955852368300309,0.28675571049009274,0.0,0.0,0.8602671314702782,0.4779261841501545,0.0,0.0,0.621304039395201,2.6763866312408657,1.4337785524504636,0.0,0.0,5.16160278882167,0.0,0.0,1.0036449867153245,2.10287521026068,0.0,0.0,4.779261841501545,7.455648472742411,0.0,0.0,0.0,0.0,0.0,0.0,0.0,0.0,6.690966578102164,1.7205342629405564,1.7683268813555717,0.0,0.0
1.1706999189733145,1.1706999189733145,0.46827996758932583,0.624373290119101,1.1706999189733143,3.043819789330618,0.0,1.5609332252977526,1.053629927075983,0.3902333063244381,0.0,1.4048399027679774,0.5073032982217696,0.5463266288542135,0.0,0.0,1.3267932415030896,0.7024199513839887,0.0,0.0,0.0,1.717026547827528,0.0,1.8731198703573033,0.0,0.0,0.0,2.185306515416854,0.0,3.5120997569199432,3.629169748817275,0.0,0.0,6.633966207515448,0.0,2.809679805535955,1.443863233400421,0.0,0.0
1.0190780197451734,1.8609250795346644,0.6646160998338088,0.7089238398227292,0.22153869994460287,1.8609250795346646,1.5507708996122205,0.7089238398227292,1.5950786396011407,1.3292321996676173,0.48738513987812637,0.0,0.0,0.6203083598448881,0.0,0.0,0.0,0.0,0.0,0.0,0.0,0.0,0.0,0.0,0.0,0.0,0.0,0.0,0.0,1.3292321996676173,2.747079879313076,0.0,1.462155419634379,7.532315798116499,0.0,0.0,1.6393863795900612,13.469552956631857,1.7280018595679025
1.2492923610862081,0.7733714616247955,1.606233035682268,1.0708220237881785,0.7436264054084573,0.35694067459605955,1.4575077546005764,0.23796044973070632,0.0,0.5949011243267658,1.6359780918986062,2.4985847221724167,0.38668573081239777,0.0,0.44617584324507437,0.9518417989228253,0.0,0.0,0.5651560681104275,0.0,0.0,0.0,0.0,1.4277626983842382,2.2308792162253717,0.0,0.8031165178411338,2.4985847221724167,2.5878198908214314,0.0,0.0,0.9518417989228253,0.9815868551391635,2.022663822711004,1.04107696757184,2.141644047576357,2.2011341600090333,4.52124854488342,2.320114384874387
1.1860841166264893,2.2085704240631183,1.4723802827087455,0.1635978091898606,1.43148083041128,0.4907934275695819,1.1451846643290242,0.3271956183797212,0.3680950706771864,1.2269835689239545,0.8997879505442333,0.4907934275695819,1.0633857597340939,0.5725923321645121,0.0,0.0,0.6952906890569076,0.7361901413543728,0.0,0.817989045949303,0.8588884982467682,0.0,2.8220622085250957,0.0,0.0,0.0,0.0,0.0,0.0,3.6809507067718634,0.0,0.0,0.0,0.0,0.0,0.0,1.5132797350062106,0.0,0.0
0.7213611001704964,1.7909654900784737,1.716341927991871,0.6964865794749621,0.6218630173883589,0.895482745039237,0.5223649346062216,1.591969324514199,1.790965490078474,0.7462356208660307,0.8208591829526338,0.5969884966928247,0.32336876904194667,1.741216448687405,0.3731178104330154,0.39799233112854976,0.0,0.4477413725196185,0.0,0.0,0.5223649346062216,0.0,0.0,0.5969884966928247,1.2437260347767178,1.94021261425168,0.0,0.0,1.4427222003409927,0.0,1.5422202831231304,0.7959846622570995,0.0,1.6914674072963363,0.0,4.477413725196184,3.6814290629390847,5.671390718581834,0.0
1.304005895148378,1.7386745268645039,0.8382895040239574,0.9935283010654308,0.15523879704147353,0.1862865564497683,0.652002947574189,0.2483820752663577,0.0,0.6209551881658941,0.34152535349124186,0.3725731128995366,0.0,0.8693372634322519,1.3971491733732622,0.0,2.6390595497050504,0.0,0.0,0.0,1.304005895148378,2.049152120947451,4.998689264735449,0.0,3.104775940829471,0.0,0.0,0.0,0.0,0.0,0.0,0.0,0.0,0.0,0.0,3.353158016095829,1.1487670981069042,3.5394445725455976,8.476038318464457
1.325379352712059,0.6781010641782627,1.2945565770675929,0.3698733077335979,0.4623416346669973,0.36987330773359794,0.21575942951126545,0.24658220515573193,0.0,0.6164555128893298,0.6781010641782628,0.36987330773359794,1.202088250134193,0.0,3.698733077335979,0.9863288206229277,2.095948743823721,1.1096199232007937,0.0,0.0,0.0,0.0,0.7089238398227293,0.0,3.082277564446649,0.0,4.161074712002976,0.0,3.5754419747581125,0.9246832693339947,0.9555060449784613,0.0,0.0,1.0479743719118606,4.315188590225309,4.438479692803175,7.983098891916821,0.0,4.808353000536773
0.9747702797562527,1.2406167196897764,1.4621554196343791,1.7723095995568232,0.44307739988920575,1.3292321996676175,1.5507708996122205,0.7089238398227292,0.7975393198005704,1.3292321996676173,0.0,1.0633857597340939,0.5760006198559675,1.2406167196897762,0.0,0.0,0.0,0.7975393198005704,0.0,0.8861547997784115,0.0,0.0,0.0,0.0,0.0,0.0,2.392617959401711,1.2406167196897762,1.2849244596786966,0.0,0.0,1.4178476796454584,5.848621678537516,4.519389478869899,0.0,1.5950786396011407,0.0,0.0,0.0
1.6434143559526906,0.9667143270309944,0.8700428943278951,1.1600571924371932,1.4500714905464915,1.1600571924371934,1.0150500433825442,0.0,2.6101286829836847,0.0,0.0,0.5800285962185967,0.0,0.0,0.0,0.0,0.0,0.0,0.0,0.0,0.0,0.0,0.0,0.0,2.416785817577486,0.0,0.0,0.0,0.0,0.0,4.4952216206941245,1.546742923249591,1.5950786396011407,0.0,8.4587503615212,0.0,0.0,0.0,0.0
1.3534000578433922,1.546742923249591,0.8700428943278951,0.7733714616247955,2.1751072358197376,0.5800285962185967,0.33835001446084806,0.38668573081239777,0.43502144716394753,0.9667143270309944,1.0633857597340939,0.0,0.0,0.0,0.0,0.7733714616247955,0.0,0.0,0.0,0.0,0.0,0.0,0.0,1.1600571924371934,0.0,2.5134572502805854,0.0,0.0,1.4017357741949419,0.0,0.0,0.0,9.570471837606844,0.0,0.0,0.0,3.5768430100146795,0.0,5.655278813131318
1.4412831784825735,1.1952104406928659,0.4218389790680704,0.7030649651134505,0.5272987238350878,0.2109194895340352,0.4921454755794154,0.2812259860453802,0.9491377029031582,4.569922273237428,0.3866857308123978,0.0,0.0,0.0,0.5272987238350879,0.5624519720907604,1.7928156610392987,1.265516937204211,0.6679117168577781,2.109194895340351,1.4764364267382462,0.0,4.04262354940234,0.8436779581361408,0.0,0.0,0.0,0.0,0.0,5.272987238350879,0.0,1.1249039441815207,1.1600571924371932,0.0,0.0,0.0,0.0,0.0,5.483906727884914
0.6860553288607057,0.8232663946328469,1.0290829932910588,2.058165986582117,1.7151383221517642,1.2348995919492705,0.0,0.0,1.2348995919492702,0.6860553288607056,0.0,0.0,1.7837438550378348,0.0,0.0,1.0976885261771292,3.498882177189599,1.2348995919492702,0.0,0.0,0.0,0.7546608617467763,0.0,0.0,0.0,2.6756157825567524,4.630873469809764,0.0,0.9947802268480233,0.0,2.1267715194681878,0.0,2.2639825852403286,6.997764354379198,9.60477460404988,2.4697991838985405,1.2692023583923056,0.0,0.0
1.2613955218914767,0.7040347098929173,0.6160303711563028,1.9947650113632658,1.6134128768379354,0.3520173549464587,1.0267172852605044,1.4080694197858346,0.528026032419688,1.173391183154862,0.6453651507351742,0.0,0.38135213452533023,0.4106869141042018,1.7600867747322932,0.9387129465238898,0.0,1.584078097259064,0.5573608119985596,0.0,1.848091113468908,0.6453651507351742,0.0,0.0,1.4667389789435776,1.525408538101321,0.792039048629532,1.642747656416807,0.0,0.0,0.0,0.0,0.0,0.9973825056816329,5.133586426302522,1.056052064839376,0.0,0.0,4.576225614303963
1.0745792940470844,0.8954827450392369,1.0745792940470844,0.35819309801569477,0.8954827450392369,2.41780341160594,2.1939327253461305,0.35819309801569477,0.0,1.3432241175588553,0.0,0.0,0.0,1.2536758430549317,0.0,0.0,0.7611603332833514,0.0,0.0,0.0,0.0,0.0,0.0,0.0,0.0,0.0,0.0,0.0,0.0,1.3432241175588553,0.0,1.432772392062779,5.910186117258963,19.790168665367137,3.1341896076373295,0.0,4.969929234967765,0.0,0.0
1.432772392062779,0.35819309801569477,1.20890170580297,1.2536758430549315,1.119353431299046,0.5372896470235422,0.0,0.7163861960313895,0.40296723526765665,0.0,1.9700620390863213,0.5372896470235422,0.582063784275504,2.5073516861098635,0.0,0.0,0.0,0.0,0.0,0.0,0.0,0.0,0.0,0.0,0.0,10.477148116959073,0.0,3.7610275291647954,0.0,0.0,1.3879982548108174,1.432772392062779,0.0,0.0,1.5670948038186647,0.0,4.969929234967765,0.0,8.73095676413256
1.3312615618045145,1.2987917676141605,1.3637313559948687,0.5195167070456642,0.48704691285531015,0.0,0.0,0.2597583535228321,1.1689125908527445,0.32469794190354007,0.0,0.7792750605684964,0.42210732447460214,0.9091542373299123,0.48704691285531015,0.0,0.5519865012360181,2.337825181705489,0.0,0.0,2.0455970339923026,3.5716773609389416,0.7468052663781423,0.0,0.0,4.221073244746021,0.0,0.0,0.9416240315202663,0.0,1.0065636199009744,0.0,0.0,1.1039730024720362,0.0,4.675650363410978,1.2013823850430982,11.104669613101073,1.2663219734238065
0.787693155358588,1.197293596145054,1.6068940369315197,1.7644326680032372,0.4726158932151528,1.7014172155745504,0.661662250501214,1.260309048573741,1.134278143716367,0.0,0.3465849883577788,0.0,0.0,1.323324501002428,0.47261589321515285,1.5123708582884892,0.5356313456438399,0.0,1.197293596145054,0.0,1.9849867515036421,0.0,0.0,0.0,0.787693155358588,0.0,0.0,2.646649002004856,0.9137240602159622,0.0,3.9069580505785972,4.032988955435971,2.0795099301466724,1.0712626912876797,0.0,3.402834431149101,1.1657858699307104,2.394587192290108,0.0
1.914094367521369,1.2760629116809126,1.7864880763532782,1.0208503293447302,0.0,0.25521258233618255,0.2977480127255463,0.0,0.0,0.0,0.0,0.0,0.0,0.5954960254510926,0.0,0.0,0.0,0.0,0.0,0.0,0.0,0.0,0.0,0.0,0.0,0.0,0.0,0.0,0.0,0.0,1.3185983420702765,1.3611337724596402,2.8073384056980077,4.338613899715103,0.0,1.5312754940170952,7.869054622032295,0.0,6.635527140740747
0.76430851480888,0.996924149750713,2.3926179594017114,0.13292321996676174,1.8276942745429736,0.5981544898504279,0.23261563494183304,0.5316928798670469,0.2990772449252139,0.6646160998338086,1.0966165647257844,0.39876965990028523,0.0,2.3261563494183304,0.996924149750713,0.5316928798670469,2.824618424293687,1.7944634695512836,1.8941558845263549,1.3292321996676173,1.3956938096509983,2.9243108392687582,3.0572340592355203,0.7975393198005705,0.8307701247922608,3.456003719135805,0.0,0.0,0.0,0.0,0.0,0.0,0.0,0.0,4.652312698836661,0.0,0.0,0.0,0.0
1.3709766819712284,1.6873559162722813,0.8436779581361408,0.9842909511588307,0.17576624127836263,0.0,0.7382182133691231,0.2812259860453802,0.31637923430105275,2.812259860453802,0.7733714616247956,0.4218389790680704,0.45699222732374284,0.0,0.0,1.1249039441815207,1.1952104406928659,0.0,0.0,0.0,2.2146546401073692,0.0,0.0,0.0,0.0,2.741953363942457,0.9491377029031581,2.9528728534764923,3.0583325982435094,5.272987238350879,0.0,0.0,0.0,0.0,0.0,0.0,0.0,0.0,4.112930045913686
1.635978091898606,0.7998115115948741,0.6543912367594424,1.4542027483543165,1.8177534354428955,1.3087824735188849,0.0,1.1633621986834533,0.0,0.0,0.0,1.74504329802518,0.0,0.5089709619240108,0.5453260306328687,0.0,0.6180361680505845,0.6543912367594424,1.3814926109366008,0.0,3.053825771544065,0.0,0.836166580303732,0.0,0.0,0.0,0.0,1.0179419238480216,0.0,0.0,0.0,1.1633621986834533,0.0,0.0,2.544854809620054,0.0,0.0,0.0,8.507086077872751
1.8478506644559665,1.3248740613080514,0.313785961888749,0.5578417100244427,0.6973021375305534,1.4643344888141623,1.2202787406784683,0.27892085501222136,0.313785961888749,0.6973021375305534,0.7670323512836088,0.0,0.45324638939485973,0.4881114962713874,0.0,0.0,0.0,1.255143847554996,0.0,0.0,0.0,0.7670323512836088,0.8018974581601365,0.0,1.7432553438263834,0.9064927787897195,0.0,0.0,5.055440497096511,0.0,1.0808183131723579,0.0,3.4516455807762387,2.3708272676038815,0.0,0.0,0.0,1.3248740613080516,0.0
1.2421851352646054,0.8281234235097368,0.7904814497138398,1.0539752662851196,0.18820986897948563,1.129259213876914,1.8444567159989593,0.0,0.0,0.7528394759179425,0.8281234235097369,0.0,0.9786913186933254,0.0,0.0,0.0,0.0,0.0,0.0,0.0,0.0,0.0,0.0,0.0,0.0,0.0,3.048999877467667,0.0,5.458086200405083,4.517036855507655,0.0,6.02271580734354,2.4843702705292103,6.399135545302512,0.0,1.3551110566522966,0.0,2.860790008488182,13.212332802359894
0.7168892762252318,0.9558523683003091,2.222356756298219,1.3381933156204326,1.4337785524504636,0.8602671314702783,1.3381933156204329,0.5735114209801855,0.21506678286756956,0.23896309207507724,0.52571880256517,1.4337785524504638,0.621304039395201,3.6800316179561903,0.3584446381126159,0.38234094732012364,0.8124745130552627,0.0,0.9080597498852937,0.0,1.5054674800729868,0.52571880256517,0.5496151117726777,0.0,0.0,0.0,0.0,0.6690966578102164,0.0,2.1506678286756955,0.7407855854327396,0.0,3.1543128153910196,0.8124745130552627,0.0,0.8602671314702782,6.189144084744501,2.724179249655881,0.0
0.7595612569529242,0.8507086077872752,1.3672102625152636,0.8507086077872752,1.5191225139058482,1.093768210012211,0.6380314558404564,0.4861192044498715,1.0937682100122108,0.3038245027811696,0.0,0.7291788066748073,1.5798874144620823,0.8507086077872751,0.4557367541717545,0.0,2.066006618911954,1.0937682100122108,1.1545331105684449,1.8229470166870179,2.552125823361825,0.0,4.192778138380142,0.7291788066748073,0.7595612569529241,0.7899437072310411,0.0,1.7014172155745502,0.0,0.0,0.0,3.888953635598972,1.0026208591778598,1.033003309455977,8.507086077872751,0.0,4.496602641161311,0.0,0.0
1.7849689538393718,1.0633857597340939,1.3672102625152636,1.3672102625152636,0.7595612569529241,0.4557367541717546,0.5316928798670469,0.0,0.3418025656288159,0.7595612569529241,0.4177586913241083,0.0,0.49371481701940073,0.0,0.0,0.6076490055623394,0.0,0.0,0.0,0.0,0.0,0.8355173826482166,0.8734954454958629,0.0,0.0,0.9874296340388015,3.076223090659343,1.0633857597340939,0.0,0.0,0.0,0.0,0.0,2.582508273639942,2.6584643993352346,1.3672102625152636,1.4051883253629096,0.0,4.443433353174607
1.1646605939944839,1.5191225139058484,2.1267715194681878,0.8101986740831191,0.7595612569529241,0.9114735083435092,1.4178476796454584,0.40509933704155954,0.911473508343509,0.5063741713019494,0.5570115884321444,0.6076490055623394,0.0,0.0,0.0,0.8101986740831191,0.0,0.0,0.0,0.0,0.0,0.0,0.0,0.0,0.0,0.0,0.0,0.0,0.0,0.0,0.0,0.0,5.013104295889299,1.7216721824266281,8.861547997784115,3.645894033374036,0.0,0.0,0.0
1.199717267392311,1.5996230231897481,1.0906520612657375,0.5816810993417266,0.9088767177214477,0.6543912367594424,0.2544854809620054,0.2908405496708633,0.0,0.0,0.7998115115948742,0.87252164901259,0.9452317864303058,0.5089709619240108,1.0906520612657373,0.0,1.236072336101169,0.6543912367594424,0.6907463054683004,0.0,0.7634564428860162,1.5996230231897484,0.836166580303732,0.0,0.9088767177214477,0.0,0.0,0.0,1.0542969925568795,1.0906520612657373,0.0,0.0,0.0,0.0,1.272427404810027,0.0,1.3451375422277427,12.433433498429407,9.924933757518211
1.0633857597340939,1.2760629116809126,0.9570471837606845,2.1267715194681878,1.0633857597340939,0.2126771519468188,0.992493375751821,0.8507086077872752,0.0,0.0,0.0,0.8507086077872752,0.0,0.0,0.5316928798670469,0.0,1.8077557915479596,1.2760629116809128,0.0,0.0,0.0,0.0,0.0,0.0,0.8861547997784115,0.0,0.0,0.992493375751821,0.0,0.0,0.0,3.402834431149101,2.3394486714150062,1.2051705276986397,0.0,8.932440381766389,9.180563725704344,1.3469552956631856,4.147204462962967
1.008572060778728,0.8770191832858506,4.735903589743594,0.35080767331434026,0.0,0.5262115099715104,0.0,0.35080767331434026,0.0,0.43850959164292524,0.0,0.0,0.0,0.0,0.0,0.0,0.0,0.0,0.0,1.754038366571701,0.0,0.9647211016144357,0.0,0.0,0.0,0.0,0.0,0.0,0.0,0.0,1.3593797340930684,2.806461386514722,0.0,0.0,1.5347835707502386,0.0,21.092311358024705,3.3326728964862324,0.0
1.034645604065605,1.7627295476673268,1.4944880947614294,0.4598424906958244,0.958005188949634,0.0,1.0729658116235903,0.30656166046388295,0.3448818680218683,1.916010377899268,2.107611415689195,2.299212453479122,0.0,0.0,0.0,0.6131233209277659,0.0,0.0,0.0,0.0,0.0,0.843044566275678,0.0,0.9196849813916489,0.0,0.0,0.0,3.218897434870771,2.222572038363151,1.149606226739561,0.0,0.0,1.264566849413517,0.0,2.6824145290589754,0.0,0.0,7.280839436017219,2.988976189522859
1.9334286540619887,0.9667143270309944,1.0150500433825442,0.5800285962185966,0.4833571635154972,1.1600571924371934,1.6917500723042402,0.7733714616247955,0.0,0.0,0.0,0.0,0.0,0.0,0.0,0.0,0.0,0.0,0.9183786106794448,0.0,0.0,0.0,0.0,0.0,0.0,0.0,0.0,1.3534000578433922,2.8034715483898838,0.0,0.0,6.186971692998364,3.1901572792022814,3.286828711905381,1.6917500723042402,0.0,0.0,1.8367572213588896,1.8850929377104395
0.792039048629532,0.7627042690506605,1.7600867747322935,1.1733911831548622,2.786804059992798,0.7040347098929174,0.2053434570521009,0.7040347098929173,0.528026032419688,0.0,1.6134128768379357,1.4080694197858348,1.525408538101321,0.0,0.0,1.8774258930477796,0.0,0.0,0.0,0.0,0.0,0.6453651507351742,0.0,0.0,0.7333694894717888,0.0,3.96019524314766,4.106869141042018,4.2535430389363755,0.0,0.9093781669450183,0.9387129465238898,0.9680477261027612,0.9973825056816329,7.187020996823531,1.056052064839376,0.0,0.0,0.0
1.2496284634163364,0.7209394981248094,0.4325636988748857,0.8651273977497713,0.9612526641664124,0.5767515984998476,0.0,0.1922505328332825,1.297691096624657,1.4418789962496188,0.26434448264576343,0.0,0.3124071158540841,0.6728768649164888,1.8023487453120235,3.07600852533252,1.225597146812176,3.0279458921241997,2.2829750773952298,0.4806263320832062,1.0093152973747332,1.0573779305830537,4.421762255165498,4.037261189498934,0.6007829151040078,0.0,0.0,0.0,0.0,1.4418789962496188,2.2349124441869095,0.0,0.0,0.0,0.0,0.0,0.0,2.739570092874276,8.434992128060271
1.558228638026197,0.9265143253128739,0.6317143127133232,1.3476572004550893,0.4211428751422154,0.0,4.127200176393711,0.3369143001137723,0.0,0.4211428751422154,1.3897714879693108,0.0,0.0,0.0,0.0,0.0,0.0,0.0,0.0,4.211428751422154,0.0,0.0,0.0,0.0,0.0,1.0949714753697601,0.0,0.0,0.0,0.0,0.0,1.3476572004550893,9.728400415785176,0.0,2.9480001259955078,3.032228701023951,0.0,0.0,1.6424572130546402
1.306206130067076,1.1387438056995023,1.0047739462054432,0.40190957848217723,0.8373116218378691,0.0,0.9377890164584135,0.0,1.2057287354465316,3.3492464873514765,0.36841711360866247,0.8038191569643545,0.0,0.46889450822920675,0.0,0.0,0.569371902849751,0.0,1.9090704977903419,0.6698492974702953,0.0,0.0,0.0,0.0,0.8373116218378691,1.741608173422768,1.8085931031697975,1.875578032916827,1.9425629626638565,4.019095784821772,3.1147992332368735,0.0,3.315754022477962,1.138743805699502,1.172236270573017,0.0,2.4784424006400925,1.2727136651935613,2.612412260134152
1.4988675470537705,1.1342781437163667,1.4583576133496146,0.6481589392664954,0.6076490055623393,0.7291788066748073,1.4178476796454584,0.3240794696332477,0.7291788066748073,0.8101986740831192,2.6736556244742933,0.9722384088997432,0.5266291381540275,0.0,0.0,0.0,0.0,0.0,0.0,0.0,0.0,0.0,0.0,0.0,0.0,0.0,0.0,1.134278143716367,3.524364232261568,1.2152980111246787,1.2558079448288348,1.2963178785329907,1.3368278122371466,0.0,0.0,5.833430453398458,1.4988675470537705,0.0,0.0
1.4268213991368854,1.507584874559728,0.3230539016913703,0.43073853558849373,0.6730289618570214,1.2922156067654813,0.753792437279864,0.21536926779424687,0.48458085253705546,0.0,1.1845309728683577,0.6461078033827407,0.34997506016565116,0.0,0.8076347542284257,1.722954142353975,0.0,0.0,0.0,0.0,0.0,0.0,1.8575599347253793,0.6461078033827407,0.0,0.0,0.0,0.0,0.7807135957541448,0.0,0.8345559127027067,4.3073853558849375,0.0,6.407235716878844,0.0,0.0,7.968662908387134,4.09201608809069,6.299551082981721
0.7595612569529242,1.2152980111246787,0.3038245027811697,0.8101986740831191,1.2659354282548736,0.0,0.0,1.2152980111246787,0.4557367541717545,0.5063741713019494,2.2280463537285775,4.861192044498715,1.3165728453850685,2.835695359290917,0.7595612569529242,0.0,0.0,0.0,0.0,0.0,0.0,0.0,0.0,0.0,0.0,10.532582763080548,2.7344205250305267,11.342781437163667,2.9369701935513066,0.0,0.0,1.6203973481662381,0.0,0.0,0.0,1.822947016687018,0.0,0.0,0.0
1.0633857597340939,1.7400857886557901,0.4833571635154973,0.2577904872082652,0.6444762180206629,1.1600571924371934,0.9022667052289282,1.8045334104578563,1.7400857886557901,0.32223810901033145,1.7723095995568232,0.3866857308123978,0.0,0.0,1.4500714905464918,0.5155809744165304,0.0,0.5800285962185967,0.6122524071196298,0.6444762180206629,0.6767000289216961,0.7089238398227293,0.0,0.0,0.0,0.0,1.74008578865579,0.9022667052289282,1.8689810322599225,0.9667143270309945,1.9978762758640554,8.249295590664486,2.1267715194681878,0.0,0.0,0.0,0.0,1.2245048142392596,3.770185875420879
0.9257711320037993,1.6013338499525178,0.6755627179487186,0.9007502905982913,1.2510420702754044,0.6005001937321942,0.3502917796771133,1.4011671187084531,0.0,1.5012504843304852,0.825687766381767,0.9007502905982914,1.3010837530864208,0.0,0.0,0.0,1.7014172155745502,0.9007502905982913,0.0,0.0,0.52543766951567,2.201834043684712,0.0,0.0,0.6255210351377022,0.0,0.0,2.10175067806268,0.7256044007597346,0.0,0.7756460835707509,2.402000774928777,5.779814364672369,0.8507086077872751,5.254376695156699,0.9007502905982913,4.6288556600189965,3.80316789363723,0.0
1.2760629116809126,1.0827200462747137,0.4640228769748774,1.392068630924632,2.1267715194681878,0.2320114384874387,0.5413600231373569,0.9280457539497546,0.348017157731158,1.1600571924371932,0.0,1.8560915078995095,0.0,0.0,0.5800285962185966,0.0,0.0,0.0,0.7347028885435558,0.7733714616247954,1.6240800694120707,0.0,0.0,0.0,0.0,0.0,0.0,5.413600231373569,0.0,2.3201143848743864,0.0,0.0,0.0,7.888388908572914,9.473800404903745,0.0,0.0,0.0,0.0
1.3731910598141055,1.6746232436757384,0.7033417623438102,1.607638313928709,1.004773946205443,0.40190957848217723,0.46889450822920675,0.26793971898811814,0.6028643677232658,0.33492464873514766,0.0,0.0,0.435402043355692,0.9377890164584135,0.0,0.0,0.0,0.6028643677232658,0.0,0.0,0.0,0.0,0.0,0.0,0.8373116218378691,0.0,0.9042965515848987,0.0,0.0,0.0,1.038266411078958,1.0717588759524725,0.0,2.277487611399004,0.0,10.851558619018785,1.2392212003200462,5.090854660774245,5.224824520268304
1.2790374173025465,0.47592089946141264,1.606233035682268,0.9518417989228253,0.7436264054084573,0.0,0.8328615740574722,0.47592089946141264,0.5354110118940892,2.974505621633829,0.9815868551391637,0.35694067459605955,0.38668573081239777,0.0,2.230879216225372,0.47592089946141264,0.505665955677751,0.5354110118940892,0.5651560681104275,0.0,0.0,0.0,0.6841362929757807,0.0,1.4872528108169143,0.7733714616247955,4.818699107046803,0.0,3.4504265210952414,2.677055059470446,0.0,0.0,0.0,0.0,1.04107696757184,1.0708220237881785,8.804536640036133,0.0,2.320114384874387
1.2152980111246787,1.944476817799486,0.36458940333740364,0.8507086077872752,1.2152980111246785,0.7291788066748073,0.42535430389363754,0.972238408899743,0.2734420525030527,0.0,0.0,0.0,0.0,0.0,0.0,0.0,0.5165016547279885,0.0,0.0,0.0,0.0,0.0,0.0,0.0,0.0,0.0,0.820326157509158,0.0,0.0,1.822947016687018,1.8837119172432522,1.944476817799486,3.0078625775335794,2.066006618911954,9.570471837606844,12.03145031013432,0.0,2.3090662211368898,3.554746682539686
1.9368812052299567,0.911473508343509,0.4557367541717546,0.911473508343509,1.3292321996676173,0.4557367541717546,0.7975393198005704,0.6076490055623394,0.3418025656288159,0.7595612569529241,0.4177586913241083,1.8229470166870183,0.0,0.0,0.0,1.2152980111246787,0.0,0.0,0.0,0.0,0.0,0.0,0.0,0.0,0.0,0.0,0.0,0.0,0.0,0.0,0.0,0.0,1.2532760739723248,0.0,3.987696599002852,1.3672102625152636,1.4051883253629096,1.4431663882105559,11.849155608465619
1.5625260143031585,0.954877008740819,0.9114735083435092,1.041684009535439,0.6510525059596493,1.3021050119192987,1.822947016687018,0.0,0.0,0.0,0.47743850437040947,1.5625260143031585,0.5642455051650294,1.2152980111246787,1.953157517878948,0.6944560063569593,0.0,0.7812630071515791,0.8246665075488891,0.8680700079461989,0.911473508343509,2.8646310262224572,0.0,0.0,0.0,1.1284910103300587,0.0,1.2152980111246787,0.0,0.0,0.0,0.0,4.296946539333685,0.0,0.0,1.5625260143031583,0.0,0.0,0.0
1.4621554196343791,0.26584643993352347,0.7975393198005705,0.39876965990028523,1.3292321996676173,1.9938482995014262,2.5587719843601633,0.5316928798670469,0.8972317347756418,0.996924149750713,1.4621554196343791,1.1963089797008557,0.8640009297839513,0.9304625397673322,0.0,0.5316928798670469,0.0,2.3926179594017114,1.2627705896842365,1.993848299501426,1.3956938096509983,0.0,0.0,0.0,0.8307701247922608,0.0,0.8972317347756417,0.9304625397673322,0.9636933447590226,0.0,1.0301549547424036,0.0,0.0,0.0,1.1630781747091652,0.0,2.459079569385092,1.2627705896842365,0.0
1.3087824735188849,2.0449726148732577,0.4907934275695819,0.9815868551391637,0.20449726148732575,1.4723802827087455,0.28629616608225605,0.3271956183797212,0.0,0.4089945229746515,0.0,0.4907934275695819,0.0,0.5725923321645121,0.0,0.0,1.3905813781138152,2.2085704240631183,0.7770895936518379,0.0,0.0,1.7995759010884667,0.0,0.0,0.0,0.0,0.0,0.0,0.0,0.0,0.0,0.0,0.0,6.952906890569076,0.0,0.0,1.5132797350062106,15.54179187303676,1.5950786396011412
0.8972317347756417,1.3292321996676173,0.5981544898504279,0.5316928798670469,0.0,0.39876965990028523,0.23261563494183304,3.190157279202282,2.3926179594017114,0.996924149750713,0.7310777098171896,0.39876965990028523,0.0,0.4652312698836661,0.996924149750713,1.0633857597340939,0.5649236848587373,0.5981544898504279,0.0,0.0,0.0,0.7310777098171896,0.7643085148088801,0.7975393198005705,1.6615402495845215,0.0,0.0,0.9304625397673322,1.9273866895180451,3.987696599002852,5.150774773712017,11.697243357075033,0.0,3.389542109152424,0.0,0.0,0.0,5.051082358736946,0.0
1.6330567024487872,1.1393418854293862,0.7975393198005705,1.3672102625152636,1.5191225139058482,0.9114735083435092,1.0633857597340939,0.911473508343509,0.6836051312576318,1.5191225139058482,0.0,0.0,0.49371481701940073,0.0,0.0,0.0,0.0,0.6836051312576318,0.0,0.0,0.7975393198005704,0.0,0.0,0.0,0.0,0.0,0.0,0.0,1.10136382258174,2.2786837708587724,1.1773199482770325,2.4305960222493574,0.0,0.0,2.6584643993352346,1.3672102625152636,0.0,1.4431663882105559,0.0
1.0906520612657373,0.5453260306328687,3.271956183797212,1.0906520612657373,0.0,1.9631737102783275,0.38172822144300805,0.8725216490125898,1.4723802827087455,0.5453260306328686,1.7995759010884667,0.0,0.0,3.0538257715440644,0.0,0.0,0.0,0.0,0.0,0.0,0.0,0.0,0.0,0.0,1.3633150765821715,5.671390718581834,0.0,0.0,4.744336466505957,0.0,0.0,0.0,0.0,0.0,0.0,0.0,0.0,0.0,0.0
1.3225301885768563,1.5727386026319372,0.9650895970695978,1.858691075837744,0.5361608872608876,0.2144643549043551,0.0,0.28595247320580675,0.0,0.0,0.3931846506579843,0.4289287098087102,0.0,1.0008336562203237,0.0,0.5719049464116135,0.0,0.0,0.0,0.0,0.0,0.0,0.0,0.0,0.0,0.0,0.0,0.0,0.0,0.0,0.0,0.0,0.0,0.0,0.0,10.294289035409044,7.935181131461137,8.149645486365493,11.152146455026465
0.972238408899743,1.2152980111246787,1.4583576133496146,0.4861192044498715,1.2152980111246785,0.7291788066748073,2.268556287432734,0.3240794696332477,0.0,0.0,0.8912185414914312,0.9722384088997432,0.0,0.0,0.0,1.944476817799486,1.3773377459413025,0.0,1.5393774807579266,4.861192044498714,0.0,0.0,2.795185425586761,2.916715226699229,0.0,0.0,0.0,0.0,0.0,0.0,0.0,0.0,6.684139061185732,1.3773377459413025,2.8356953592909173,1.4583576133496146,1.4988675470537705,0.0,0.0
1.7767964593025367,0.5384231694856172,2.2613773118395923,0.8614770711769875,0.26921158474280854,1.2922156067654813,0.0,0.0,0.48458085253705546,0.5384231694856171,0.5922654864341789,0.0,0.0,0.0,0.8076347542284257,0.0,0.0,0.0,0.0,0.0,0.0,1.1845309728683577,1.2383732898169195,1.2922156067654813,0.0,0.0,0.0,0.0,1.5614271915082896,0.0,0.0,3.44590828470795,0.0,1.8306387762510983,0.0,0.0,3.984331454193567,0.0,10.499251804969536
1.1370857628839817,1.2634286254266462,1.768800075597305,1.3476572004550893,0.4211428751422154,1.768800075597305,0.5896000251991016,1.3476572004550893,0.0,0.4211428751422154,0.0,0.0,0.0,0.0,0.0,0.0,0.0,0.0,0.8001714627702093,0.0,0.0,0.0,0.0,0.0,1.0528571878555384,2.1899429507395203,0.0,0.0,2.4426286758248494,0.0,0.0,0.0,0.0,0.0,2.9480001259955078,0.0,10.907600466183379,9.602057553242512,0.0
1.1150064276823508,1.4866752369098013,0.24777920615163354,0.16518613743442234,0.2064826717930279,1.2388960307581678,2.312605924081913,0.9911168246065342,2.230012855364702,1.6518613743442232,0.0,0.4955584123032671,0.0,0.0,0.0,0.0,0.0,0.7433376184549005,0.7846341528135061,0.0,3.468908886122869,0.0,0.0,0.0,0.0,1.0737098933237452,0.0,1.1563029620409564,1.197599496399562,4.95558412303267,1.2801925651167732,3.9644672984261367,5.451142535335936,4.21224650457777,2.890757405102391,1.486675236909801,0.0,0.0,0.0
1.296001394675927,1.2627705896842365,1.595078639601141,0.26584643993352347,0.6646160998338086,0.39876965990028523,0.6978469048254992,0.26584643993352347,0.2990772449252139,1.6615402495845215,0.3655388549085948,2.7913876193019966,2.592002789351854,0.0,0.0,0.5316928798670469,0.5649236848587373,0.0,0.0,0.0,0.0,1.4621554196343791,0.0,0.7975393198005705,0.0,0.0,0.0,0.9304625397673322,0.0,1.993848299501426,0.0,0.0,2.1932331294515683,0.0,2.3261563494183304,0.0,7.377238708155276,3.7883117690527097,1.296001394675927
1.3451375422277427,0.7271013741771583,1.8541085041517538,0.5816810993417266,1.090652061265737,0.6543912367594424,1.5269128857720322,0.0,0.9815868551391635,0.0,0.0,1.3087824735188849,0.0,0.0,0.5453260306328687,0.0,0.6180361680505845,1.3087824735188849,0.0,0.0,1.5269128857720324,0.7998115115948742,0.0,0.0,0.0,0.0,0.0,0.0,0.0,0.0,1.1270071299745954,1.1633621986834533,11.99717267392311,3.7082170083035066,2.544854809620054,0.0,5.380550168910971,0.0,0.0
1.2527558265360559,0.9905511186564162,1.0488188315185585,0.2330708514485685,0.8740156929321319,2.971653355969249,0.4078739900349949,0.6992125543457055,0.5244094157592791,1.1653542572428424,1.281889682967127,0.6992125543457056,0.37874013360392383,0.0,0.0,0.0,0.9905511186564161,0.0,0.0,0.0,0.0,0.6409448414835635,1.340157395829269,0.6992125543457056,0.0,0.0,0.0,0.0,4.224409182505304,1.7480313858642638,0.903149549363203,4.66141702897137,0.9614172622253451,4.952755593282081,0.0,0.0,0.0,4.428346177522802,2.272440801623543
1.2429184204684214,0.6628898242498248,1.4915021045621057,0.5524081868748539,0.4143061401561404,0.16572245606245622,0.5800285962185967,0.4419265494998832,0.0,0.27620409343742697,0.0,1.657224560624562,1.7953266073432752,0.0,0.0,0.8838530989997664,1.4086408765308776,0.4971673681873686,5.247877775311112,0.5524081868748539,1.1600571924371934,0.0,1.2705388298121643,0.0,0.0,1.4362612858746204,7.457510522810527,0.7733714616247956,0.0,0.0,0.0,3.5354123959990655,0.911473508343509,0.9390939176872518,3.866857308123978,2.9830042091242115,5.109775728592399,1.0495755550622226,1.0771959644059654
1.0036449867153245,1.242608078790402,1.147022841960371,0.5735114209801855,0.955852368300309,2.580801394410835,0.6690966578102164,3.058727578560989,1.2904006972054174,0.4779261841501545,0.0,0.0,0.621304039395201,0.0,0.0,0.0,0.0,0.0,0.0,0.0,0.0,0.0,0.0,0.0,0.0,0.0,0.0,1.3381933156204329,0.0,0.0,5.926284683461917,1.5293637892804945,4.731469223086529,9.749694156663152,0.0,1.7205342629405564,0.0,0.0,0.0
1.1718945107273686,2.4305960222493574,1.8229470166870183,0.5208420047677195,0.43403500397309946,0.7812630071515793,0.911473508343509,0.6944560063569593,0.0,0.0,0.0,0.5208420047677195,0.0,0.0,0.0,0.0,0.0,0.0,0.0,0.0,0.0,0.0,0.0,0.0,0.0,0.0,0.0,4.861192044498715,1.2587015115219886,0.0,0.0,0.0,0.0,0.0,1.5191225139058484,1.5625260143031583,0.0,8.246665075488892,5.078209546485265
1.0779526879496295,0.5244094157592791,0.6992125543457056,0.5826771286214213,0.7283464107767765,1.3984251086914112,0.8157479800699898,1.398425108691411,0.5244094157592791,0.8740156929321319,1.6023621037089086,2.7968502173828225,0.7574802672078477,0.4078739900349949,1.311023539398198,0.466141702897137,1.485826677984624,1.0488188315185583,2.214173088761401,0.5826771286214212,3.059054925262462,4.486613890384944,1.340157395829269,0.0,1.456692821553553,0.7574802672078477,0.7866141236389187,3.2629919202799593,0.0,0.8740156929321319,0.0,3.729133623177096,0.0,0.0,0.0,2.0976376630371165,0.0,0.0,0.0
1.2678830212214196,1.3087824735188849,0.7361901413543728,0.3271956183797212,1.2269835689239545,0.7361901413543728,2.8629616608225605,1.635978091898606,1.1042852120315592,0.0,0.44989397527211666,0.4907934275695819,0.5316928798670469,0.0,0.0,0.0,0.6952906890569076,0.0,0.0,0.0,0.0,0.0,0.9406874028416986,0.0,0.0,0.0,0.0,0.0,1.1860841166264893,0.0,1.2678830212214198,9.161477314632194,5.3987277032654,2.7811627562276304,2.8629616608225605,0.0,0.0,0.0,0.0
1.4723802827087453,0.9815868551391637,1.7177769964935363,1.1451846643290242,0.6134917844619773,1.2269835689239548,0.28629616608225605,0.3271956183797212,0.0,0.817989045949303,0.0,0.0,0.0,0.0,0.0,0.0,0.0,0.0,0.0,0.0,0.8588884982467682,0.0,0.0,0.0,0.0,0.0,0.0,1.1451846643290242,0.0,0.0,1.2678830212214198,1.3087824735188849,0.0,6.952906890569076,0.0,1.4723802827087455,16.646077085068313,0.0,3.1901572792022823
1.7014172155745504,0.8507086077872752,1.1165550477207986,0.4253543038936376,0.5316928798670469,0.3190157279202282,0.7443700318138657,1.2760629116809126,2.3926179594017114,0.5316928798670469,0.5848621678537517,0.6380314558404564,0.691200743827161,0.0,0.0,0.0,0.0,0.0,0.0,0.0,0.0,0.0,0.0,0.0,0.0,0.0,0.0,0.0,1.5419093516144362,6.380314558404564,0.0,3.402834431149101,0.0,0.0,0.0,0.0,9.836318277540368,0.0,4.147204462962967
1.4366271191109612,0.788736457551116,0.591552343163337,0.788736457551116,1.4084579599127072,0.8450747759476245,1.9718411438777903,1.1267663679301658,0.7605672983528619,0.5633831839650828,0.0,1.0140897311371493,0.7323981391546077,0.0,0.0,0.45070654717206626,0.0,0.0,0.0,1.1267663679301656,1.183104686326674,0.0,0.0,0.0,0.0,2.929592556618431,2.2817018950585854,0.0,0.8169056167493701,0.8450747759476243,1.746487870291757,0.0,0.0,0.9577514127406408,6.901444003572265,0.0,0.0,5.352140247668288,3.295791626195735
2.0773117166898576,1.1870352666799187,0.4451382250049696,1.5827136889065583,0.7418970416749492,0.0,0.0,0.0,0.0,0.0,0.0,0.5935176333399594,0.0,0.0,0.0,0.0,0.0,0.0,0.0,0.0,0.0,0.0,0.0,0.0,0.0,0.0,0.0,0.0,0.0,0.0,0.0,0.0,0.0,0.0,0.0,0.0,1.830012702798208,5.638417516729614,25.076120008613284
1.815536662960648,0.6224697130150794,1.867409139045238,1.6599192347068783,0.778087141268849,0.933704569522619,0.36310733259212963,2.074899043383598,0.933704569522619,0.5187247608458995,0.5705972369304895,1.244939426030159,0.0,0.0,0.0,0.0,0.0,0.0,0.0,0.0,0.0,0.0,0.0,0.0,0.0,0.0,0.0,0.0,0.0,0.0,0.0,1.6599192347068783,0.0,0.0,0.0,0.0,1.919281615129828,0.0,2.023026567299008
0.7506252421652428,0.8757294491927832,0.4691407763532768,1.125937863247864,0.9382815527065534,0.3753126210826214,1.313594173789175,1.5012504843304857,0.8444533974358982,0.0,1.3761462773029451,1.5012504843304857,1.626354691358026,1.313594173789175,0.0,1.5012504843304857,2.1267715194681878,4.503751452991456,0.0,0.6255210351377022,0.6567970868945874,1.3761462773029451,0.7193491904083577,2.2518757264957285,0.0,0.0,2.5333601923076943,0.0,4.535027504748341,0.0,0.0,6.005001937321943,6.192658247863252,0.0,0.0,3.377813589743593,0.0,0.0,0.0
0.8834281696252473,0.6543912367594424,1.1779042261669965,0.6543912367594424,0.32719561837972116,2.15949108130616,1.1451846643290242,0.523512989407554,0.2944760565417491,0.6543912367594423,1.7995759010884667,0.3926347420556655,2.977480127255463,0.0,0.0,1.047025978815108,2.7811627562276304,1.1779042261669963,0.0,0.0,0.0,0.0,5.267849455913512,1.570538968222662,0.0,0.0,2.6502845088757416,0.9161477314632194,0.0,0.0,2.0286128339542717,0.0,0.0,10.01218592241947,1.1451846643290242,0.0,7.26374272802981,0.0,0.0
1.0165700344627815,0.8560589763897108,1.6853661097672432,0.642044232292283,0.6687960753044615,0.4815331742192124,0.9363145054262462,1.4981032086819939,0.9630663484384248,0.2675184301217846,0.0,0.3210221161461416,0.0,0.3745258021704985,0.8025552903653539,2.140147440974277,0.45478133120703385,1.9261326968768495,1.0165700344627817,1.6051105807307076,0.5617887032557478,2.3541621850717047,3.0764619464005234,2.568176929169133,0.0,0.6955479183166401,0.0,0.0,1.5516068947063508,0.0,1.658614266755065,4.280294881948554,1.7656216388037784,0.0,0.0,0.0,5.938909148703618,0.0,2.0866437549499204
1.224041162283849,0.550818523027732,0.3672123486851548,0.9792329298270793,0.6120205811419245,0.3672123486851548,3.6415224577944514,0.24480823245676983,1.1016370460554643,2.142072033996736,0.0,0.0,0.0,2.142072033996736,1.3770463075693302,1.468849394740619,0.0,0.0,0.5814195520848283,0.0,0.0,0.673222639256117,1.4076473366264266,6.609822276332785,0.0,7.160640799360517,0.0,0.0,0.0,2.7540926151386604,0.0,0.0,1.0098339588841754,0.0,3.213108050995104,0.0,1.1322380751125605,0.0,2.386880266453506
1.1096199232007935,1.1096199232007935,1.2205819155208733,0.7397466154671958,0.9246832693339946,1.5534678924811114,0.5178226308270371,1.1835945847475131,0.0,0.0,1.220581915520873,1.3315439078409523,3.846682400429418,0.0,0.0,1.1835945847475131,0.6287846231471164,3.328859769602381,1.405518569387672,0.0,1.5534678924811112,0.8137212770139154,1.7014172155745504,0.0,0.0,0.9616706001073545,0.9986579308807142,0.0,0.0,0.0,0.0,0.0,0.0,0.0,2.5891131541351853,1.3315439078409523,0.0,2.811037138775344,0.0
0.7634564428860161,0.7271013741771583,0.9815868551391638,1.0179419238480216,0.5453260306328686,1.74504329802518,1.272427404810027,1.1633621986834533,0.6543912367594424,1.8177534354428955,0.3999057557974371,0.0,0.0,0.5089709619240108,0.0,0.5816810993417266,1.8541085041517533,0.6543912367594424,0.0,0.7271013741771583,0.0,0.0,6.689332642429856,0.0,0.9088767177214477,0.0,0.0,0.0,6.325781955341276,6.543912367594424,1.1270071299745954,4.653448794733813,7.198303604353866,3.7082170083035066,0.0,0.0,0.0,0.0,0.0
1.296001394675927,2.2596947394349494,1.1963089797008557,0.7975393198005705,0.16615402495845216,1.3956938096509983,0.23261563494183304,0.5316928798670469,0.8972317347756418,0.0,0.7310777098171896,0.7975393198005705,0.8640009297839513,0.0,0.0,1.0633857597340939,0.0,0.0,0.0,0.6646160998338086,0.0,0.0,1.5286170296177601,0.0,0.0,0.8640009297839513,0.8972317347756417,0.0,0.0,0.0,2.060309909484807,0.0,0.0,0.0,0.0,0.0,2.459079569385092,7.576623538105419,0.0
1.5269128857720322,1.5996230231897481,0.87252164901259,0.5816810993417266,0.9088767177214477,1.3087824735188849,0.7634564428860161,0.2908405496708633,0.6543912367594424,1.090652061265737,1.199717267392311,0.436260824506295,0.0,0.5089709619240108,0.0,0.0,0.0,0.6543912367594424,0.0,0.0,0.0,0.0,0.0,0.0,0.0,0.0,1.9631737102783273,0.0,0.0,1.0906520612657373,0.0,1.1633621986834533,0.0,0.0,0.0,1.3087824735188849,0.0,1.3814926109366008,12.76062911680913
1.1718945107273686,1.041684009535439,1.041684009535439,0.1736140015892398,1.3021050119192985,1.3021050119192987,0.6076490055623394,1.7361400158923983,0.3906315035757896,0.0,0.9548770087408189,1.5625260143031585,2.821227525825147,1.822947016687018,1.3021050119192985,1.3889120127139185,0.0,0.0,0.0,0.8680700079461989,0.0,0.0,1.9965610182762579,1.041684009535439,1.0850875099327486,1.1284910103300587,1.1718945107273686,0.0,1.2587015115219886,0.0,0.0,2.777824025427837,0.0,0.0,3.038245027811697,0.0,3.2118590294009364,0.0,0.0
1.0143064169771359,0.9815868551391637,0.6871107985974146,0.523512989407554,1.963173710278327,1.570538968222662,2.748443194389658,0.7852694841113309,0.0,0.9815868551391635,0.7198303604353867,2.355808452333993,0.0,0.9161477314632194,0.49079342756958183,0.0,1.668697653736578,0.0,0.0,1.3087824735188847,0.0,2.15949108130616,0.7525499222733588,1.570538968222662,0.817989045949303,0.0,0.0,0.0,0.9488672933011915,0.0,0.0,2.094051957630216,3.2392366219592397,5.562325512455261,1.1451846643290242,0.0,0.0,0.0,0.0
1.3555247047159877,1.3087824735188849,0.8413601615478546,0.37393784957682424,1.1685557799275756,1.402266935913091,0.3271956183797212,1.1218135487304728,0.4206800807739273,0.4674223119710303,0.0,0.5609067743652364,0.0,0.0,0.0,0.0,0.0,0.0,0.0,0.0,0.0,0.0,0.0,0.0,0.0,0.0,0.0,0.0,0.0,0.0,0.0,7.478756991536485,3.0849872590087997,4.767707582104509,3.2719561837972124,0.0,5.188387662878436,12.433433498429407,1.8229470166870183
1.015771471984806,1.0792571889838565,0.8570571794871803,0.6348571699905038,1.2697143399810076,0.3809143019943023,0.22220000949667634,1.2697143399810076,0.2856857264957267,1.2697143399810076,0.3491714434947771,1.1427429059829068,1.6506286419753098,2.2220000949667633,1.4284286324786335,2.539428679962015,1.6188857834757846,1.1427429059829068,1.809342934472936,0.0,0.0,2.7933715479582166,2.920342981956318,0.7618286039886046,0.7935714624881297,1.6506286419753098,0.0,1.7776000759734107,0.0,0.0,0.0,0.0,0.0,2.158514377967713,1.1110000474833817,0.0,1.174485764482432,0.0,3.7139144444444474
1.5312754940170952,0.5671390718581834,0.6805668862298202,0.2268556287432734,0.8507086077872751,2.381984101804371,0.7939947006014568,0.9074225149730936,0.0,0.0,0.0,2.722267544919281,0.0,0.0,0.0,0.0,0.0,0.0,1.0775642365305487,0.0,0.0,0.0,0.0,0.0,0.0,0.0,0.0,1.5879894012029137,4.9341099251661955,0.0,0.0,0.0,1.8715589371320052,7.713091377271295,0.0,4.083401317378921,12.590487395251671,0.0,4.423684760493831
0.9183786106794447,2.223442952171287,0.5800285962185967,1.3534000578433922,0.2416785817577486,0.8700428943278951,0.6767000289216961,0.0,0.43502144716394753,0.4833571635154972,0.5316928798670469,0.0,0.6283643125701464,2.7068001156867845,0.0,0.0,0.0,0.0,0.0,0.0,0.0,0.0,0.0,2.320114384874387,0.0,5.026914500561171,1.3050643414918426,0.0,1.4017357741949419,1.4500714905464918,0.0,0.0,0.0,0.0,0.0,8.70042894327895,0.0,12.857300549512226,0.0
1.2760629116809126,1.323324501002428,0.7089238398227293,1.1342781437163667,1.4178476796454584,0.28356953592909173,1.984986751503642,0.7561854291442446,1.7014172155745504,0.4726158932151528,0.0,0.0,0.0,0.0,0.0,0.0,0.0,0.0,0.0,0.0,0.0,0.0,0.0,0.0,0.0,0.0,0.0,0.0,0.0,2.8356953592909173,1.465109268966974,12.098966866307913,6.238529790440017,0.0,0.0,1.7014172155745504,0.0,1.795940394217581,1.8432019835390963
1.0842364609053505,0.6672224374802158,1.1259378632478643,2.168472921810701,0.0,0.0,0.0,2.3352785311807556,1.125937863247864,0.8340280468502697,0.0,0.0,2.168472921810701,2.335278531180755,0.0,0.0,0.0,5.2543766951567,1.5846532890155125,0.0,0.8757294491927832,0.9174308515352967,0.0,0.0,1.042535058562837,0.0,3.3778135897435924,0.0,0.0,1.2510420702754046,5.170973890471672,2.6688897499208633,0.0,0.0,0.0,1.5012504843304855,4.6288556600189965,0.0,0.0
1.9334286540619887,1.288952436041326,0.644476218020663,0.3437206496110203,0.4296508120137753,0.25779048720826525,0.0,0.3437206496110203,0.3866857308123978,0.0,0.0,0.0,0.0,0.6015111368192855,0.0,7.561854291442445,0.0,0.0,0.0,0.0,0.0,0.0,0.0,7.218133641831426,0.0,1.1170921112358159,0.0,0.0,0.0,0.0,0.0,1.3748825984440811,0.0,2.9216255216936724,0.0,0.0,3.179416008901937,3.2653461713046927,0.0
1.315528774928776,1.5786345299145312,1.052423019943021,1.2278268566001909,0.6577643874643879,0.0,0.0,0.35080767331434026,0.7893172649572656,0.0,0.0,0.0,0.0,0.6139134283000954,1.3155287749287758,0.7016153466286805,2.981865223171892,0.7893172649572656,3.3326728964862324,4.385095916429252,0.9208701424501432,0.9647211016144357,2.0171441215574566,1.052423019943021,2.1925479582146266,1.1401249382716059,1.1839758974358983,0.0,0.0,0.0,1.3593797340930684,0.0,0.0,0.0,0.0,0.0,0.0,0.0,0.0
1.1066128231379189,0.6916330144611993,1.141194473860979,0.9682862202456789,1.2103577753070986,2.074899043383598,0.0,0.8299596173534391,0.0,0.0,1.141194473860979,0.0,3.1469302157984567,0.0,0.5187247608458995,2.2132256462758377,1.763664186876058,1.244939426030159,0.0,0.0,5.809717321474075,0.0,0.7953779666303793,3.3198384694137575,0.0,0.0,0.933704569522619,0.9682862202456791,0.0,0.0,0.0,2.2132256462758377,0.0,0.0,2.4207155506141977,4.979757704120636,0.0,0.0,0.0
1.4822953014475249,2.3201143848743864,0.7733714616247956,0.0,0.9667143270309944,1.1600571924371934,0.0,0.0,0.0,1.2889524360413258,0.0,0.0,0.0,0.9022667052289282,0.0,0.0,1.095609570635127,0.0,0.0,0.0,0.0,0.0,0.0,0.0,0.0,0.0,0.0,0.0,0.0,0.0,0.0,0.0,4.2535430389363755,2.191219141270254,2.2556667630723206,0.0,4.769124013352906,12.245048142392598,0.0
0.8979701971087904,1.654155626253035,0.7798162238050023,1.4178476796454584,0.9452317864303056,0.7089238398227293,0.8270778131265174,1.8904635728606112,0.2126771519468188,0.9452317864303056,0.7798162238050022,0.0,0.0,0.0,0.35446191991136466,0.7561854291442446,1.2051705276986397,0.4253543038936376,0.0,0.0,0.0,0.0,1.0870165543948516,1.7014172155745504,1.181539733037882,0.0,0.0,0.0,0.0,1.4178476796454587,0.0,2.2685562874327334,2.3394486714150062,1.6068940369315197,1.654155626253035,5.954960254510926,0.0,8.979701971087904,1.8432019835390963
1.3141027274762787,0.9682862202456789,0.8299596173534394,0.9682862202456789,0.5187247608458995,0.20748990433835984,0.24207155506141978,2.2132256462758377,1.244939426030159,1.037449521691799,1.141194473860979,1.244939426030159,0.0,0.48414311012283956,0.0,0.0,0.0,1.867409139045238,0.0,0.6916330144611993,0.0,0.0,0.0,0.0,0.8645412680764991,3.5964916751982368,3.734818278090476,1.9365724404913582,2.005735741937478,1.037449521691799,0.0,2.2132256462758377,0.0,0.0,3.6310733259212964,3.734818278090476,0.0,3.942308182428836,0.0
0.8876959385606349,1.7014172155745504,1.4425059001610319,1.6274425540278308,0.0,1.5534678924811114,1.8123792078946297,0.0,0.3328859769602381,0.0,0.0,0.0,0.0,0.5178226308270371,0.5548099616003969,0.0,0.0,0.0,0.0,0.0,0.0,0.0,0.0,0.0,0.0,0.0,0.0,0.0,1.0726325924274338,0.0,0.0,1.1835945847475131,6.102909577604364,12.575692462942326,5.178226308270371,2.6630878156819047,0.0,5.622074277550688,0.0
0.7759842030492037,0.6322834247067586,1.0346456040656051,1.034645604065605,0.8622046700546707,0.5173228020328026,1.005905448397116,0.6897637360437366,0.7759842030492037,2.0118108967942314,0.3161417123533793,1.0346456040656051,2.988976189522859,2.8165352555119245,1.7244093401093414,0.9196849813916488,0.0,1.034645604065605,0.0,0.0,0.6035432690382696,2.5291336988270343,1.3220471607504953,0.0,1.4370077834244512,5.230708331665003,3.879921015246018,0.0,2.500393543158545,2.5866140101640123,0.0,0.9196849813916488,0.0,0.9771652927286268,3.0177163451913476,2.06929120813121,0.0,0.0,1.120866071071072
1.1213886193559535,1.7014172155745504,1.5080743501683516,0.3093485846499182,1.74008578865579,0.2320114384874387,0.8120400347060354,0.6186971692998364,1.044051473193474,0.7733714616247954,0.8507086077872751,0.0,0.0,0.0,0.0,0.0,0.0,0.0,0.0,0.7733714616247954,0.0,0.0,0.8893771808685149,0.0,0.0,0.0,0.0,0.0,10.092497574203582,0.0,1.1987257655184331,2.4747886771993457,2.552125823361825,0.0,2.7068001156867845,1.392068630924632,0.0,4.408217331261334,0.0
1.1898022486535318,1.427762698384238,1.0708220237881787,1.1898022486535318,1.338527529735223,0.7138813491921191,0.8328615740574722,0.23796044973070632,0.5354110118940892,0.0,0.0,0.0,0.0,0.4164307870287361,1.7847033729802975,0.0,0.505665955677751,0.5354110118940892,3.3909364086625655,0.5949011243267658,0.0,0.0,1.3682725859515614,0.0,0.0,0.0,0.0,0.0,0.0,0.0,0.9220967427064871,0.0,0.9815868551391635,1.011331911355502,2.08215393514368,5.354110118940893,7.703969560031617,1.130312136220855,3.4801715773115807
1.181539733037882,0.9452317864303056,1.4178476796454587,1.1027704175020232,1.772309599556823,0.7089238398227293,0.2756926043755058,0.31507726214343523,1.0633857597340939,0.787693155358588,0.4332312354472234,0.47261589321515285,2.0480022039323287,1.1027704175020232,1.181539733037882,0.0,0.6695391820547998,0.0,0.7483084975906587,0.0,0.0,0.0,3.623388514649505,1.8904635728606114,0.0,1.0240011019661643,1.0633857597340939,1.1027704175020232,2.284310150539905,1.181539733037882,0.0,2.520618097147482,0.0,0.0,1.3784630218775291,1.4178476796454584,0.0,0.0,0.0
1.311840376494396,0.7950547736329674,0.8348075123146158,0.9540657283595608,0.7950547736329673,1.192582160449451,0.27826917077153857,2.5441752756254954,2.146647888809012,1.1925821604494509,1.7491205019925282,0.9540657283595609,1.0335712057228574,0.0,0.0,0.0,0.0,0.0,0.755302034951319,0.0,0.0,0.0,0.9143129896779125,1.9081314567191219,0.9938184670412091,0.0,0.0,0.0,2.305658843535605,3.577746481348353,1.2323348991310994,2.5441752756254954,0.0,0.0,1.3913458538576928,1.4310985925393414,1.4708513312209894,0.0,0.0
1.8844810931996598,1.0768463389712344,0.6461078033827407,0.6461078033827407,1.0768463389712342,0.0,2.2613773118395923,0.43073853558849373,0.0,0.5384231694856171,0.0,0.0,0.0,0.0,2.422904262685277,0.0,0.9153193881255491,0.0,0.0,0.0,0.0,1.1845309728683577,0.0,3.876646820296444,4.038173771142128,0.0,0.0,0.0,0.0,0.0,0.0,0.0,1.7767964593025365,0.0,0.0,0.0,1.9921657270967834,0.0,4.199700721987814
1.1879264342975462,0.536482905811795,2.5291336988270343,2.6057741139430046,0.19160103778992682,0.0,0.26824145290589757,0.30656166046388295,0.3448818680218683,0.0,0.0,0.9196849813916489,0.0,0.0,0.5748031133697805,0.0,0.6514435284857512,0.0,0.728083943601722,0.0,0.0,0.0,0.0,0.0,0.0,0.0,0.0,0.0,0.0,0.0,0.0,0.0,3.793700548240551,0.0,1.3412072645294877,13.795274720874731,9.924933757518207,0.0,5.977952379045718
1.1657858699307104,0.8822163340016186,1.2288013223593974,1.0082472388589927,0.6301545242868705,1.5123708582884894,0.8822163340016187,1.5123708582884892,0.5671390718581835,1.260309048573741,0.0,0.37809271457212235,0.4096004407864658,0.8822163340016187,0.0,1.5123708582884892,0.0,1.134278143716367,1.197293596145054,0.0,0.0,0.0,0.0,1.5123708582884894,0.0,1.6384017631458632,0.8507086077872751,0.0,0.0,3.780927145721223,0.9767395126446493,3.0247417165769783,1.0397549650733362,0.0,1.1027704175020234,0.0,0.0,5.986467980725269,4.915205289437591
1.783743855037835,1.5093217234935528,1.3378078912783764,0.41163319731642345,1.0290829932910586,0.6174497959746352,0.240119365101247,1.0976885261771292,0.0,0.3430276644303528,1.1319912926201645,0.0,0.0,0.480238730202494,0.0,0.0,0.0,0.0,0.0,0.0,0.0,0.0,0.0,0.0,0.0,0.0,0.0,0.960477460404988,0.0,0.0,0.0,2.1953770523542584,0.0,0.0,7.20358095303741,0.0,0.0,7.821030749012046,0.0
0.6760598207580995,1.0704280495336576,1.4366271191109614,1.802826188688265,0.9859205719388949,0.5070448655685746,1.3802888007144531,0.45070654717206626,1.2676121639214366,0.0,2.169025258265569,0.3380299103790497,0.7323981391546077,0.788736457551116,0.8450747759476243,0.45070654717206626,0.9577514127406408,0.0,2.140856099067315,1.1267663679301656,2.957761715816685,0.0,1.943671984679536,1.352119641516199,2.816915919825414,0.7323981391546077,0.7605672983528619,0.788736457551116,1.6338112334987402,0.0,1.746487870291757,0.0,1.8591645070847733,0.0,1.97184114387779,0.0,2.0845177806708066,0.0,1.0985972087319116
1.6203973481662381,1.7014172155745504,1.4583576133496146,0.8101986740831191,0.2025496685207798,0.2430596022249358,0.8507086077872751,0.0,0.0,0.8101986740831192,0.0,0.0,0.0,0.5671390718581835,0.0,0.0,0.6886688729706513,0.0,0.7696887403789633,0.8101986740831192,0.8507086077872752,0.8912185414914312,0.0,0.0,0.0,0.0,0.0,0.0,0.0,0.0,0.0,0.0,0.0,0.0,0.0,4.375072840048843,2.997735094107541,0.0,14.218986730158743
1.2616441217184164,1.5139729460620996,1.6221138707808214,0.8651273977497713,0.540704623593607,0.8651273977497714,0.2523288243436833,0.5767515984998476,0.3244227741561643,0.7209394981248094,0.0,0.0,0.0,0.0,0.0,0.5767515984998476,0.0,0.0,0.684892523218569,0.0,0.0,0.0,0.0,0.0,0.0,0.0,0.9732683224684927,0.0,4.181449089123895,2.162818494374428,0.0,1.1535031969996952,0.0,1.225597146812176,1.2616441217184164,0.0,2.6674761430617946,15.067635510808518,4.2174960640301355
0.8748421853131553,1.810018314441011,0.9955100729425561,0.6033394381470036,1.0558440167572563,1.2670128201087079,0.21116880335145127,0.4826715505176029,0.0,3.6200366288820214,0.0,0.3620036628882022,0.0,0.42233760670290255,0.0,0.0,0.0,0.0,0.0,0.0,0.0,0.663673381961704,0.0,0.7240073257764044,0.0,0.0,0.0,1.6893504268116102,0.0,4.5250457861025275,1.8703522582557113,1.9306862020704116,0.0,3.0770311345497183,4.223376067029025,1.0860109886646065,1.1161779605719566,14.90248412223099,0.0
2.0204329434947783,2.3394486714150067,0.47852359188034227,0.4253543038936376,1.0633857597340939,0.0,0.0,0.4253543038936376,0.0,0.0,0.0,0.0,0.0,0.0,0.0,0.0,0.0,0.0,0.0,0.0,0.0,0.0,0.0,0.0,0.0,0.0,0.0,0.0,0.0,0.0,0.0,0.0,0.0,0.0,0.0,0.0,7.869054622032295,0.0,12.4416133888889
1.3028870569715023,0.9196849813916488,1.6094487174353853,0.7664041511597073,1.5328083023194146,0.45984249069582445,1.0729658116235903,1.5328083023194146,1.034645604065605,0.0,0.0,0.45984249069582445,0.49816269825380977,1.0729658116235903,0.0,0.6131233209277659,0.6514435284857512,0.0,0.728083943601722,1.5328083023194146,3.2188974348707706,0.843044566275678,0.8813647738336634,0.0,0.0,1.992650793015239,0.0,0.0,0.0,0.0,0.0,0.0,0.0,1.3028870569715023,1.3412072645294877,0.0,1.4178476796454584,0.0,5.977952379045718
1.323324501002428,0.8822163340016186,1.0397549650733364,1.260309048573741,0.31507726214343523,0.18904635728606117,0.8822163340016187,0.0,5.954960254510926,0.31507726214343523,0.3465849883577788,0.7561854291442447,0.0,0.44110816700080935,0.47261589321515285,0.5041236194294964,0.0,0.0,0.0,0.0,0.0,0.0,0.0,0.0,0.0,0.0,0.0,1.7644326680032374,0.0,0.9452317864303057,8.790655613801844,0.0,0.0,0.0,1.1027704175020234,0.0,4.663143479722842,0.0,7.372807934156385
1.2724274048100268,0.7271013741771583,0.9815868551391638,0.7271013741771583,0.3635506870885791,2.6175649470377698,0.2544854809620054,0.2908405496708633,0.0,0.3635506870885791,0.0,0.0,0.0,0.5089709619240108,0.0,0.0,0.0,1.3087824735188849,2.7629852218732016,2.908405496708633,0.0,0.0,0.836166580303732,0.0,0.0,0.0,0.0,0.0,0.0,0.0,0.0,0.0,1.199717267392311,17.305012705416367,1.272427404810027,1.3087824735188849,6.725687711138713,6.907463054683004,2.8356953592909178
1.1165550477207986,1.8077557915479596,1.435570775641027,1.0633857597340939,0.26584643993352347,1.595078639601141,1.1165550477207986,0.0,0.47852359188034227,0.0,0.0,0.0,0.0,0.0,0.0,0.0,0.0,0.0,0.0,0.0,0.0,0.0,0.0,0.0,0.0,0.0,1.4355707756410268,0.0,1.5419093516144362,3.190157279202282,3.2964958551756913,1.7014172155745504,5.263759510683764,3.6155115830959192,0.0,1.914094367521369,0.0,10.102164717473892,0.0
1.3784630218775291,0.6301545242868705,0.9452317864303057,1.260309048573741,1.575386310717176,1.8904635728606114,1.1027704175020232,1.575386310717176,0.7089238398227292,0.0,0.0,0.47261589321515285,0.5120005509830822,0.0,1.181539733037882,0.0,0.0,1.4178476796454584,0.0,0.0,0.0,0.0,0.0,1.8904635728606114,0.0,0.0,0.0,1.1027704175020232,0.0,0.0,0.0,5.041236194294964,1.29969370634167,1.3390783641095996,1.3784630218775291,0.0,0.0,0.0,9.21600991769548
1.4779259711558594,0.7930334479372904,2.595382193249314,0.8651273977497713,0.0,0.8651273977497714,0.5046576486873666,1.1535031969996952,1.297691096624657,0.0,1.5860668958745807,0.4325636988748857,0.0,0.5046576486873666,0.0,0.0,1.225597146812176,0.6488455483123285,0.0,0.0,0.0,0.0,0.0,0.0,0.9011743726560116,0.0,0.9732683224684927,0.0,4.181449089123895,0.0,0.0,1.1535031969996952,0.0,1.225597146812176,0.0,1.297691096624657,4.001214214592692,0.0,1.4058320213433786
0.7956267554845019,1.2852432203980415,0.9180308717128869,2.6928905570244677,1.37704630756933,0.9180308717128869,0.0,0.48961646491353966,1.3770463075693302,0.9180308717128868,1.346445278512234,1.1016370460554643,1.9890668887112546,0.4284144067993472,0.45901543585644344,0.9792329298270793,0.0,1.1016370460554643,0.0,1.224041162283849,0.0,0.0,0.0,0.0,0.7650257264274056,0.7956267554845019,0.0,1.713657627197389,1.7748596853115812,0.0,0.9486319007699832,1.9584658596541586,0.0,0.0,3.213108050995104,2.2032740921109286,0.0,0.0,2.386880266453506
1.866350517084328,1.3889120127139185,1.6927365154950886,0.8680700079461992,1.0850875099327488,0.0,0.0,0.3472280031784796,0.0,0.0,0.0,0.0,0.0,0.0,0.0,0.0,0.0,0.0,0.0,0.0,0.0,0.0,0.0,0.0,0.0,0.0,0.0,0.0,0.0,0.0,0.0,0.0,0.0,1.4757190135085383,6.076490055623394,4.687578042909475,8.029647573502341,1.6493330150977783,1.6927365154950882
0.9038778957739798,1.2760629116809126,0.47852359188034227,3.190157279202282,0.0,0.0,2.233110095441597,0.0,0.47852359188034227,1.0633857597340939,0.0,0.0,0.0,0.0,3.190157279202282,0.0,0.0,0.0,1.0102164717473894,1.0633857597340939,0.0,0.0,1.222893623694208,0.0,7.975393198005703,0.0,0.0,0.0,1.5419093516144362,0.0,0.0,0.0,1.754586503561255,1.8077557915479596,0.0,15.312754940170953,0.0,0.0,0.0
0.8954827450392369,1.1513349579075902,1.1513349579075904,1.279261064341767,0.9594457982563251,0.38377831930253015,1.119353431299046,2.0468177029468273,1.7270024368613854,0.0,1.0553903780819578,0.38377831930253015,0.4157598459110743,0.0,0.9594457982563253,0.5117044257367068,0.0,0.0,0.0,0.0,0.6716120587794278,0.7035935853879719,0.0,0.7675566386050603,3.9976908260680215,1.6630393836442972,0.0,0.0,1.854928543295562,2.878337394768976,1.982854649729739,2.0468177029468273,0.0,1.087371904690502,0.0,1.1513349579075904,0.0,10.937682100122109,0.0
1.8348617030705934,0.9174308515352967,1.626354691358026,0.6672224374802158,0.2085070117125674,1.2510420702754046,0.2919098163975944,0.3336112187401079,0.0,0.0,0.45871542576764834,1.0008336562203237,0.0,0.0,0.0,0.0,0.0,0.0,0.0,0.0,0.8757294491927832,0.0,0.0,0.0,0.0,0.0,0.0,0.0,0.0,0.0,0.0,0.0,2.75229255460589,1.4178476796454584,0.0,10.5087533903134,12.343615093383992,0.0,0.0
1.0976885261771292,0.7683819683239904,0.823266394632847,0.9879196735594163,1.2348995919492702,0.823266394632847,0.3841909841619952,1.3172262314125551,0.24697991838985406,1.097688526177129,0.30186434469871054,2.3051459049719716,2.140492626045402,1.1525729524859858,2.881432381214964,0.4390754104708517,0.4665176236252799,0.4939598367797081,2.0856081997365457,2.195377052354258,0.0,2.4149147575896843,0.0,0.0,1.3721106577214113,0.0,2.2228192655086865,0.0,0.0,0.0,0.0,6.147055746591923,0.0,0.0,0.960477460404988,0.0,0.0,1.0428040998682728,2.1404926260454022
0.8664624708944468,0.4726158932151528,1.4178476796454587,1.260309048573741,0.9846164441982349,0.9452317864303057,0.2756926043755058,0.9452317864303056,0.7089238398227292,0.393846577679294,1.7329249417888937,0.47261589321515285,2.0480022039323287,0.0,0.590769866518941,1.260309048573741,4.686774274383598,1.4178476796454584,0.0,3.150772621434352,2.4812334393795523,4.332312354472235,0.9058471286623763,0.0,0.9846164441982349,0.0,1.0633857597340939,0.0,1.1421550752699525,0.0,0.0,0.0,0.0,1.3390783641095996,2.7569260437550582,0.0,1.4572323374133878,0.0,4.60800495884774
1.6147709684851057,1.3390783641095998,1.0633857597340939,0.9452317864303056,0.5907698665189409,1.4178476796454587,0.2756926043755058,0.6301545242868705,0.3544619199113646,0.0,0.8664624708944468,0.47261589321515285,0.0,1.6541556262530348,0.590769866518941,0.0,0.0,0.7089238398227292,0.7483084975906587,0.787693155358588,0.0,0.0,0.0,0.0,0.0,1.0240011019661643,0.0,0.0,0.0,1.181539733037882,4.883697563223246,1.260309048573741,0.0,0.0,0.0,0.0,4.371697012240164,0.0,3.0720033058984937
1.6452383452489756,1.284088464584566,0.7222997613288186,0.8025552903653539,0.8025552903653538,1.9261326968768495,0.28089435162787385,0.0,0.0,0.4012776451826769,0.8828108194018892,0.9630663484384248,0.0,0.0,0.6019164677740154,0.642044232292283,0.0,0.0,0.7624275258470862,0.0,0.0,0.0,0.0,0.0,0.0,1.04332187747496,0.0,0.0,0.0,0.0,0.0,0.0,3.9726486873085016,4.093031980863305,0.0,1.444599522657637,5.938909148703618,3.0497101033883447,4.69494844863732
0.8693372634322519,1.8007700456810933,1.6765790080479148,0.4967641505327154,0.6209551881658941,0.5588596693493049,0.43466863171612596,0.0,0.8382895040239573,0.31047759408294706,0.0,1.1177193386986097,1.2108626169234937,3.912017685445134,0.46571639112442065,1.4902924515981462,0.0,1.1177193386986097,0.0,0.0,0.0,0.0,0.0,2.9805849031962928,0.7761939852073677,8.072417446156624,0.8382895040239572,0.0,0.0,0.0,0.0,0.0,0.0,0.0,0.0,0.0,6.892602588641426,2.359629715030398,0.0
1.672741644525541,1.3381933156204326,1.0036449867153248,0.38234094732012364,0.4779261841501545,2.0072899734306495,0.3345483289051082,0.0,1.2904006972054174,0.4779261841501545,0.0,1.147022841960371,0.0,0.0,0.7168892762252318,0.0,0.0,0.0,0.0,0.0,0.0,0.0,0.0,0.0,2.3896309207507724,0.0,0.0,4.014579946861298,0.0,1.4337785524504636,0.0,0.0,0.0,9.749694156663152,3.345483289051082,0.0,0.0,0.0,0.0
1.3412072645294877,0.9963253965076194,1.7244093401093417,0.7664041511597073,0.5748031133697805,1.3795274720874733,0.5364829058117951,0.9196849813916488,1.3795274720874733,2.299212453479122,0.843044566275678,0.45984249069582445,0.49816269825380977,0.0,0.0,0.6131233209277659,0.0,0.0,1.456167887203444,3.832020755798536,0.0,0.843044566275678,0.0,0.0,0.0,0.0,2.06929120813121,1.0729658116235903,0.0,0.0,0.0,0.0,0.0,0.0,0.0,0.0,2.835695359290917,0.0,1.4944880947614294
1.2852432203980415,1.1628391041696566,0.9180308717128869,1.3464452785122338,0.4590154358564434,1.4688493947406192,0.4284144067993472,1.7136576271973887,0.5508185230277322,0.30601029057096224,0.0,0.0,0.0,0.0,0.9180308717128869,0.0,1.0404349879412718,1.1016370460554643,2.9070977604241417,1.224041162283849,0.0,0.0,0.0,0.0,0.0,0.0,1.6524555690831964,0.8568288135986944,0.0,2.7540926151386604,0.9486319007699832,2.937698789481238,0.0,6.242609927647631,1.071036016998368,1.1016370460554643,1.1322380751125605,2.3256782083393133,0.0
1.2900089544315239,1.255143847554996,0.9413578856662471,0.13946042750611068,0.17432553438263834,0.20919064125916606,0.732167244407081,0.5578417100244427,0.0,0.3486510687652767,0.3835161756418044,0.8367625650366642,1.812985557579439,4.393003466442487,2.09190641259166,0.5578417100244427,0.0,0.0,1.9873110919620771,0.0,0.0,0.0,0.0,0.0,0.8716276719131917,2.719478336369158,4.706789428331235,0.0,1.0110880994193023,0.0,0.0,0.0,3.4516455807762387,0.0,0.0,0.0,0.0,5.2994962452322065,10.877913345476633
1.6873559162722813,0.9842909511588307,0.9491377029031584,0.2812259860453802,0.35153248255672526,0.0,0.2460727377897077,0.0,0.0,0.35153248255672526,0.3866857308123978,0.4218389790680704,1.8279689092949714,0.4921454755794154,1.0545974476701758,1.1249039441815207,1.1952104406928659,6.9603431546231604,2.6716468674311122,0.7030649651134505,0.0,5.413600231373569,1.6170494197609364,0.0,1.7576624127836262,0.0,1.8982754058063163,0.0,1.0194441994145031,0.0,0.0,1.1249039441815207,0.0,0.0,0.0,0.0,0.0,0.0,0.0
1.1563029620409564,1.7344544430614346,2.1061232522888855,0.3303722748688447,1.2388960307581676,0.24777920615163354,1.1563029620409564,0.6607445497376894,0.0,0.8259306871721116,0.9085237558893229,1.4866752369098013,0.0,0.5781514810204782,0.6194480153790838,0.0,0.0,0.0,0.0,0.0,0.0,0.0,0.0,0.0,2.064826717930279,0.0,0.0,0.0,0.0,2.477792061516335,0.0,1.3214890994753787,1.362785633833984,1.40408216819259,1.4453787025511955,1.486675236909801,3.055943542536813,0.0,3.2211296799712357
1.644703308388732,1.8148450299461871,0.8507086077872752,0.6805668862298201,0.8507086077872751,0.6805668862298202,0.3969973503007284,1.8148450299461871,0.0,0.0,1.2477059580880037,0.0,0.0,0.0,0.0,0.0,0.0,1.0208503293447302,0.0,0.0,0.0,0.0,0.0,0.0,0.0,0.0,0.0,0.0,0.0,0.0,0.0,1.8148450299461871,3.7431178742640103,0.0,0.0,2.0417006586894604,4.196829131750557,6.465385419183291,0.0
1.3795274720874733,0.5173228020328025,0.8622046700546708,0.6897637360437366,0.8622046700546707,0.5173228020328026,0.0,0.4598424906958244,1.034645604065605,0.5748031133697805,0.6322834247067586,0.3448818680218683,0.37362202369035735,1.6094487174353855,0.43110233502733536,0.9196849813916488,4.397243817278821,2.5866140101640123,3.8224407039090407,1.7244093401093414,4.224802883267887,0.0,1.3220471607504953,1.3795274720874733,0.7185038917122256,0.0,0.0,0.0,4.167322571930908,0.0,1.7818896514463196,0.0,0.9484251370601378,1.9543305854572537,0.0,0.0,1.0633857597340939,0.0,0.0
1.181539733037882,1.575386310717176,1.654155626253035,0.4726158932151528,0.196923288839647,0.9452317864303057,1.1027704175020232,0.9452317864303056,1.4178476796454584,0.393846577679294,0.4332312354472234,0.47261589321515285,0.0,0.0,0.590769866518941,0.0,0.6695391820547998,0.0,1.4966169951813173,0.0,0.0,0.0,0.0,0.0,0.9846164441982349,0.0,0.0,0.0,0.0,1.181539733037882,3.6627731724174346,2.520618097147482,3.8990811190250105,1.3390783641095996,0.0,0.0,0.0,10.476318966269222,0.0
1.291254136819971,0.911473508343509,1.7090128281440795,1.0633857597340939,0.7595612569529241,0.6836051312576318,0.0,0.6076490055623394,0.0,0.37978062847646205,0.4177586913241083,0.9114735083435092,0.0,0.5316928798670469,0.5696709427146931,0.0,0.0,0.0,0.0,0.0,0.0,0.0,1.7469908909917258,0.0,2.8483547135734653,0.0,0.0,0.0,1.10136382258174,1.1393418854293862,1.1773199482770325,0.0,1.2532760739723248,1.291254136819971,1.3292321996676173,5.468841050061054,4.215564976088729,5.7726655528422235,10.368011157407416
0.7670323512836087,1.673525130073328,0.8367625650366642,1.1156834200488854,1.7432553438263831,1.255143847554996,0.732167244407081,0.5578417100244427,0.0,2.0919064125916598,0.0,1.255143847554996,0.0,0.0,0.0,0.0,0.0,0.0,0.6624370306540258,0.6973021375305534,0.7321672444070811,0.0,0.8018974581601365,0.0,0.0,1.812985557579439,0.0,3.904891970171099,1.0110880994193023,5.22976603147915,2.1616366263447158,2.231366840097771,0.0,0.0,3.660836222035405,2.510287695109992,0.0,5.2994962452322065,1.3597391681845792
1.468036978039988,1.505678951835885,1.5809628994276796,0.7528394759179425,0.5646296069384569,1.3551110566522968,0.0,1.8068147422030623,0.0,0.0,0.0,0.0,0.0,0.0,0.0,0.0,0.0,0.0,0.0,0.7528394759179425,0.0,0.0,0.0,0.0,0.0,0.0,0.0,0.0,0.0,1.1292592138769137,2.333802375345622,2.409086322937416,0.0,0.0,3.9524072485691986,2.710222113304593,5.571012121792775,0.0,7.340184890199941
0.7280839436017219,1.5328083023194146,0.9196849813916489,2.7590549441749466,0.5748031133697805,0.6897637360437366,1.6094487174353855,1.2262466418555318,0.3448818680218683,0.38320207557985364,1.686089132551356,1.3795274720874733,0.49816269825380977,0.5364829058117951,0.0,0.0,0.0,0.0,0.0,0.0,0.8047243587176927,0.843044566275678,4.406823869168317,0.9196849813916489,0.0,0.0,1.034645604065605,2.1459316232471806,0.0,1.149606226739561,0.0,2.4524932837110636,1.264566849413517,0.0,1.3412072645294877,4.13858241626242,0.0,0.0,0.0
0.714881183014517,0.8578574196174203,3.0025009686609714,0.5719049464116135,0.0,0.6433930647130653,1.2510420702754048,1.429762366029034,0.9650895970695978,0.7148811830145168,0.0,0.8578574196174203,0.464672768959436,0.0,0.0,0.5719049464116135,0.0,0.0,0.0,0.0,0.0,0.0,0.8221133604666945,0.0,0.0,0.0,0.0,0.0,0.0,0.0,0.0,0.0,0.0,0.0,0.0,9.007502905982912,31.74072452584455,1.3582742477275822,0.0
2.1267715194681878,0.6944560063569593,1.041684009535439,0.5208420047677195,0.0,1.041684009535439,0.6076490055623394,1.3889120127139185,0.7812630071515791,0.0,0.47743850437040947,0.0,0.0,1.822947016687018,0.0,0.0,0.0,0.0,2.4739995226466673,0.0,0.911473508343509,0.0,0.0,0.0,2.170175019865497,2.2569820206601174,1.1718945107273686,0.0,0.0,0.0,0.0,0.0,0.0,1.4757190135085383,0.0,0.0,4.817788544101405,0.0,1.6927365154950882
1.595078639601141,2.0603099094848067,0.9969241497507131,0.9304625397673322,0.4984620748753565,0.5981544898504279,0.9304625397673322,0.26584643993352347,0.5981544898504279,0.3323080499169043,0.3655388549085948,0.0,0.0,0.4652312698836661,0.0,0.0,1.694771054576212,0.0,0.0,0.0,0.0,0.0,0.0,1.595078639601141,0.0,0.0,0.0,0.0,0.0,0.0,0.0,0.0,4.386466258903137,2.2596947394349494,0.0,0.0,0.0,5.051082358736946,1.296001394675927
1.3115091036720492,1.1342781437163667,1.1697243357075033,1.2760629116809126,0.7089238398227292,2.1267715194681878,0.992493375751821,0.2835695359290917,0.6380314558404564,0.0,1.1697243357075033,0.0,0.0,0.0,0.0,0.0,0.0,0.0,0.0,0.0,0.0,0.0,0.0,0.0,0.0,0.0,0.0,0.0,4.11175827097183,0.0,1.0988319517252305,0.0,0.0,2.4103410553972795,6.203083598448881,1.2760629116809128,7.869054622032295,1.3469552956631856,4.147204462962967
0.8770191832858506,1.315528774928776,1.4470816524216537,0.7016153466286805,1.096273979107313,0.7893172649572657,0.3069567141500477,1.403230693257361,1.1839758974358985,0.0,2.4118027540360893,0.0,0.0,0.0,0.0,0.0,0.0,0.0,0.8331682241215581,0.0,0.0,0.0,0.0,0.0,0.0,0.0,0.0,0.0,7.630066894586901,0.0,6.7968986704653425,4.209692079772084,1.4470816524216534,1.490932611585946,6.1391342830009545,0.0,6.4899419563152945,1.6663364482431162,0.0
1.5860668958745807,1.3697850464371377,1.1895501719059356,0.43256369887488566,0.9011743726560116,0.4325636988748857,0.2523288243436833,1.7302547954995426,0.0,0.0,0.3965167239686452,0.4325636988748857,1.4058320213433784,2.523288243436833,1.081409247187214,0.0,0.0,0.0,0.0,0.0,0.0,0.0,0.0,0.8651273977497714,0.0,1.8744426951245046,0.0,1.0093152973747332,0.0,0.0,0.0,2.3070063939993903,0.0,0.0,6.308220608592082,1.297691096624657,2.6674761430617946,1.369785046437138,0.0
1.1342781437163667,0.921600991769548,1.0633857597340939,1.4178476796454584,0.7089238398227292,1.7014172155745504,0.992493375751821,0.8507086077872752,2.233110095441597,1.4178476796454584,0.3899081119025011,0.4253543038936376,0.0,0.4962466878759105,1.595078639601141,0.0,0.0,0.0,2.0204329434947788,0.0,2.233110095441597,0.0,0.0,0.0,1.772309599556823,1.843201983539096,0.0,0.992493375751821,1.0279395677429575,2.1267715194681878,0.0,0.0,0.0,0.0,2.4812334393795523,0.0,3.9345273110161476,0.0,0.0
1.5269128857720322,1.0906520612657373,1.0906520612657375,1.1633621986834533,1.4542027483543165,0.0,0.2544854809620054,0.0,0.0,0.0,0.0,0.0,0.9452317864303058,0.0,3.817282214430081,0.0,0.0,0.6543912367594424,0.0,0.0,0.0,0.0,0.0,0.0,2.726630153164343,0.9452317864303058,0.0,0.0,0.0,2.1813041225314747,0.0,0.0,0.0,2.472144672202338,13.996701452910296,0.0,4.035412626683228,0.0,1.4178476796454589
1.5332538861282283,0.989196055566599,1.3354146750149087,0.19783921111331979,0.9891960555665988,1.7805529000198783,0.3462186194483096,1.5827136889065583,0.4451382250049695,0.4945980277832994,1.088115661123259,0.0,0.0,0.6924372388966192,0.0,0.0,0.0,0.0,0.0,0.0,0.0,0.0,1.137575463901589,0.0,2.472990138916497,0.0,4.006244025044726,0.0,0.0,1.4837940833498984,4.599761658384685,0.0,0.0,3.3632665889264364,0.0,0.0,1.830012702798208,0.0,3.8578646167097363
1.7480313858642638,0.6409448414835635,0.5244094157592792,0.34960627717285275,1.7480313858642638,0.1748031385864264,0.6118109850524923,0.932283405794274,0.26220470787963956,0.2913385643107106,0.0,0.0,0.7574802672078477,0.0,1.311023539398198,0.466141702897137,0.0,0.0,0.0,0.0,0.0,1.281889682967127,0.0,3.496062771728528,3.6417320538838824,0.0,0.0,0.0,0.0,0.0,0.0,1.864566811588548,2.884251786676035,0.0,0.0,3.1464564945556748,2.1559053758992586,1.1070865443807005,17.043306012176576
1.122935362279203,0.9527936407217481,2.6542108562962987,1.3611337724596402,0.8507086077872751,0.6125101976068381,0.0,0.544453508983856,0.6125101976068381,0.0,0.0,1.6333605269515685,0.44236847604938306,2.3819841018043704,0.0,0.0,0.0,0.0,0.6465385419183292,0.0,0.0,0.0,0.0,0.0,0.0,0.0,0.0,2.8583809221652445,0.9868219850332391,0.0,1.0548786736562212,0.0,2.245870724558406,1.1569637065906941,1.1909920509021852,2.4500407904273525,8.81334117667617,0.0,1.3271054281481494
1.432772392062779,0.08954827450392369,1.0745792940470844,0.7163861960313895,0.44774137251961843,0.5372896470235422,0.31341896076373293,0.35819309801569477,0.40296723526765665,0.44774137251961843,0.0,0.0,0.582063784275504,0.0,0.6716120587794276,0.0,0.7611603332833514,0.8059344705353133,0.8507086077872751,0.8954827450392369,1.8805137645823977,2.9550930586294823,3.089415470385368,0.0,0.0,0.0,0.0,0.0,0.0,4.029672352676567,0.0,1.432772392062779,0.0,1.5223206665667028,0.0,8.059344705353132,4.969929234967765,0.0,26.192870292397682
1.2303636889485383,1.1952104406928659,2.003735150573334,0.42183897906807033,0.8788312063918131,0.8436779581361408,0.9842909511588308,0.5624519720907604,0.6327584686021055,0.35153248255672526,0.0,0.4218389790680704,0.9139844546474857,0.9842909511588308,0.0,0.0,0.0,0.0,0.0,0.0,0.0,0.7733714616247956,0.0,0.0,0.8788312063918131,0.0,0.9491377029031581,0.0,0.0,0.0,2.1795013918516966,0.0,2.3201143848743864,0.0,2.4607273778970766,0.0,5.202680741839534,14.694057770871117,0.0
0.995510072942556,0.995510072942556,2.9865302188276686,1.2670128201087076,0.6787568679153789,0.0,0.3167532050271769,0.3620036628882022,0.0,1.8100183144410107,0.0,0.0,0.5882559521933285,0.6335064100543538,1.357513735830758,0.0,0.0,0.0,0.0,0.0,0.0,0.995510072942556,0.0,0.0,0.0,1.176511904386657,0.0,0.0,0.0,6.78756867915379,0.0,0.0,0.0,3.0770311345497183,0.0,0.0,16.74266940857935,0.0,0.0
0.841610120003454,1.9561748735215416,0.34119329189329217,0.8188639005439011,0.5686554864888202,2.18363706811707,1.5922353621686967,0.18196975567642248,0.20471597513597528,0.45492438919105616,0.5004168281101619,0.0,0.0,0.6368941448674786,1.0235798756798766,1.8196975567642248,0.0,1.6377278010878022,0.4321781697315034,0.9098487783821123,0.0,0.5004168281101619,0.0,0.0,0.0,0.0,0.0,0.0,0.6596403643270314,0.0,0.0,2.18363706811707,5.254376695156698,0.7733714616247955,1.5922353621686967,0.8188639005439011,1.6832202400069078,18.151483128723143,0.0
1.4977264221606954,0.9585449101828453,0.44931792664820874,0.47927245509142263,0.8986358532964173,0.359454341318567,1.048408495512487,1.677453592819979,0.5391815119778505,0.0,0.6589996257507061,0.0,0.38940886976178085,0.0,0.0,0.47927245509142263,1.018453967069273,0.0,1.707408121263193,3.594543413185669,0.0,0.0,0.0,0.0,1.4977264221606956,0.0,0.0,0.0,0.0,0.8986358532964174,1.8571807634792628,7.668359281462762,1.976998877252118,0.0,6.290450973074922,2.156726047911402,2.2166351047978297,2.2765441616842574,3.504679827856028
2.0433687147831607,0.9174308515352967,0.7506252421652428,0.5004168281101619,0.4170140234251348,0.7506252421652428,0.0,0.3336112187401079,0.0,0.0,0.0,0.0,1.626354691358026,0.5838196327951888,0.0,0.6672224374802158,0.0,0.0,0.0,0.0,0.0,0.0,1.9182645077556204,2.0016673124406474,0.0,2.168472921810701,0.0,0.0,0.0,0.0,0.0,0.0,0.0,0.0,5.838196327951888,1.5012504843304855,0.0,0.0,17.889901604938288
1.8045334104578563,1.1170921112358159,2.9645906028950497,0.5155809744165304,0.21482540600688765,0.0,0.0,0.3437206496110203,0.7733714616247956,0.0,0.0,0.0,0.5585460556179079,0.0,0.644476218020663,0.0,0.0,0.0,0.8163365428261732,0.0,0.0,0.0,0.0,0.0,0.0,2.2341842224716317,0.0,0.0,1.2459873548399485,0.0,0.0,0.0,0.0,0.0,0.0,3.0934858464991826,6.358832017803874,3.2653461713046927,0.0
1.3211762469423591,0.8378190834268618,2.1267715194681878,0.644476218020663,1.12783338153616,0.3866857308123978,0.22556667630723204,0.0,0.0,0.6444762180206629,0.0,1.1600571924371934,0.4189095417134309,0.0,0.48335716351549723,0.5155809744165304,0.0,0.0,0.0,0.6444762180206629,1.3534000578433922,0.0,1.4822953014475249,1.5467429232495913,0.0,0.0,0.0,0.0,0.0,0.0,0.0,0.0,1.0633857597340939,8.764876565081016,3.3835001446084805,1.1600571924371934,8.345967023367585,1.2245048142392596,6.283643125701465
0.8876959385606349,0.9616706001073545,0.887695938560635,0.2958986461868783,1.1096199232007935,1.5534678924811114,0.5178226308270371,0.5917972923737566,0.6657719539204762,0.0,0.8137212770139154,0.4438479692803175,0.48083530005367725,1.0356452616540741,1.1096199232007937,1.7753918771212698,0.0,0.6657719539204762,0.0,0.7397466154671957,0.7767339462405556,0.0,0.8507086077872752,1.77539187712127,2.7740498080019838,3.846682400429418,0.0,3.106935784962222,1.0726325924274338,0.0,0.0,1.1835945847475131,7.323491493125236,12.575692462942326,1.2945565770675926,0.0,0.0,4.216555708163016,0.0
0.7802357053670275,1.610809198177089,0.9060801739746127,1.9128359228352931,0.3775334058227552,0.6040534493164085,0.5285467681518573,1.2081068986328167,0.6795601304809594,0.2516889372151701,0.0,0.0,0.0,1.761822560506191,0.0,0.4027022995442722,3.8508407393921034,3.171280608911144,1.43462694212647,0.0,0.0,1.661146985620123,1.1577691111897828,1.8121603479492254,1.2584446860758507,3.9263474205566546,0.0,0.7047290242024764,0.0,0.7550668116455104,2.3407071161010826,0.0,1.6611469856201229,0.0,0.0,4.530400869873063,0.0,1.9128359228352931,0.0
2.1267715194681878,0.954877008740819,0.13021050119192987,0.5208420047677195,1.953157517878948,0.0,0.3038245027811697,0.0,0.0,0.43403500397309946,0.0,0.5208420047677195,0.0,0.0,0.0,0.0,0.0,0.0,0.0,0.0,0.0,0.0,0.9982805091381289,1.041684009535439,0.0,0.0,1.1718945107273686,0.0,0.0,0.0,0.0,0.0,0.0,1.4757190135085383,4.557367541717545,0.0,0.0,3.2986660301955566,22.00557470143615
1.0008336562203237,1.6680560937005393,0.25020841405508093,1.1676392655903778,0.8340280468502697,1.0008336562203237,0.2919098163975944,0.0,0.7506252421652427,0.8340280468502697,0.0,0.0,1.0842364609053505,1.1676392655903776,1.2510420702754046,0.0,0.0,0.7506252421652427,1.5846532890155125,2.5020841405508087,2.6271883475783495,0.0,0.0,0.0,1.042535058562837,2.168472921810701,0.0,1.1676392655903776,2.418681335865782,0.0,3.8782304178537546,4.003334624881295,0.0,4.2535430389363755,1.459549081987972,0.0,1.542951886672999,6.33861315606205,0.0
1.6007957673416466,1.3721106577214115,1.9209549208099763,0.1829480876961882,0.4573702192404705,0.5488442630885647,0.6403183069366588,0.3658961753923764,0.4116331973164235,0.914740438480941,0.5031072411645175,0.0,0.0,0.0,0.0,0.0,0.0,0.0,0.0,0.0,0.0,0.0,0.0,0.0,0.0,0.0,0.0,0.0,0.0,2.744221315442823,2.8356953592909173,0.0,0.0,3.1101174908351994,0.0,0.0,3.384539622379482,1.7380068331137881,14.269950840302682
1.5115896749939186,0.5624519720907604,0.7382182133691232,0.0,0.7030649651134505,0.8436779581361408,2.9528728534764923,0.0,0.9491377029031582,0.7030649651134505,0.0,0.4218389790680704,0.45699222732374284,0.0,1.0545974476701758,0.0,1.1952104406928659,2.531033874408422,2.003735150573334,1.406129930226901,1.4764364267382462,2.320114384874387,0.8085247098804682,0.0,0.0,0.0,0.0,0.0,0.0,1.0545974476701758,3.269252087777545,2.2498078883630415,3.48017157731158,0.0,0.0,0.0,0.0,0.0,10.967813455769829
1.053258276308055,2.0254966852077976,1.5798874144620827,0.8101986740831191,0.8101986740831192,0.2430596022249358,0.5671390718581835,0.3240794696332477,0.36458940333740364,1.2152980111246785,0.0,0.4861192044498716,0.5266291381540275,0.0,0.0,0.0,0.0,0.0,0.0,0.0,0.0,0.0,0.0,0.0,0.0,0.0,0.0,0.0,0.0,0.0,0.0,0.0,0.0,0.0,9.92493375751821,5.833430453398458,0.0,12.315019846063413,4.739662243386247
0.8874298426557906,0.6120205811419245,0.5508185230277322,0.6120205811419245,3.3661131962805846,0.9180308717128869,1.499450423797715,0.0,1.1016370460554643,1.224041162283849,1.0098339588841756,1.4688493947406192,0.39781337774225095,1.2852432203980417,0.0,3.4273152543947774,2.601087469853179,0.0,1.1628391041696566,0.0,0.6426216101990209,0.673222639256117,1.4076473366264266,2.2032740921109286,0.0,0.7956267554845019,0.0,4.284144067993472,1.7748596853115812,0.0,0.0,1.9584658596541586,0.0,0.0,3.213108050995104,0.0,0.0,2.3256782083393133,0.0
1.095609570635127,1.9334286540619887,0.3866857308123978,0.7733714616247955,0.32223810901033145,0.3866857308123978,0.9022667052289282,1.288952436041326,1.1600571924371934,1.9334286540619887,0.7089238398227293,0.0,0.0,1.3534000578433922,0.0,0.5155809744165304,0.0,0.0,0.0,1.2889524360413258,0.6767000289216961,0.7089238398227293,0.0,0.0,0.0,0.8378190834268618,0.0,1.8045334104578563,3.737962064519845,0.9667143270309945,4.994690689660138,0.0,1.0633857597340939,0.0,0.0,0.0,2.384562006676453,11.020543328153336,0.0
1.1249039441815207,1.6170494197609362,1.4764364267382464,0.5624519720907604,0.35153248255672526,0.4218389790680704,0.2460727377897077,0.2812259860453802,0.9491377029031582,1.406129930226901,0.0,0.4218389790680704,2.741953363942457,5.905745706952985,0.0,0.0,0.5976052203464329,0.6327584686021055,0.0,0.0,0.0,0.7733714616247956,0.0,0.0,0.0,1.8279689092949714,2.8474131087094747,0.9842909511588308,0.0,0.0,1.0897506959258483,0.0,0.0,2.3904208813857317,1.2303636889485383,0.0,0.0,0.0,4.112930045913686
1.822947016687018,1.0127483426038988,1.2152980111246787,1.3503311234718651,0.8439569521699156,0.2025496685207798,0.7089238398227292,0.540132449388746,0.911473508343509,0.3375827808679663,0.0,1.2152980111246787,0.0,0.9452317864303057,0.0,0.0,0.0,0.0,0.0,0.0,0.0,0.0,1.552880791992645,0.8101986740831192,0.0,0.8777152302567124,0.0,0.9452317864303057,0.0,1.0127483426038988,2.0930132413813913,0.0,1.1140231768642888,0.0,1.181539733037882,1.2152980111246787,0.0,3.848443701894816,1.3165728453850687
1.443863233400421,1.092653257708427,1.1706999189733145,0.624373290119101,0.5853499594866571,1.1706999189733145,2.731633144271067,0.3121866450595505,0.0,0.0,0.0,0.0,0.0,0.5463266288542135,0.5853499594866572,0.624373290119101,0.0,0.0,0.0,0.0,0.0,0.0,0.0,0.0,0.0,1.0146065964435391,0.0,0.0,1.1316765883408706,1.1706999189733145,0.0,0.0,3.8633097326119374,2.6535864830061793,2.731633144271067,2.809679805535955,8.663179400402527,4.4486596920985955,1.521909894665309
1.6644298848011905,0.46234163466699735,0.9709174328006946,1.2945565770675926,0.23117081733349865,3.6062647504025795,0.32363914426689816,2.219239846401587,0.0,0.0,0.0,0.0,0.0,0.0,0.6935124520004959,0.0,0.0,0.0,0.0,0.0,0.0,0.0,0.0,0.0,0.0,0.0,0.0,0.0,0.0,0.0,0.0,2.958986461868783,3.051454788802182,6.287846231471163,0.0,8.322149424005952,3.42132809653578,0.0,0.0
1.3087824735188849,2.2436270974609456,0.5609067743652364,0.7478756991536485,0.4674223119710303,0.5609067743652364,0.0,0.37393784957682424,0.0,0.0,0.5141645431681333,0.0,0.0,0.0,0.0,0.7478756991536485,0.0,0.8413601615478546,0.0,0.0,0.0,0.0,0.0,0.0,0.0,0.0,0.0,0.0,0.0,0.0,0.0,0.0,0.0,1.589235860701503,3.2719561837972124,1.6827203230957093,3.4589251085856243,24.866866996858814,5.468841050061055
1.5705389682226618,1.374221597194829,0.9815868551391638,1.1779042261669963,1.1451846643290242,0.19631737102783275,0.22903693286580484,0.261756494703777,0.0,0.32719561837972116,0.0,0.0,0.0,0.9161477314632194,0.0,0.523512989407554,0.0,1.7668563392504946,0.6216716749214704,0.0,0.6871107985974145,0.0,0.0,0.785269484111331,0.0,0.8507086077872752,0.0,0.0,0.0,0.0,0.0,0.0,0.0,1.1124651024910521,1.1451846643290242,0.0,9.684990304039747,4.973373399371763,8.93244038176639
1.515630278241697,1.4667389789435779,0.44002169368307337,0.5866955915774311,0.48891299298119256,2.3467823663097245,0.3422390950868348,0.0,0.44002169368307337,0.0,0.5378042922793118,0.0,0.0,0.0,0.0,0.0,0.0,0.8800433873661467,0.9289346866642659,0.0,0.0,2.1512171691172473,0.0,4.693564732619449,0.0,0.0,0.0,0.0,1.4178476796454584,2.9334779578871553,0.0,0.0,4.840238630513806,1.6623041761360546,0.0,3.520173549464587,0.0,0.0,9.533803363133256
1.022169257418819,0.923249651862159,0.7913568444532793,0.6594640370443993,1.4837940833498984,1.7805529000198783,1.846499303724318,1.0551424592710388,0.890276450009939,2.637856148177597,0.7254104407488392,0.0,0.0,0.923249651862159,0.4945980277832995,0.5275712296355194,0.0,0.5935176333399594,0.0,0.6594640370443993,0.0,0.0,0.0,2.3740705333598378,0.0,0.8573032481577191,0.0,0.0,2.868668561143137,1.978392111133198,2.044338514837638,1.0551424592710388,1.0881156611232587,3.3632665889264364,1.1540620648276987,1.1870352666799189,4.8800338741285545,0.0,0.0
1.044051473193474,1.0827200462747137,1.3920686309246322,0.1546742923249591,0.3866857308123977,1.6240800694120707,0.5413600231373569,0.0,1.392068630924632,0.3866857308123977,0.0,1.3920686309246322,0.502691450056117,1.0827200462747137,3.48017157731158,2.4747886771993457,1.3147314847621523,0.0,0.0,0.0,0.0,0.8507086077872751,0.8893771808685149,1.8560915078995095,4.833571635154972,3.0161487003367027,0.0,0.0,0.0,0.0,1.1987257655184331,0.0,7.6563774700854745,0.0,0.0,0.0,0.0,4.408217331261334,0.0
1.3697850464371377,0.7209394981248094,1.5139729460621,1.4418789962496188,0.3604697490624047,0.4325636988748857,0.0,1.1535031969996952,0.0,0.0,0.0,0.0,0.0,0.0,0.0,0.0,0.0,1.297691096624657,6.84892523218569,0.0,0.0,3.1721337917491614,0.0,0.0,0.0,0.0,0.0,0.0,0.0,0.0,0.0,0.0,0.0,0.0,2.523288243436833,5.190764386498628,0.0,2.739570092874276,19.6816482988073
1.0633857597340939,1.2269835689239543,1.7177769964935363,0.49079342756958183,0.817989045949303,1.9631737102783275,1.7177769964935363,0.0,1.1042852120315592,2.453967137847909,0.0,0.4907934275695819,0.5316928798670469,0.0,0.0,0.6543912367594424,0.0,0.0,0.0,0.817989045949303,0.8588884982467682,0.8997879505442333,0.0,0.9815868551391638,0.0,0.0,0.0,2.2903693286580484,1.1860841166264893,1.2269835689239545,0.0,0.0,2.6993638516327,1.3905813781138152,0.0,0.0,4.539839205018632,0.0,3.1901572792022823
1.1342781437163667,1.449355405859802,0.8507086077872752,1.260309048573741,0.9452317864303056,0.9452317864303057,0.44110816700080935,0.0,0.5671390718581835,0.31507726214343523,2.079509930146673,0.37809271457212235,0.4096004407864658,0.0,1.8904635728606114,0.0,0.5356313456438399,0.5671390718581835,0.598646798072527,0.6301545242868705,1.9849867515036421,0.6931699767155576,0.7246777029299011,0.0,3.150772621434352,0.0,2.552125823361825,0.0,2.7411721806478866,0.0,1.9534790252892986,0.0,0.0,3.2137880738630393,0.0,1.134278143716367,1.1657858699307104,3.591880788435162,0.0
1.248322413600893,1.5719615578677908,0.8322149424005952,0.3698733077335979,0.4623416346669973,3.051454788802183,0.9709174328006944,0.0,0.8322149424005952,0.0,0.5085757981336971,1.6644298848011905,2.404176500268386,0.0,0.6935124520004959,0.0,0.0,0.0,0.878449105867295,0.0,0.9709174328006944,0.0,0.0,0.0,0.0,0.0,2.4966448272017856,2.5891131541351853,1.3407907405342923,1.3870249040009919,0.0,0.0,0.0,7.859807789338954,0.0,0.0,0.0,0.0,0.0
0.7569864730310498,1.297691096624657,1.1895501719059356,0.5767515984998476,1.081409247187214,0.8651273977497714,0.7569864730310499,0.2883757992499238,1.297691096624657,0.3604697490624047,1.5860668958745807,3.4605095909990857,1.8744426951245046,1.0093152973747332,0.0,0.5767515984998476,6.740784307466968,0.6488455483123285,0.684892523218569,1.4418789962496188,2.27095941909315,0.7930334479372904,2.487241268530593,0.0,0.0,0.9372213475622523,0.9732683224684927,0.0,1.0453622722809737,0.0,0.0,0.0,1.1895501719059354,0.0,0.0,0.0,0.0,0.0,0.0
1.7014172155745504,2.2685562874327334,0.7443700318138659,0.5671390718581834,1.2406167196897762,0.0,0.4962466878759105,0.0,0.0,0.3544619199113646,0.0,0.0,0.0,0.0,0.0,0.0,0.0,0.0,0.0,0.0,0.0,0.0,0.0,0.0,0.0,0.0,0.0,0.0,0.0,1.0633857597340939,0.0,0.0,0.0,0.0,3.7218501590693287,1.2760629116809128,1.311509103672049,6.734776478315928,11.059211901234578
1.873119870357303,1.6389798865626402,0.11706999189733146,0.0,0.19511665316221904,0.46827996758932583,0.8194899432813201,3.434053095655056,2.107259854151966,0.3902333063244381,0.0,0.0,0.5073032982217696,0.0,0.0,0.0,0.0,0.0,0.0,0.0,0.0,0.0,0.0,0.9365599351786517,0.0,0.0,0.0,0.0,1.1316765883408706,1.1706999189733145,3.629169748817275,1.248746580238202,2.5755398217412915,1.3267932415030896,0.0,1.4048399027679774,2.887726466800842,0.0,1.521909894665309
1.3412072645294877,0.843044566275678,0.6897637360437366,0.9196849813916488,0.958005188949634,1.8393699627832978,0.8047243587176928,1.5328083023194146,1.034645604065605,0.38320207557985364,0.421522283137839,0.0,0.9963253965076195,0.0,0.0,0.0,0.0,0.0,0.0,0.0,0.8047243587176927,0.0,0.0,0.0,0.0,0.0,4.13858241626242,0.0,0.0,0.0,4.751705737190186,8.58372649298872,3.793700548240551,3.9086611709145074,0.0,0.0,0.0,0.0,4.483464284284288
1.443166388210556,1.974859268077603,1.1393418854293864,0.4557367541717545,0.18989031423823102,0.2278683770858773,1.0633857597340939,0.911473508343509,0.0,0.37978062847646205,0.0,0.0,0.49371481701940073,0.0,0.5696709427146931,1.822947016687018,0.0,0.6836051312576318,0.7215831941052779,2.2786837708587724,0.7975393198005704,1.6710347652964332,0.0,0.9114735083435092,3.7978062847646203,0.0,0.0,0.0,0.0,0.0,0.0,0.0,0.0,0.0,0.0,4.1016307875457905,2.810376650725819,2.8863327764211117,0.0
0.925941341809279,1.2731693449877586,1.4757190135085387,0.5787133386307994,2.748888358496297,0.6944560063569594,0.4050993370415596,0.6944560063569593,0.26042100238385973,0.0,0.0,0.3472280031784797,0.0,0.8101986740831192,2.170175019865498,0.0,0.49190633783617943,0.5208420047677195,0.5497776716992594,1.1574266772615986,3.0382450278116973,0.0,0.6655203394254193,1.3889120127139187,0.7233916732884992,3.009309360880157,0.0,0.0,1.6782686820293182,0.0,0.8970056748777391,0.925941341809279,0.9548770087408189,0.9838126756723589,7.089238398227292,0.0,3.2118590294009364,0.0,0.0
1.3165728453850687,1.3165728453850687,1.5191225139058484,0.8101986740831191,0.2531870856509747,0.3038245027811697,3.1901572792022814,0.0,0.4557367541717545,1.5191225139058482,0.0,0.0,0.0,0.0,0.0,0.0,0.8608360912133141,0.0,0.0,1.0127483426038988,0.0,0.0,0.0,0.0,0.0,0.0,0.0,0.0,0.0,1.5191225139058484,0.0,1.6203973481662381,8.355173826482165,0.0,0.0,0.0,7.494337735268851,5.7726655528422235,0.0
1.2373943385996728,1.4694057770871116,0.34801715773115804,0.4640228769748773,0.5800285962185966,0.9280457539497547,0.0,0.3093485846499182,0.348017157731158,0.0,0.0,1.3920686309246322,0.0,0.0,0.0,0.0,0.0,2.784137261849264,5.14292021980489,1.5467429232495908,2.436120104118106,4.2535430389363755,0.0,0.0,0.0,0.0,0.0,0.0,0.0,0.0,0.0,0.0,0.0,0.0,2.7068001156867845,1.392068630924632,0.0,11.755246216696893,13.572669151515163
0.9064927787897193,1.3248740613080514,1.1505485269254132,1.255143847554996,2.266231946974298,0.627571923777498,1.7083902369498558,0.5578417100244427,0.313785961888749,0.6973021375305534,0.0,0.4183812825183321,0.0,0.0,2.09190641259166,1.673525130073328,0.0,0.0,0.0,0.0,0.0,0.0,0.0,0.0,1.7432553438263834,0.0,0.0,0.0,0.0,1.04595320629583,1.0808183131723579,1.1156834200488854,1.150548526925413,3.556240901405822,4.881114962713874,3.765431542664988,2.5800179088630473,3.9746221839241542,0.0
0.97010630712584,0.8954827450392369,1.6417183659052679,1.1939769933856492,0.9949808278213742,0.29849424834641236,2.437703028162367,0.39799233112854976,0.0,0.0,0.8208591829526338,0.29849424834641236,0.32336876904194667,0.0,0.0,0.39799233112854976,1.2686005554722521,0.0,0.47261589321515285,0.0,0.0,1.0944789106035118,2.8605698799864516,1.790965490078474,0.0,0.0,0.0,0.0,0.7213611001704964,0.0,0.0,0.0,4.104295914763169,2.5372011109445043,10.44729869212443,0.895482745039237,3.6814290629390847,5.671390718581834,1.9402126142516802
1.5360016529492466,0.6498468531708352,0.7975393198005705,0.4726158932151528,1.3292321996676173,0.35446191991136466,0.4135389065632587,0.4726158932151528,0.26584643993352347,0.29538493325947046,0.32492342658541756,1.0633857597340939,0.0,0.8270778131265174,0.44307739988920575,1.8904635728606112,2.0086175461643996,1.0633857597340939,2.244925492771976,4.135389065632587,4.342158518914217,2.5993874126833405,0.6793853464967822,0.7089238398227293,0.7384623331486762,0.0,0.7975393198005704,1.6541556262530348,0.8566163064524644,0.0,0.0,0.0,0.0,0.0,0.0,0.0,0.0,0.0,5.760006198559676
1.546742923249591,0.713881349192119,1.0708220237881787,0.11898022486535316,0.4461758432450743,0.0,0.6246461805431042,0.23796044973070632,2.141644047576357,0.5949011243267658,0.9815868551391637,1.0708220237881787,1.933428654061989,0.8328615740574722,0.0,0.9518417989228253,0.505665955677751,1.0708220237881785,1.130312136220855,0.5949011243267658,0.0,1.3087824735188849,0.6841362929757807,0.7138813491921191,0.0,5.413600231373569,1.6062330356822676,0.0,3.4504265210952414,0.8923516864901487,4.610483713532436,0.0,0.9815868551391635,0.0,1.04107696757184,0.0,0.0,0.0,3.4801715773115807
1.6263546913580258,0.9174308515352967,0.8757294491927834,1.3344448749604316,0.4170140234251348,0.5004168281101619,0.8757294491927832,0.3336112187401079,1.125937863247864,0.4170140234251348,1.3761462773029451,0.0,0.0,1.7514588983855663,2.502084140550809,0.0,1.4178476796454584,0.7506252421652427,2.376979933523269,0.0,0.0,0.0,0.0,1.0008336562203237,1.042535058562837,0.0,0.0,0.0,1.209340667932891,1.2510420702754046,3.8782304178537546,0.0,0.0,0.0,0.0,0.0,3.085903773345998,0.0,0.0
