1.9170211173188023,0.7804666126488763,1.492642396690976,0.7609549473326543,0.5365707961961024,0.05853499594866573,0.27316331442710673,0.19511665316221907,0.39511122265349363,0.2438958164527738,1.502398229349087,2.6926098136386236,0.951193684165818,0.13658165721355336,2.1218936031391324,0.15609332252977526,0.0,0.26340748176899575,0.0,0.0,0.10243624291016501,0.214628318478441,0.0,3.043819789330618,3.0486977056596727,0.0,0.0,3.2779597731252803,0.5658382941704353,0.0,0.0,0.0,0.0,0.0,0.0,0.0,0.0,0.0,0.0
1.2367357497637392,2.514868512071872,1.2419103763317887,0.47606564426051895,0.698574586686631,0.27942983467465243,0.8693372634322519,0.5381611630771084,0.3260014737870945,0.051746265680491184,0.28460446124270156,0.0,0.1345402907692771,0.0,0.0,2.732202827929935,0.0,3.632587850770481,0.0,0.5174626568049119,0.0,7.741241345801481,0.0,0.0,0.12936566420122797,0.1345402907692771,0.0,0.0,0.0,0.0,0.0,0.0,0.0,0.35187460662734005,0.0,0.0,0.0,0.0,0.0
1.3110436733694704,0.6702196357135409,1.0846975683258624,1.1523074438583685,1.308104113563709,2.36340608383196,0.18519226776295208,1.6931864481184191,1.2698898360888142,0.0,2.2311258925727087,0.6702196357135409,0.49678560717363335,1.1111536065777123,2.8660708106171153,0.37626365513742643,0.09994503339587889,2.9101642077035326,0.16755490892838523,0.0,0.3086537796049202,1.6814282088953745,0.06760987553250632,0.07054943533826746,0.2939559805761144,0.8407141044476872,0.0,0.0,0.4262361718353659,0.0,0.0,0.0,0.0,0.0,0.0,0.0,0.0,0.0,0.0
1.8768758659306757,1.8396573643399825,0.6061298830484336,1.3185983420702765,0.05316928798670469,0.1595078639601141,0.0,0.17014172155745502,0.047852359188034224,0.0,0.0,0.06380314558404564,0.0,0.07443700318138657,0.0,0.0,0.9942656853513777,0.0,0.4040865886989557,0.0,0.44662201908831944,0.0,2.078919160280154,0.0,0.0,0.0,0.0,0.0,0.0,0.0,0.0,0.0,0.17545865035612548,0.0,7.81588533404559,1.722684930769232,0.0,0.0,14.929936066666679
1.5571938889472234,1.372560161622385,0.7315675988342661,0.7524695302295308,1.0102600174377958,0.5016463534863539,0.19508469302247097,0.4737771116260009,0.532999250579251,1.3586255406922083,1.686089132551356,0.9196849813916489,0.45287518023073614,0.5852540790674129,0.0,0.0,1.4805534738312527,3.887759239519242,0.19856834825501507,0.48771173255617734,0.5120973191839863,5.058267397654069,1.6826054773188122,0.0,0.26127414244080926,0.7246002883691779,0.0,0.0,0.0,0.0,0.0,0.0,0.0,0.0,0.0,0.0,0.0,0.0,0.0
1.3774122812379062,1.690460526973794,1.25610608601525,0.281743421162299,0.7826206143397194,1.4087171058114953,2.574821821177677,1.1895833337963737,0.7747944081963223,1.0174067986416353,0.4734854716755303,0.14087171058114953,0.2543516996604088,2.574821821177677,0.05869654607547896,0.0,0.19956825665662847,0.0,0.0,0.0,0.1643503290113411,0.0,0.09000137064906776,0.1878289474415327,0.2934827303773948,2.848739036196579,0.0,0.0,0.0,0.0,0.0,0.6260964914717756,0.1291324013660537,0.0,0.0,0.0,0.0,0.0,0.3052220395924906
1.5891887889681726,1.7648134260239545,0.3341151631792924,1.7305452041594116,0.9209584626095878,0.8995408239442487,0.23987755305179964,0.10280466559362841,0.5011727447689386,1.5420699839044263,2.9684847190160206,1.439265318310798,0.2784293026494103,0.0,0.4497704119721243,0.41121866237451365,0.0,0.4626209951713279,0.0,0.0,0.0,0.0,0.2955634135816817,0.0,0.428352773306785,0.33411516317929235,0.0,0.0,0.24844460851793532,0.0,0.0,0.27414577491634246,0.0,0.0,0.0,0.0,0.0,3.5810291848447235,0.0
1.630988180507194,1.204707178783723,0.6116205676901978,0.6672224374802158,0.7413582638669064,0.3058102838450989,0.16217212022088578,0.6672224374802158,0.4170140234251349,1.575386310717176,1.8348617030705934,0.5004168281101619,2.891297229080935,0.4540819366184802,0.13900467447504497,0.22240747916007192,0.31507726214343523,0.0,0.1760725876683903,0.0,0.09730327213253148,0.10193676128169965,0.0,0.6672224374802159,0.23167445745840826,2.0480022039323287,5.8798977302944015,0.0,6.718559266293839,1.2510420702754046,0.14363816362421314,0.0,0.0,0.0,0.0,0.0,0.17143909851922212,0.0,0.0
0.980919108979205,1.0127483426038988,0.9114735083435092,1.4583576133496146,0.43403500397309946,0.7118174065158833,1.2152980111246787,2.3842989551588936,0.3906315035757896,0.0,0.15914616812346982,0.7291788066748073,0.33854730309901765,0.0,0.998280509138129,3.5648741659657244,5.656922885116064,0.0,0.05497776716992594,0.0,0.0,0.0,5.989683054828774,3.125052028606317,0.21701750198654976,0.0,0.15625260143031583,0.9722384088997431,0.0,0.0,0.0,6.018618721760314,0.0,0.0,0.0,0.0,0.856495741173583,0.0,0.0
1.5909841949817025,0.8048508280495672,0.6176762168752493,1.2540698948679303,1.4038095838073845,0.8984381336367262,0.5240889112880903,0.7486984446972719,0.5474857376848801,0.9826667086651691,1.1838794156775612,1.010742900341317,1.3382984698963734,0.917155594754158,0.6317143127133231,1.1230476670459075,0.0,0.08422857502844308,0.0,5.708825640816697,0.0,0.0,0.0,0.22460953340918155,1.1698413198394872,0.0,0.1263428625426646,2.0963556451523613,1.7641207103179468,0.0,0.0,0.0,0.0,0.0,0.0,0.0,0.0,0.0,0.9124762294748002
1.323324501002428,1.1272764267798459,0.8297034569777129,1.6664086308919464,0.8752146170650977,0.6091493734773082,0.22055408350040467,1.0082472388589927,1.732924941788894,0.735180278334682,1.6173966123363006,0.6301545242868705,1.5928906030584782,0.0,2.940721113338729,1.2323021808276577,0.0,0.0,1.197293596145054,1.3303262179389488,0.2940721113338729,0.3850944315086431,0.8051974476998901,0.0,0.7001716936520782,0.0,0.0,0.0,1.421348538113719,0.0,1.1937927376767934,2.128521948702318,0.0,0.0,0.0,0.0,0.0,0.0,0.0
1.5113000498795566,1.130189602518625,1.6558591850854276,0.8060266932690969,0.5256695825668023,0.7885043738502037,1.2572264183056023,0.03504463883778682,0.7490791551576933,1.0513391651336046,0.19274551360782752,1.103906123390285,1.3097933765622825,0.6746092976273963,0.0,0.0,0.0,0.0,3.079547637870517,0.0,3.0357418393232836,0.6746092976273964,0.0,0.0,0.6570869782085028,3.7585375153526366,0.3548269682325916,0.24531247186450775,0.0,0.0,0.13579797549642394,0.0,0.0,0.0,0.0,0.0,0.0,0.0,0.8542130716710539
1.465295338216271,0.7786998083092184,3.102239558909306,1.7081157085492533,0.20932790545946728,0.32655153251676905,0.17583544058595255,0.13396985949405907,0.03767902298270411,0.16746232436757383,0.09210427840216562,0.2511934865513608,0.9796545975503069,0.17583544058595255,0.6279837163784019,0.5358794379762363,0.2846859514248755,0.0,0.0,0.33492464873514766,0.2637531608789288,0.0,0.2888725095340649,0.6028643677232659,0.6279837163784019,0.5442525541946149,0.339111206844337,0.0,0.0,0.0,0.2595666027697395,0.0,2.9012847696682167,0.0,0.0,4.370766665993678,8.364743102160313,0.0,0.0
1.1788845875703813,1.0594030415328426,0.40623725652763143,0.0637234912200206,1.1350746873566169,0.262859401282585,0.7248547126277345,6.7546900693221845,1.7922231905630797,1.5134329164754892,0.04380990021376417,0.14337785524504637,0.0,0.3345483289051082,0.5376669571689239,0.0637234912200206,0.8124745130552627,0.0,0.3783582291188724,0.0,0.0,0.3504792017101134,3.0228831147497277,0.09558523683003092,0.0,0.0,0.0,0.0,0.0,0.0,0.6173213211939497,14.146615050844575,1.9714455096193872,0.0,0.0,0.0,0.0,0.15134329164754895,0.0
1.1053983665717009,0.642326077872745,0.07842353276353284,1.2697143399810076,0.8775966761633434,0.5153546438746444,6.195459088319093,0.0,0.033610085470085496,0.8589244064577404,2.99876651471985,0.26888068376068397,0.09709580246913588,0.0,0.0,0.05975126305792977,0.6348571699905038,0.0,0.0,0.0,0.0,7.88716672364673,0.0,0.17925378917378934,0.0,0.0,0.0,0.0,0.0,0.0,0.0,0.0,17.74612512820514,0.0,0.0,0.0,0.0,0.0,0.0
0.9265808040619098,1.3294420232192619,1.269012840345659,0.577434414125538,1.661802529024077,0.866151621188307,2.021020449439383,0.3222889753258817,0.09064377431040423,0.16785884131556336,0.590863121430783,0.28200285341014647,0.6546494811306971,0.5640057068202929,0.10071530478933802,3.3840342409217574,0.17121601814187465,1.0877252917248506,1.594658992497852,0.0,0.4935049934677563,1.4771578035769577,0.0,3.625750972416169,0.0,0.0,0.0,0.0,1.557730047408428,0.0,0.10407248161564929,0.2148593168839211,6.75799695136458,0.0,6.9325701463327665,0.0,0.49686217029406754,0.0,0.0
1.2479966123208583,0.6866706251197736,1.1444510418662894,1.8529207344501828,1.4169393851677865,1.1281017412681997,0.36240949659099164,0.0653972023923594,3.0409699112447117,1.0082068702155405,0.02997371776316472,0.0980958035885391,0.0,0.07629673612441928,0.0,0.0,0.0,0.0,0.05177278522728452,0.0,0.0,0.0,0.0,0.0,0.0,0.07084696925838933,0.0,0.0,0.0,3.8420856405511143,12.332822417825776,0.08719626985647919,0.0,6.114638423685603,0.4768546007776206,1.6676286610051645,2.1172344274526353,0.0,0.0
1.8996405804958572,0.6480379237811954,0.952996946737052,0.2922523969993626,2.2871926721689246,0.20965932828215147,1.1118297711932272,0.38119877869482083,1.28654587809502,0.5717981680422312,0.1397728855214343,0.19059938934741044,0.16518613743442237,0.1334195725431873,0.047649847336852603,0.0,0.0,0.0,0.48285178634677306,0.06353312978247014,0.1334195725431873,0.2795457710428686,0.0,0.3049590229558567,0.0,0.0,0.0,0.5336782901727491,0.921230381845817,0.0,0.0,0.0,0.0,3.0241769776455785,0.0,0.2287192672168925,0.0,0.0,18.707330064448335
1.2275850314577406,1.6732687689933536,1.5012504843304857,1.5325265360873706,0.5668784380935427,0.8913674750712259,1.094661811490979,1.6263546913580258,1.7944634695512836,0.03909506469610639,0.7310777098171896,0.14074223290598303,1.9312961959876558,0.1094661811490979,0.0,0.0,1.1298473697174747,0.7740822809829067,0.0,0.8600914233143406,0.0,0.2580274269943022,0.44959324400522355,0.0,0.7819012939221278,0.813177345679013,0.0,0.0,0.0,0.0,0.0,0.0,0.0,0.0,0.0,0.0,0.0,0.0,0.0
2.228046353728578,1.2442336780562187,1.8446487668856733,1.4178476796454584,0.5063741713019494,0.4774385043704096,0.2025496685207798,0.6944560063569593,0.0,0.14467833465769983,0.23871925218520473,0.0,0.0940409175275049,0.3038245027811697,0.6510525059596493,0.0,0.0,0.0,0.0,0.0,0.0,0.31829233624693964,0.0,0.0,0.3616958366442496,0.0,0.0,0.0,0.0,0.0,0.0,0.0,0.0,0.0,0.0,0.0,0.0,0.0,0.0
1.84795075567188,1.3839278786970024,1.5996578127291825,0.4070376113814713,0.7123158199175749,1.0745792940470844,0.7123158199175749,0.8466382316734604,0.6227675454136511,0.7733714616247954,0.8059344705353132,0.1465335400973297,0.31748933687754766,0.28492632796702994,0.3052782085361035,0.13025203564207083,0.2767855757394005,1.7584024811679562,0.30934858464991827,0.08140752227629426,0.42738949195054493,0.0,0.5617119037064305,0.2930670801946594,0.0,0.0,0.0,0.0,0.0,0.9768902673155312,0.5047266381130245,0.13025203564207083,0.0,0.0,0.0,0.0,0.0,0.0,0.0
1.4340264394754378,1.3413662695401019,1.919389234374817,1.0060247021550763,0.3750530687858837,2.726856429525602,1.1428087625358105,0.2117946741379108,0.7545185266163073,0.4412389044539808,0.5338990743893168,0.15884600560343312,0.11472211515803503,1.4825627189653756,0.0,0.0,0.15002122751435348,0.0,0.41917695923128184,0.0,0.0,0.0,0.0,0.0,0.0,0.0,0.0,0.12354689324711465,0.0,0.13237167133619426,1.7781927849495431,0.14119644942527387,2.329741415517019,2.100297185200949,0.0,0.0,0.0,0.0,0.0
2.2590896261422326,0.3098180058709348,0.271090755137068,1.8330898680696976,0.45181792522844655,0.4259997580725354,1.8976352859594756,1.7039990322901413,0.40663613270560195,0.45181792522844655,0.2129998790362677,0.0,1.0908175623372496,0.542181510274136,0.29045438050400135,0.10327266862364494,0.0,0.0,0.0,0.0,0.0,0.4259997580725354,0.0,0.15490900293546742,0.0,0.0,0.0,0.0,0.0,0.0,0.0,3.304725395956638,0.0,0.0,0.0,9.294540176128045,0.0,0.0,0.0
1.235552977976757,1.1950430442726008,1.7824370829828624,0.2835695359290917,0.7933195350397207,0.16203973481662384,1.0161241704125785,0.6211523167970581,0.7291788066748073,0.06751655617359326,0.0,2.5926357570659815,0.0,0.0,4.91182946162891,0.0,0.0,0.4861192044498715,0.0,0.3375827808679663,0.0,0.0,0.0,0.0,11.731001635161828,0.1755430460513425,0.0,4.91520528943759,0.0,0.0,0.0,0.0,0.0,0.0,0.0,0.0,0.0,0.0,0.7899437072310413
1.39138118962541,0.8469276806415539,0.3629690059892374,1.0435358922190574,0.9074225149730933,0.2949123173662554,0.0,0.0,0.47639682036087405,0.037809271457212225,0.33272158882346764,4.582483700614122,5.652486082853228,0.37053086028067983,0.6238529790440017,0.0,0.25710304590904315,0.4083401317378921,0.0,0.0,0.0,0.0,0.17392264870317625,0.0,0.2835695359290917,1.7694739041975323,12.148118919202288,7.834081045934374,0.0,0.0,0.0,0.0,0.0,0.0,0.0,0.0,0.0,0.0,0.0
1.1386407519614297,0.8201703500718345,2.84005796753598,0.27920692768402877,0.21813041225314744,0.052351298940755395,0.030538257715440647,2.303457153393237,1.6098024424282282,0.17450432980251795,0.5758642883483093,2.8269701428007914,0.0,0.061076515430881294,0.13087824735188847,0.0,0.0,0.07852694841113309,0.0,0.0,0.0,0.0,0.10033998963644784,0.0,3.926347420556654,0.0,0.0,14.047598549102696,3.289406616777464,0.0,0.13524085559695143,0.6980173192100719,0.0,0.0,0.15269128857720324,0.31410779364453234,0.9684990304039747,0.0,0.0
1.3946042750611067,1.293178509602117,1.3121958406256777,2.383505488286255,1.3312131716492381,0.9508665511780274,0.4881114962713874,1.3692478336963592,0.45641594456545315,1.0142576545898958,0.0,0.30427729637696876,0.24722530330628711,0.0,0.2852599653534082,0.10142576545898958,0.0,0.0,0.24088619296510028,0.0,0.0,0.27892085501222136,0.0,0.30427729637696876,0.15847775852967122,0.0,0.0,2.1299410746387815,0.0,2.09190641259166,0.0,0.0,0.0,0.0,0.0,3.651327556523625,0.0,0.0,0.0
2.000199199365722,1.2978119582337306,1.1872840167358032,0.9270085415955219,0.8200460175652693,0.4064575913149596,0.14974753364235355,0.3422800768968081,0.19253254325445457,0.07130834935350168,0.07843918428885185,0.08557001922420203,0.09270085415955219,0.4991584454745118,0.0,0.0,0.12122419390095286,0.0,0.2709717275433064,0.0,0.0,0.3921959214442593,0.8200460175652694,0.42785009612101016,0.6239480568431397,1.019709395755074,0.0,0.0,0.0,0.10696252403025253,0.3315838244937829,1.140933589656027,0.47063510573311107,0.0,0.12478961136862796,0.0,0.0,0.0,14.461333248890142
1.4459516970814439,1.4333048892352505,1.011744627695471,0.6239091870788737,0.2950921830778456,0.7588084707716033,0.14754609153892284,1.011744627695471,0.11382127061574047,0.6323403923096692,3.1068991275481754,0.2023489255390942,2.740141700008567,0.0,0.4426382746167685,1.5513417624663888,0.0,0.0,5.606751478479068,0.0,4.249327436320978,0.0,0.0,0.1011744627695471,0.0,0.5480283400017134,0.0,0.0,0.0,0.0,0.0,0.0,0.0,0.0,0.0,1.0623318590802444,0.0,0.0,0.0
1.1706513220484918,0.9216892761829756,0.27015030508811355,0.6568360359005113,0.3707945363954499,0.06356477766779142,0.07415890727908998,0.0,0.04767358325084356,0.0,0.0,0.0,0.0,0.0,0.0,17.0353604149681,0.0,0.5720829990101228,0.0,0.0,0.0,0.3496062771728528,0.0,27.714243063157056,0.0,0.0,0.0,0.0,0.0,0.0,0.0,0.0,0.0,0.0,0.0,0.0,0.0,0.0,0.0
1.2995487321412975,1.01249981540326,1.56572136402566,0.9394328184153958,0.6262885456102638,1.4404636549036072,0.14613399397572827,0.04175256970735093,0.37577312736615837,2.557344894575244,0.11481956669521505,3.4445870008564516,0.0,0.14613399397572827,0.8611467502141128,0.0,0.0,0.0,0.0,0.0,0.0,0.11481956669521505,0.12003863790863392,0.0,2.479058826373961,0.0,0.0,4.6762878072233045,0.0,8.768039638543694,0.48537362284795454,0.0,0.0,1.7744842125624143,0.0,0.0,0.0,0.0,0.0
0.7885563807343235,0.6681364408192297,1.142047172097986,2.051023492747403,0.3690288481269001,0.4661417028971371,0.5438319867133266,0.24860890821180642,0.9089763206494172,0.932283405794274,2.948346270824392,0.0,0.7574802672078477,0.0,1.2236219701049849,0.12430445410590321,9.509290739101594,0.41952753260742337,7.601994271414143,0.0,0.0,0.0,5.986036368037402,0.0,0.19422570954047375,0.0,0.0,0.0,2.703621876803395,0.0,0.24083987983018748,0.0,0.0,0.0,0.0,0.5593700434765645,0.0,0.0,0.0
1.0404349879412718,0.5857911276644135,2.006553191029596,2.23824669674761,0.9617466275087384,0.13114726738755528,1.4076473366264266,0.7693973020069909,2.99015769643626,0.30601029057096224,0.0,3.6721234868515475,0.7956267554845019,0.12240411622838492,1.8360617434257738,0.8393425112803536,1.6349692667648554,0.0,0.0,0.0,0.0,0.0,0.0,1.9934384642908403,0.10928938948962938,0.0,0.35409762194639915,0.12240411622838492,0.0,0.0,0.0,0.0,0.8655719647578646,0.0,0.0,1.4163904877855968,0.0,0.0,0.0
1.8063747710807723,0.9280457539497546,2.00524171835572,0.9501420814247488,0.7457510522810528,0.5303118593998599,0.5413600231373569,0.2209632747499416,0.348017157731158,0.44192654949988314,0.06076490055623394,0.9943347363747372,3.949718536155206,1.2373943385996728,2.071530700780702,0.0,0.0,0.0,0.3148726665186668,0.22096327474994157,0.0,0.12152980111246788,0.0,0.0,0.0,0.0,0.0,0.0,0.0,0.0,0.0,0.0,0.0,0.0,0.0,0.0,0.0,0.0,0.0
1.9125419795509542,1.0680429236453381,0.7451462257990732,0.8693372634322519,1.0866715792903148,0.2980584903196293,0.30426804220128817,0.4967641505327154,3.2972720491608984,0.0,0.20491521209474511,0.07451462257990732,0.0,1.304005895148378,0.09314327822488414,0.0,0.0,0.0,0.1179814857515199,0.24838207526635767,0.0,0.40983042418949023,0.0,0.0,0.0,10.817039377849877,0.0,0.0,0.36015400913621864,0.37257311289953654,0.0,0.0,0.0,0.0,0.0,0.0,0.0,0.0,0.0
0.7933490957035447,2.2571340469312116,1.2291324017942242,0.16388432023922989,0.4097108005980747,0.9386101977337713,1.7468578680045184,1.1024945179730008,2.0448293593485727,0.0,0.16388432023922989,0.0,0.6294647754643148,4.223745889801971,2.178916530453397,0.0,0.0,0.13408717110482446,0.0,0.2979714913440543,0.4693050988668856,0.0,1.4563356639440657,3.9332236857415177,0.3724643641800679,0.09684073468681766,0.0,0.0,0.0,0.0,1.1546395289582105,0.23837719307524347,0.0,0.0,0.0,0.0,0.0,6.935286461032864,0.0
1.0108100682639871,1.0990015507299726,0.46809325308869215,1.4924712417320616,0.45791731280415526,0.85477898390109,0.6173403772618982,0.9497544265567665,0.3358060293897139,2.2047870616496366,0.8581709639959355,0.9768902673155313,3.086701886309491,2.231922902408401,0.9667143270309945,1.4653354009732968,0.0,0.0,0.1288952436041326,0.47487721327838317,0.07123158199175748,0.2984942483464123,0.31206216872579473,1.6281504455258855,0.7631955213402587,8.642765281666575,7.05192661718399,0.0,0.0,0.0,0.0,0.0,0.0,0.0,0.0,0.0,0.0,0.0,0.0
1.3420926411662066,1.1793216801094355,0.9581988650889165,0.85992205841313,1.1823928303180538,0.20269591376880927,0.08599220584131301,1.965536133515726,0.05528070375512979,5.220955354651147,0.10134795688440462,0.2948304200273589,0.03992495271203818,0.3009727204445955,0.09213450625854964,0.04913840333789314,0.0,0.3316842225307787,0.4084629777462368,0.1842690125170993,0.257976617523939,0.0,0.0,0.0,0.0,0.0,0.0,0.0,0.0,18.058363226675734,0.0,0.0,0.0,0.0,0.0,0.0,0.0,0.0,0.0
1.278605593258415,0.9081005633937608,1.2967676045262906,0.5230659245148063,0.6356703943756326,0.32691620282175393,0.3559754208503542,0.1452960901430017,0.2942245825395785,0.03632402253575043,0.3196513983146038,0.30512178930030365,0.9916458152259867,2.339267051302328,0.0,5.869962041777271,0.0,1.3076648112870155,4.417001140347253,0.0,3.35633968230334,0.0,0.0,12.902292804698556,0.0,0.09444245859295113,0.0,0.0,0.0,0.0,0.0,0.0,0.0,0.0,0.0,0.0,0.0,0.0,0.0
0.9772347973372567,1.676729178589188,1.5430023115851426,0.3497471906259656,2.2630700569915416,0.33946050854873133,3.132294692517839,0.8229345661787425,1.3424120110790738,2.160203236219199,0.28288375712394276,1.234401849268114,0.2005903005060685,0.2880270981625599,0.0,0.0,0.26231039296947417,1.7590226352070621,0.293170439201177,0.0,0.10801016181095996,0.5657675142478855,0.0,0.0,0.0,0.0,0.0,0.14401354908127995,0.0,2.3145034673777136,0.0,0.0,0.16973025427436564,0.0,0.0,0.0,0.0,0.0,0.0
0.9056484169682898,1.6739473109840428,1.1073805288048284,0.13734952295253686,4.420937770034779,0.7983441021616204,0.39058770589627667,0.41204856885761054,0.07725910666080198,0.3433738073813421,0.613780680694149,0.10301214221440265,0.5021841932952129,0.30045208145867436,0.1287651777680033,0.0,0.0,0.07725910666080198,0.0,0.0,0.45067812218801157,0.0,0.09871996962213586,0.0,0.21460862961333882,0.0,0.0,0.0,0.0,0.0,0.26611470072054016,0.0,0.0,0.0,26.590009209092678,0.0,0.0,0.0,0.0
2.4561274930713046,1.0927469511793328,0.06127552997267288,0.3676531798360373,0.12765735410973517,0.12255105994534576,0.03574405915072584,0.4493538864662678,0.36765317983603724,0.15318882493168218,0.2808461790414174,0.06127552997267288,0.0,0.14297623660290337,0.0,0.0,0.0,0.0,0.0,0.10212588328778811,0.0,0.11233847161656693,0.11744476578095635,0.0,0.6382867705486758,0.0,0.0,0.0,0.0,0.0,0.1582951190960716,0.16340141326046098,0.0,0.0,0.7148811830145169,0.0,2.0782617249064885,0.0,31.464984640967526
0.8267756290515716,0.8340280468502697,3.7857620909203553,1.2184061901812635,0.2719656674511749,1.1966489367851698,0.22845116065898693,0.9863288206229277,0.48953820141211485,0.0,0.19944148946419496,0.04351450679218799,0.18856286276614795,0.25383462295442993,0.05439313349023498,0.0,0.0,0.0,0.0,0.0,0.15230077377265797,0.0,1.6680560937005395,0.5221740815062559,0.0,0.0,0.0,0.0,0.0,0.0,7.981285787467147,0.0,0.0,0.0,0.0,10.18239458937199,10.331069154245297,0.0,0.0
1.7615683292564788,1.2221178652836278,1.203022273638571,0.8593016240275506,1.12186600914708,0.6015111368192855,1.4369432712905152,2.9025299300486154,0.2577904872082652,0.4296508120137753,0.15753863107171762,0.0,0.24824269138573687,0.0,0.0,0.07638236658022673,0.8927189094063998,0.0,0.0,0.0,0.0,0.0,0.0,0.0,0.477389791126417,0.0,0.0,0.0,0.0,0.0,0.2959816704983786,5.805059860097231,0.0,0.0,0.0,0.0,0.0,0.0,0.0
1.034476668543674,0.900088460847668,1.4720196703446238,0.8625847749790152,0.6094348953656085,0.806329246176036,2.0783292585545112,0.15001474347461133,0.33753317281787554,0.2500245724576855,3.712864900996631,1.2001179477968906,0.6906928814143564,0.26252580108056983,0.6094348953656086,2.60025555355993,0.3719115515308073,0.0,3.325326813687218,0.0,2.297100759454986,0.0,0.0,3.000294869492227,0.0,0.0812579860487478,0.0,0.0,7.522614323820615,0.0,0.0,0.0,0.4125405445551811,0.0,0.32815725135071233,0.0,0.0,0.0,0.0
1.4515257717985572,1.2730318833871337,1.0103427645929635,0.39066586897594585,0.4883323362199323,1.576134712765023,0.047149329014338284,0.2694247372247902,0.33341311231567794,0.9093084881336668,1.1113770410522597,0.44455081642090394,1.707479272162108,0.0,0.10103427645929633,0.0,1.4885716731669658,0.0,4.159244380907699,0.0,3.9605436372044163,0.0,1.5491922390425437,0.0,0.0,0.0,0.0,0.0,0.0,0.0,0.0,0.0,0.0,0.0,0.7072399352150743,0.0,0.0,1.0238140014542028,12.346388583326013
1.305320086022803,1.3863399534311152,0.28356953592909173,0.45011037449062175,0.22505518724531084,0.16203973481662384,0.5671390718581835,3.060750546536228,0.12152980111246788,0.09002207489812435,6.189017649246049,0.0,0.0,0.0,0.0,0.07201765991849948,0.0,0.0,0.0,0.3600882995924974,2.646649002004856,0.8912185414914312,0.0,0.0,0.0,0.0,0.0,0.0,12.66160483442119,0.0,0.0,8.930189829893935,0.0,0.0,0.0,0.0,0.0,0.8552097115321813,0.0
1.5447462671524532,1.698488786632081,1.065216027823137,0.5564014990691301,0.9517394063024591,0.08785286827407318,0.1793662727262327,0.029284289424691055,0.32944825602777433,0.10981608534259145,0.2818612857126514,0.5271172096444391,1.28484819850832,0.1024950129864187,0.2196321706851829,2.1670374174271383,0.3111455751373424,0.06588965120555487,0.41730112430184757,0.3660536178086381,0.07687125973981403,0.7247861632611036,0.4209616604799339,5.183319228170317,0.7321072356172763,0.19034788126049185,1.581351628933317,0.0,0.0,0.0,0.0,0.0,0.0,0.0,0.0,0.0,0.0,0.0,12.848481985083202
1.6057552034538927,0.8267931047571108,2.35738529868763,1.967904249339239,0.06833000865761246,0.4099800519456748,0.21523952727147927,0.05466400692608997,0.27673653506333046,0.2049900259728374,0.15032601904674742,0.12299401558370245,0.7994611012940658,0.4783100606032872,0.9737026233709776,0.0,0.0,0.0,0.7789620986967821,0.2049900259728374,1.0761976363573964,0.0,0.0,0.0,0.08541251082201556,0.0,0.0,0.0,0.0,0.0,0.0,0.0,5.524481199967966,0.9292881177435295,0.0,0.0,9.733609733276895,1.4280971809441003,0.0
1.3020104509162544,1.2139741570820592,0.43091449087263944,0.11120373958003596,0.5328512521543389,0.16680560937005398,6.713925777144672,0.1482716527733813,0.12510420702754046,0.0926697829833633,0.050968380640849825,0.38921308853012593,0.12047071787837231,0.32434424044177157,0.13900467447504497,0.0,0.0,0.0,0.3521451753367806,0.0,0.0,0.3058102838450989,0.0,0.0,0.0,0.0,0.0,0.0,0.0,0.0,0.0,0.0,30.58102838450989,0.0,0.0,0.0,0.0,0.0,0.0
1.2375290723037886,0.6224697130150794,0.4779678153508645,0.8447803248061792,0.6484059510573742,0.4890833459404195,1.0633857597340939,0.6224697130150794,0.40015910122397963,2.408364961070247,5.25764596885951,0.4890833459404195,0.24083649610702473,0.1037449521691799,1.834062547276573,0.17784848943287984,1.1967721268087537,1.8007159555079082,1.7599590100128732,0.07410353726369992,0.15561742825376984,0.0,0.17043813570650984,0.0,5.743024137936744,0.0,0.2000795506119898,0.7262146651842593,8.273659935492097,0.4446212235821995,0.0,0.7113939577315194,2.0786042202467825,0.0,0.0,0.0,0.0,0.0,0.0
1.8989031423823106,0.8954827450392369,0.4797228991281627,0.14391686973844878,0.13991917891238076,0.2158753046076732,0.05596767156495231,0.03198152660854418,0.0,0.11993072478204064,0.26384759452048945,1.3911964074716718,0.9874296340388015,7.107894288748944,0.6596189863012236,0.19188915965126505,0.4077644642589382,0.0,0.15191225139058484,0.0,0.3358060293897139,0.7035935853879719,0.735575111996516,0.2878337394768976,7.195843486922439,6.860037457532726,1.7270024368613854,1.790965490078474,0.0,0.0,0.24785683121621738,0.0,0.0,0.0,0.0,0.0,0.0,0.0,1.2472795377332229
2.3819841018043704,1.7257231757970437,1.0573092696784705,0.04861192044498715,0.42535430389363754,0.2916715226699229,0.7656377470085476,0.0972238408899743,0.10937682100122109,0.12152980111246786,0.13368278122371466,1.6041933746845762,0.15798874144620823,0.0,0.18229470166870182,0.0,0.0,0.0,1.8472529769095118,0.7291788066748072,1.0208503293447302,0.0,0.0,0.0,0.0,0.0,0.0,0.34028344311491004,0.0,0.0,0.0,0.0,0.0,0.0,0.0,0.0,0.0,0.0,0.0
1.3900807728225364,1.8326158503128571,0.4998043228125974,0.9163079251564286,0.7288813041017044,1.0308464158009822,1.0568778909474716,1.457762608203409,1.2182730368557062,0.5206295029297889,1.6035388690237498,0.9996086456251948,0.06768183538087255,0.0,0.5466609780762783,0.0,1.5046192634670899,0.0,0.0,0.20825180117191552,0.0,0.0,4.191067498584801,0.9996086456251948,0.1301573757324472,0.0,0.0,0.7288813041017046,1.6608081143460267,0.93713310527362,0.0,0.0,0.0,0.0,0.0,0.0,0.0,0.0,0.0
1.007879360187534,1.1743985588272137,0.7186618046554591,0.8881023927449576,1.153948832678481,0.8588884982467682,4.089945229746515,1.729462554292812,0.7098976363060022,0.14606947249094696,1.1568702221282998,0.2804533871826182,0.6836051312576318,0.0,0.08764168349456819,0.1402266935913091,0.0,0.0,0.0,1.110127990931197,0.0,0.06427056789601666,0.0,0.0,0.43820841747284084,0.4557367541717545,0.07887751514511136,0.3271956183797212,0.2541608821342477,0.0,0.0,6.076490055623394,14.075254369227649,0.0,0.0,0.0,0.0,0.0,0.0
0.979470453985349,0.7153435899892999,0.7263488759891354,1.1555550299827153,0.7153435899892998,0.5447616569918515,0.7703700199884769,1.870898619972015,0.7923805919881477,2.2010571999670767,0.0,0.6933330179896292,3.111744616453455,0.038518500999423846,1.031745562484567,0.22010571999670767,0.2338623274965019,0.7923805919881477,5.070685524424153,0.0,3.9866648534403675,0.0,0.06328039449905346,1.254602603981234,1.7883589749732494,0.0,5.051426273924441,0.5392590139919338,0.0,4.374601184934565,1.194073530982139,2.729310927959175,0.0,0.0,0.0,0.0,0.0,0.0,0.0
1.4725556286993027,0.8297372273166349,0.5060485287480576,0.20059581319742822,0.18235983017948018,0.3282476943230644,0.12765188112563614,0.21883179621537624,5.128870223797881,0.22794978772435023,4.212512077145993,0.05470794905384407,0.11853388961666213,0.0,0.0,0.0,0.6200234226102327,0.0,0.0,0.0,0.1914778216884542,0.0,0.0,0.0,0.0,0.11853388961666213,0.12309288537114912,0.0,11.105713657930345,0.0,18.090095153804437,0.0,0.0,0.0,0.0,0.0,0.0,0.0,0.0
1.313820811845384,0.7012181459116127,0.716629533733846,0.6626896763560295,0.5008701042225804,0.6703953702671462,1.4024362918232254,0.49316441031146385,0.6588368294004713,1.8108380691124062,0.08476263302228285,0.36987330773359794,0.0,5.393985737781636,0.6935124520004959,0.06164555128893298,0.0,0.0,3.294184147002356,6.4727828853379625,2.9127522984020833,0.0,0.0,0.0,0.0,8.614965792628384,0.0,0.21575942951126545,0.0,0.23117081733349867,0.0,0.0,0.0,0.0,0.0,0.0,0.0,0.0,0.0
1.1356220751662678,0.927312700431627,1.572399796384063,1.599278425382081,1.747110884871181,0.34270251972473176,0.5879700093316476,1.854625400863254,2.116692033593931,1.1423417324157723,0.44349737846729986,0.4031794349702726,0.04367777212177953,0.0,0.0,0.0,0.6854050394494634,0.12095383049108177,0.12767348774058632,0.0,0.0705564011197977,0.0,0.0,0.0,0.755961440569261,0.8735554424355905,1.2700152201563586,1.2229776194098267,0.8769152710603427,3.3262303385047485,6.457590616773866,0.0,0.22174868923364988,0.0,0.0,0.12095383049108177,0.0,0.383020463221759,0.0
1.2956433742499636,0.7248937206414587,0.8748717318086571,0.8998680670031901,0.9581928491237671,0.2749596871398637,0.7290597765072142,0.0,0.44993403350159505,0.16664223463022038,0.0,0.0,7.636380401929849,3.849435619958091,0.0,0.06665689385208816,0.0,0.0,0.15831012289870938,0.0,0.08748717318086571,0.0,0.0,0.0,0.10415139664388774,5.957459888030379,15.072790122303436,0.0,0.0,0.0,0.0,0.0,0.0,0.0,0.0,0.0,0.0,0.0,0.0
2.219239846401587,1.8605748207205226,0.874246000097595,0.9414956924127946,0.25218634618199853,0.36987330773359794,0.6276637949418631,0.0,0.15131180770919914,0.0,0.0,0.2689987692607985,0.21856150002439872,0.15691594873546577,0.25218634618199853,1.3449938463039923,0.4763519872326639,0.0,0.0,2.129573589981321,0.0,0.0,0.0,0.0,0.0,0.0,0.0,0.0,0.0,0.0,0.0,0.0,0.0,0.0,0.0,2.622738000292785,0.0,0.0,0.0
0.600246175037722,0.6909308489642842,0.29796392861584764,0.794570476308927,1.6193691772600414,0.23318916152544603,0.0,1.2782220705839262,0.4275134627966509,0.4750149586629454,3.5151106941057972,0.05181981367232134,8.083890932882127,5.743362682015614,2.2023420810736565,3.454654244821422,0.0,0.0,0.0,0.0,0.27205402177968696,0.19000598346517822,0.0,0.0,0.0,6.7365757774017725,9.210971880255114,0.24182579713749955,0.0,0.7772972050848199,0.0,0.2763723395857138,0.0,0.0,0.1511411232109372,0.0,0.0,0.16409607662901754,0.0
1.9882196289490874,2.230685437357513,0.7689629923810061,0.4987868058687606,0.831311343114601,0.6234835073359509,0.6789042635435909,0.3879452934534805,0.4364384551351656,0.2771037810382003,0.5334247784985358,0.0,0.27017618651224534,0.09698632336337014,0.20782783577865027,0.0,0.11776910694123516,0.0,0.26324859198629036,0.13855189051910016,0.1454794850450552,0.1524070795710102,0.0,0.0,0.0,0.0,0.0,0.0,0.0,0.0,0.0,0.0,0.0,0.0,0.0,0.0,0.0,0.789745775958871,4.863171357220416
1.8614276247897372,1.688552057044686,0.5186267032351536,0.8523167526035081,0.6231561162903007,1.2061086121747757,0.4221380142611715,0.48244344486991025,0.28946606692194615,0.7638687877106912,0.0,0.09648868897398206,0.0,0.0,0.0,0.0,0.0,0.0,0.611095030168553,0.0,0.0,0.0,0.27740498080019843,0.0,0.0,0.0,0.0,0.0,0.0,0.0,0.0,4.760108656049781,3.449470630819858,0.0,0.42213801426117153,0.0,0.29750679100311134,7.02759284693836,3.7630588699853007
1.1990591152863748,0.8947107771555824,2.992147517044899,1.789421554311165,0.9717145735501203,0.04400216936830734,0.05133586426302522,0.029334779578871557,0.0,0.1833423723679472,0.16134128768379355,0.132006508104922,0.19067606726266512,0.15400759278907566,0.0,0.4106869141042018,0.18700921981530616,0.0,0.0,0.0,0.0,0.0,0.0,0.17600867747322935,0.0,0.0,0.0,0.0,0.0,0.11000542342076833,0.0,0.0,0.6050298288142257,0.0,0.0,19.00893716710877,7.055014488718609,0.0,3.71818331162197
1.0166830067727992,0.898129864640282,1.2501967715792728,2.7303147885064574,1.886072715744592,1.2933070050820064,0.1005905448397116,1.6381888731038745,0.7436515279221535,0.07185038917122256,0.19758857022086207,1.1639763045738056,0.280216517767768,1.9112203519545201,0.0,0.05748031133697805,0.0,1.2286416548279058,0.0,0.6466535025410031,0.0,2.292027414562,0.0,0.4311023350273354,0.0,0.0,0.0,0.0,1.771112093070636,0.0,2.7842025803848744,0.0,0.0,2.809350216594802,0.6286909052481975,1.2933070050820061,0.0,0.0,0.0
1.109756609567288,1.1317631145728715,0.8205282580653319,0.6036069944388648,0.1257514571747635,0.5092934015577922,0.9242732102345118,1.8862718576214526,0.16976446718593075,0.0,2.282388947721958,0.0,0.0,3.3890017708598763,0.0,1.1066128231379189,1.3895536017811367,12.109865325929727,0.0,0.0,0.0,8.230432872088272,0.21692126362646705,0.0,0.0,0.0,0.0,0.0,0.0,0.0,0.0,0.0,0.0,0.0,0.0,0.0,0.0,0.0,0.0
1.1515788589684752,2.0679761199786,0.8758487096379954,1.3624313261035483,1.2772793682220764,0.7785321863448849,0.36899181748637766,0.7460933452471812,0.21896217740949883,0.3243884109770353,0.0,0.0,0.2635655839188412,0.11353594384196236,3.041141352909706,0.7785321863448847,0.0,0.0,1.1556337141056885,0.0,0.08515195788147177,0.0,0.7460933452471813,0.0,2.7370272176187354,0.0,0.0,0.0,0.0,0.0,0.0,0.0,0.0,0.0,0.0,0.0,0.0,13.713520074054168,0.0
1.9461191124091137,1.001799711873046,0.5050055924605928,0.5091113289846627,1.1290775441192116,0.5419572211772217,0.6610235803752476,0.2299212453479122,0.0739032574332575,0.08211473048139721,0.677446526471527,0.29561302973303,0.8006186221936229,0.05748031133697805,0.24634419144419165,0.1970753531553533,0.4885826463643134,0.8868390891990898,0.0,0.0,0.0,0.09032620352953694,0.2832958201608204,0.0,0.0,0.0,0.0,0.0,0.0,0.0,0.0,0.0,0.0,0.0,0.0,0.0,0.0,0.0,30.42350764335767
1.0420014025913606,1.2053001298631412,0.02332838961025435,0.9486878441503434,1.1858598051879292,1.9595847272613653,0.6259784545418249,0.06220903896067825,0.34992584415381517,0.3110451948033912,0.0,0.0,0.0,0.0,0.4665677922050869,0.248836155842713,0.0,5.598813506461043,9.455773922023095,0.0,11.022664090845177,5.132245714255956,0.0,0.0,0.0,0.0,0.0,0.0,0.0,0.5832097402563586,0.0,0.0,0.0,0.0,0.0,0.0,0.0,0.0,0.0
0.8724222276761026,0.6514085966648232,0.7328346712479262,1.8921868760263914,1.124455315671421,0.5583502257127058,1.95422578999447,1.1787393653934897,0.7328346712479261,0.969358030751225,7.378753330078324,0.13958755642817644,0.0504066175990637,0.0542840497220686,0.0,0.0,0.0659163460910833,0.0,0.2946848413483724,0.0,0.0,0.17060701341221562,0.0,0.0,0.0,0.0,0.0,0.0,20.127750150518438,0.0,0.12020039581315191,0.0,0.0,0.0,0.0,0.0,0.0,0.0,0.0
0.8606390584618347,1.130179862485596,0.6738520100594036,0.7755209098227521,0.24826126686399078,1.8016674795272476,4.468702803551834,0.6809451891126604,0.3617521317161009,3.759384898226146,0.13004161597637615,0.6809451891126606,0.0,0.0,0.07093179053256879,0.0,0.3617521317161008,0.08511814863908256,0.31446427136105504,0.09457572071009172,0.2482612668639908,0.0,0.43504831526642196,0.22698172970422018,0.3546589526628439,0.0,0.8937405607103668,0.4634210314794495,0.0,5.745475033138073,0.0,0.0,14.122519495034446,2.5724596033144946,0.0,0.0,0.0,0.0,0.0
1.2982512050027784,0.8119971173108287,1.855318994785789,0.09441826945474752,0.11802283681843438,1.4445995226576371,0.16523197154580815,0.22660384669139402,0.08497644250927276,1.9355745238223239,4.258263952409113,0.0,0.06137187514558588,0.06609278861832327,0.0,0.15106923112759602,0.0,0.0,0.0,0.0,0.0,0.0,1.4115531283484755,2.1527365435682437,0.0,0.12274375029117177,0.3823939912917274,0.0,7.529856989016114,3.2574302961887893,0.0,0.0,0.0,0.32102211614614157,0.4956959146374244,0.0,15.545968065724178,0.0,0.0
2.4972413970529685,1.500174319108743,0.38419098416199526,0.402485792931614,0.4573702192404705,0.10976885261771294,1.2166047831796516,0.7317923507847528,1.2348995919492702,0.5488442630885645,0.30186434469871054,0.43907541047085175,0.0,0.0,0.0,0.0,0.0,0.0,1.2166047831796516,0.0,1.5367639366479808,0.0,0.21039030085061644,0.0,0.0,0.0,0.0,0.0,0.0,0.0,0.0,0.0,0.0,0.0,0.0,0.0,0.0,0.0,0.0
1.141194473860979,1.5520244844509312,1.3071863973316666,1.1121458872536085,0.5602227417135713,0.04979757704120635,1.423380743761148,0.13279353877655026,2.352935515197,0.20748990433835976,1.5520244844509312,0.44817819337085724,1.3486843781993387,0.7552632517916297,0.0,0.0,0.3527328373752116,3.436032815843238,0.0,0.0,0.6100203187547778,3.1040489689018624,0.572672135973873,0.0,0.0,0.21578950051189416,0.0,0.23238869285896296,3.6103243354874603,0.0,3.602024739313926,0.0,0.0,0.0,0.0,0.0,0.0,0.0,0.0
2.011464629858467,1.2299401558370242,1.4989895649263736,0.9993263766175823,0.76871259739814,0.7687125973981402,0.13452470454467452,0.1024950129864187,0.05765344480486052,0.32029691558255835,0.07046532142816285,0.0,0.24983159415439554,1.524613318172978,0.09608907467476753,0.0,0.2178019025961397,0.0,0.0,4.099800519456747,0.6726235227233727,0.0,0.0,0.0,0.4804453733738375,2.9979791298527467,0.0,0.0,0.0,0.0,0.0,0.0,0.0,0.0,0.0,0.0,0.0,0.0,0.0
1.1518374403034732,1.2972913150175636,1.2854977576083133,0.45601755315768905,0.589677870462529,1.2972913150175638,1.2658418285928954,0.2515958913973457,2.264363022576111,1.6904098953259163,5.7513248299112,0.47174229637002324,1.277635386002146,0.0,0.11793557409250578,0.0,0.0,0.3538067222775174,0.597540242068696,0.5503660124316937,0.16510980372950812,0.43243043833918793,0.36166909388368446,0.0,0.0,0.0,0.0,0.0,2.622100930656712,0.0,0.8530673192691254,0.0,1.1675621835158072,0.0,0.0,0.0,0.0,0.0,0.0
1.5414215599815306,0.5853499594866572,1.9755561132674682,1.0146065964435391,0.7316874493583214,0.7609549473326545,0.6146174574609901,1.1316765883408706,1.4926423966909759,0.34145414303388333,0.0,1.6389798865626404,0.4438903859440484,0.20487248582033002,0.0,0.0,0.0,0.0,0.18536082050410813,0.29267497974332857,0.7170537003711551,0.0,0.0,2.575539821741292,4.999864237281863,0.0,0.0,0.0,0.0,0.0,0.0,2.185306515416854,0.16097123885883072,1.1609440863152034,0.0,0.5268149635379915,4.873038412726421,0.0,0.0
1.3316563313387437,1.0084387751885633,1.0989396909106137,1.0860109886646065,2.801218819968231,0.9050091572205056,0.12066788762940074,0.6205777078083465,2.7925996851375596,0.08619134830671481,0.6162681403930109,0.15514442695208666,0.0,0.0,0.3878610673802166,1.310108494262065,0.4395758763642455,0.0,0.0,0.0,0.0,0.28443144941215887,0.0,1.5514442695208668,0.0,2.9132675727669604,0.0,0.0,0.0,0.0,2.5383352076327514,0.0,0.0,0.0,6.335064100543538,0.0,0.0,0.0,0.0
1.1159970491962004,1.7218240187598521,1.0043973442765806,1.2371624431089308,1.1478826791732348,1.6452985068149701,1.8079152196978447,0.15305102388976463,0.3730618707313013,0.06377125995406858,0.3507419297473773,0.19131377986220582,0.7461237414626026,1.1159970491962006,1.913137798622058,1.0203401592650976,0.4878501386486248,0.1721824018759852,0.12116539391273035,0.6377125995406859,0.0,0.49103870164632824,0.9533803363133256,0.07652551194488233,0.2391422248277572,0.0,0.0,0.17855952787139207,0.0,0.28697066979330865,0.49422726464403166,0.2040680318530195,1.157448368166345,0.0,2.789992622990501,0.5739413395866174,0.11797683091502689,3.877292605207371,0.0
1.2575033739331047,1.2044761232250822,0.8181347252094899,2.787718322936039,0.2461979497158187,0.7499568314420325,0.742381509912315,0.24241028895095995,0.30680052195355867,2.3862262818610116,0.2083213420672312,0.18180771671322,1.132510568692766,0.5302725070802249,0.5113342032559312,0.06060257223773999,0.0,0.13635578753491498,0.0,0.0,0.0,0.4166426841344624,0.6969295807340099,0.0,1.4203727868220308,2.855896216703497,0.20453368130237246,0.0,0.5492108109045186,0.0,0.11741748371062123,0.0,0.24998561048067744,0.0,0.0,13.771934541026413,0.0,0.0,0.0
1.7605501993701902,1.9487006023563174,1.8445459149889971,0.3628614914732453,0.3359828624752271,0.0604769152455409,0.0940752014930636,0.0,0.030238457622770443,0.0,0.0,0.3225435479762181,0.0,0.0,0.10079485874256813,0.0,0.0,0.0,0.0,0.06719657249504542,0.0,0.0,0.23182817510790676,0.0,0.0,0.08735554424355906,0.18143074573662266,0.0,0.09743503011781586,0.0,0.0,0.0,0.0,0.0,0.1175940018663295,6.410553016027333,7.70744686518171,7.532735776694593,2.7516996436721106
2.0407370728877594,0.543737702388307,0.4645860115343129,0.8259306871721117,0.8603444658042829,1.0530616261444428,0.09635858017007971,0.22024818324589648,0.15486200384477095,1.9959991606659364,3.5583847105665147,0.0,0.3579032977745818,0.2890757405102391,0.0,0.0,0.1170068473493825,0.0,0.2615447176045021,0.0,0.07226893512755979,0.0,0.0,0.16518613743442237,0.0860344465804283,0.0,0.18583440461372513,4.143418947313428,9.880195845296388,0.10324133589651398,0.0,0.0,0.0,0.0,0.0,0.0,0.0,0.0,2.6842747333093633
2.0332185200780915,1.2598470584532961,0.6361603958526545,0.5737917295925902,0.5925023294706094,0.4864755968285005,1.2224258586972574,1.546742923249591,1.1226359926811549,0.31184333130032077,0.13721106577214115,0.0,0.0,0.0,0.0,0.0,0.0,0.0,0.0,0.0,0.13097419914613473,0.0,0.0,0.0,0.4677649969504812,0.0,0.16839539890217323,0.0,0.0,1.1226359926811549,4.2535430389363755,9.380247405513648,0.0,0.0,0.0,0.0,0.0,0.0,0.0
2.062458303551006,1.4991632400005162,1.1443317039057195,0.9580451474559512,0.5766012461540446,0.5322473041421951,0.34152535349124186,0.31934838248531705,0.27942983467465243,0.3548315360947967,0.14636800863910365,0.4257978433137561,0.864901869231067,0.12419103763317886,0.06653091301777439,0.0,0.1508034028402886,0.0,0.2528174694675427,0.3548315360947967,0.0,0.0,0.0,0.0,0.0,0.23064049846161785,0.0,0.0,0.0,0.0,1.2374749821306037,0.0,0.0,0.0,0.0,0.7983709562132926,0.0,0.0,8.64901869231067
1.0432744451291938,1.8804079155581614,0.5807142092164911,1.7597400279287605,1.7597400279287603,0.8295917274521301,1.8125322287666235,0.1810018314441011,0.27150274716615164,0.9050091572205053,0.5807142092164911,0.24133577525880148,0.2614470898637016,0.0,0.18854357442093864,0.0,0.04273654353541275,0.09050091572205055,0.0,0.15083485953675088,0.10558440167572564,0.0,0.0,0.0,0.0,0.2614470898637016,5.701557690489184,3.2379216513889197,1.2393597625269699,0.3770871488418773,1.0910388173158316,0.32178103367840194,2.9035710460824546,1.196623218991557,0.0,0.27150274716615164,0.0,1.815046143092236,0.09804265869888809
1.1310399924088568,0.6869506702360542,1.321859623029983,1.1379788880678068,1.804112871327011,0.2706169306990517,1.0200176618656562,0.055511165271600334,0.1873501827916511,0.0,3.5110812034287213,2.5396358111757156,0.1353084653495258,0.0,0.41633373953700253,0.44408932217280267,0.0,0.0,0.0,0.0,0.36429202209487715,0.22898355674535137,0.0,0.08326674790740052,0.3469447829475021,0.0,0.0,10.00588754020596,10.363240666641886,0.8326674790740051,0.0,0.0,0.0,0.0,0.0,0.0,3.3376088119549703,0.0,0.0
0.8651807216771474,1.2961980266581263,0.5191084330062885,0.792820152227786,1.3685585961074875,1.0004635254303014,0.8809112802530955,1.0319246425821975,2.633295505613718,0.9123723974049917,2.5609349361643563,1.1703535580505413,0.6543912367594423,1.9380048165568102,0.2831500543670664,0.35236451210123826,0.32090339494934195,0.11326002174682658,0.29888061294301455,0.0,0.0,0.0,0.0,0.0,0.0,8.670683887062612,0.0,2.9070072248352155,4.744336466505957,0.0,0.7802357053670275,1.1074313237467486,0.0,0.0,0.9910251902847325,0.0,0.0,0.0,0.0
1.1503292495236739,1.04332187747496,1.203832935548031,3.7318821001988955,0.8861547997784115,0.44140540970094466,0.18726290108524926,0.9363145054262462,0.030095823388700774,0.3009582338870077,0.5885405462679262,0.0,0.0,0.0,0.0,0.16051105807307076,0.0,1.56498281621244,0.19060688146177154,0.5350368602435692,0.6320122911627162,0.0,0.0,0.0,0.0,0.43471744894790004,0.0,0.6554201537983723,0.09697543091914693,0.3009582338870077,0.10366339167219156,1.4981032086819939,0.11035135242523615,0.0,0.0,16.974044391227235,0.0,0.0,0.9129066427905901
1.3933274247584058,1.3760190095440157,0.817822618879934,0.31155147385902243,0.30289726625182734,0.5452150792532893,0.24231781300146188,0.0,0.15577573692951122,0.17308415214390133,0.09519628367914575,0.05192524564317041,2.5313557251045573,0.0,0.064906557053963,0.0,0.0,0.15577573692951122,11.838956006642853,0.0,12.72168518257675,0.0,0.0,0.0,0.0,0.0,4.089113094399669,0.0,0.0,0.0,0.0,0.0,0.0,0.0,0.0,0.0,0.0,0.0,0.0
1.9681648298807297,0.5911703884623437,0.21628184943744286,0.043256369887488565,1.712231308046422,0.540704623593607,2.3214251839618867,1.1823407769246874,0.5190764386498627,0.9372213475622522,1.8636286026526323,1.5572293159495887,0.0,0.15139729460620996,0.0,0.0,0.4289590013842616,0.0,0.9588495325059966,0.0,1.135479709546575,2.6963137229867873,1.741068887971415,0.0,0.0,0.0,0.0,0.10093152973747332,0.6272173633685841,0.0,0.0,0.0,0.0,0.0,0.0,0.0,0.0,0.0,7.029160106716892
0.9212742987558049,2.185576261941963,1.6318316036472502,1.1368916878263124,0.9310750891681006,0.7350592809221848,0.06860553288607057,0.9016727179312133,0.0,0.0,3.2342608360576133,0.35282845484264874,0.9555770651988402,0.0,0.22051778427665542,0.3136252931934655,0.0,0.0,0.0,0.0,0.20581659865821172,0.0,0.11270908974140166,0.0,0.3675296404610923,0.0,7.806329563393601,0.0,6.679238665979585,0.0,0.0,0.0,0.0,0.0,0.0,0.0,0.0,0.0,0.0
1.4655064251797596,0.9611180349417394,3.109733146113149,0.46070120683157756,0.5560186979001798,0.6910518102473664,1.0564355260103417,0.381269964274409,0.464672768959436,0.07943124255716855,0.6989949345030833,0.09531749106860227,0.36141215363511686,0.0,0.0,0.0,0.0,0.0,0.3018387217172405,1.1914686383575281,0.25020841405508093,0.436871834064427,0.09134592894074384,0.6672224374802159,0.0,0.0,0.0,0.11120373958003597,0.0,0.35744059150725843,0.0,0.0,0.0,0.0,0.4170140234251349,0.1429762366029034,14.841727671806941,0.0,0.0
1.1517734364215035,1.4870998799366248,0.7107462661461811,2.784667422234268,0.6014006867390761,0.9622410987825222,0.40822349645319117,0.7872881717311543,0.45925143350984005,0.036448526469034924,0.0,0.04373823176284192,0.0,0.30616762233989336,3.7724224895451144,0.0,0.49569995997887495,0.06560734764426286,1.0387830043674955,1.4579410587613968,2.75550860105904,0.2405602746956305,0.08383161087878033,0.0,0.0,0.1895323376389816,0.5904661287983657,0.0,0.5285036338010064,0.0,0.0,0.0,0.0,1.4870998799366246,0.6378492132081112,7.610452326734492,0.0,1.1080352046586617,0.0
1.2990750991515982,0.8314080634570228,1.5143504012967204,0.6977889104014298,0.5010718239584735,0.4899368945371742,4.650688854962722,0.2672383061111859,0.03340478826389824,0.03711643140433137,0.16331229817905807,0.17815887074079062,0.0,0.9353340713891506,0.11134929421299412,0.0,0.12619586677472666,0.26723830611118593,0.0,0.07423286280866274,0.0,0.0,0.0,0.0,0.09279107851082843,0.0,0.0,0.0,0.0,0.0,0.0,6.888809668643903,19.23002311058408,0.0,0.0,0.0,0.0,0.0,1.5922949072458161
1.2622527070090415,0.7347028885435558,1.2346322976652988,1.1048163737497079,0.51097757285924,0.2485836840936843,0.7347028885435558,0.06628898242498248,6.040583523476529,0.359065321468655,0.06076490055623394,0.13257796484996498,2.118485396665065,1.4694057770871116,0.0,0.0,0.3286828711905381,1.1434849468309478,0.0,0.3866857308123977,0.05800285962185967,0.0,0.19058082447182464,0.3977338945498949,0.0,0.4308783857623861,3.430454840492843,0.0,0.0,0.0,12.58662053794355,0.0,0.0,0.0,0.0,0.0,0.0,0.0,0.3231587893217896
1.2427520324603267,0.9416729318127217,1.4605539350564665,0.7430888441515355,0.6085641396068608,0.019217814934953507,0.49325724999714,0.4356038051922794,0.5188810032437446,0.06405938311651167,0.5284899107112214,0.0,0.24983159415439554,8.071482272680472,1.008935284085059,0.5124750649320934,0.05445047564903493,0.0,0.0,0.0,0.0,0.0,0.0,0.3843562986990701,3.8435629869907,10.992590142793404,0.0,0.0,0.0,0.0,0.0,0.0,0.0,0.0,0.0,0.0,7.229101384698343,0.0,0.7494947824631867
1.6283094445928312,1.1963089797008557,1.6748325715811982,0.5051082358736946,1.8276942745429736,1.3558168436609699,0.13956938096509983,1.3292321996676173,1.0168626327457273,0.13292321996676174,0.29243108392687583,0.1595078639601141,1.0368011157407415,0.18609250795346644,0.09969241497507131,1.4887400636277313,0.0,0.3588926939102567,1.6416017665895075,0.26584643993352347,0.0,0.5848621678537517,0.0,0.0,0.0,0.0,0.3588926939102567,0.18609250795346644,0.0,0.0,0.0,0.0,0.0,0.0,1.395693809650998,0.0,0.0,0.0,0.0
1.1726282500058667,1.720223517697286,0.6056735536586907,0.2765632665108177,0.9126587794856982,0.7301270235885587,1.7036297217066367,0.2212506132086541,0.39825110377557743,0.08296897995324529,1.2168783726475976,1.2279409033080306,1.94147413090594,0.3871885731151447,0.0,0.0,1.457488414512009,0.2489069398597359,2.784992093763934,6.305642476446642,1.6261920070836078,0.18253175589713966,0.1908286538924642,0.1327503679251925,0.0,0.5033451450496881,3.5842599339801966,1.0066902900993764,0.0,0.0,0.0,0.0,0.0,0.0,0.0,0.0,0.0,3.152821238223322,0.0
1.618509173290197,0.60558917842484,0.5298905311217349,0.5479140185748551,0.9552448350153724,0.90838376763726,0.05046576486873666,0.7786146579747941,4.412149728523834,1.1174562220934545,0.15860668958745808,0.0,1.0309434823184775,0.0,0.0,0.9804777174497408,2.3286345789431344,2.4007285287556153,0.0,0.0,0.681287825727945,2.7756170677805163,0.0,0.5190764386498627,0.0,0.0,0.0,0.0,0.2090724544561947,2.4872412685305925,8.492667287910255,0.0,0.0,0.0,0.0,0.0,0.0,0.0,0.0
1.1617967812004881,0.6615407554129838,2.083033287705346,1.0169138884860744,1.7631974679395643,0.3444385751323801,0.11481285837746001,3.43345119338309,0.7872881717311543,0.08200918455532857,0.06014006867390762,0.36084041204344575,0.03553731330730905,1.1481285837746,0.45105051505430716,1.0934557940710476,0.0,0.0,0.25969575109187387,0.0,0.22962571675492,0.0,0.1257474163181705,0.7216808240868915,0.06834098712944046,0.2132238798438543,0.0,0.30616762233989336,0.0,0.0,1.8643421288911364,10.584652086607742,0.0,0.0,0.0,0.0,6.270968978997458,0.0,0.0
0.9371701080812199,0.9613551431284773,0.47160818342151717,0.1934802803780583,0.6046258761814322,1.015771471984806,0.994609566318456,0.2660353855198302,4.625387952787957,2.297578329489442,0.0,0.5804408411341749,0.35370613756613783,7.448990794555245,0.0,1.4027320327409227,3.905883160132052,0.0,0.1723183747117082,0.0,0.0,0.0,1.1820435879347,1.2334367874101217,0.0,2.908250464432689,0.0,0.0,0.0,1.4511021028354372,1.218321140505586,0.0,1.296922504409172,4.933747149640486,0.0,0.0,0.0,0.0,0.0
1.2123425198524882,1.5805967323674082,0.9930450674559633,2.168148397278853,0.5999647282546444,1.0178711941423624,0.7240953616866398,2.184699148403119,0.03723919002959862,0.0,1.820582623669266,1.1420018275743578,0.161369823461594,0.0,0.0,0.0,0.0,3.426005482723073,0.9433928140831651,0.0,0.0,4.187340034439312,0.0,0.0,0.0,0.0,0.11171757008879585,0.0,0.0,0.0,0.0,0.0,0.0,0.0,0.0,0.0,0.0,0.0,0.0
0.9263425704698305,2.2551410891587635,0.5100088309328281,1.4710458796974089,0.12143067403162573,2.3939190023377646,0.3642920220948772,1.165734470703607,1.5924765537290346,0.6938895658950041,2.442491271950415,0.16653349581480104,0.2706169306990516,0.0,0.20816686976850127,0.0,0.0,0.0,0.0,0.0,0.0,0.15265570449690094,0.0,0.0,0.0,0.0,2.248202193499813,0.0,6.439295171505639,0.0,0.0,2.331468941407214,0.0,1.8873796192344114,0.0,0.0,0.0,3.164136420481219,0.0
1.6839667825942986,1.4047598549102698,0.9554112056687861,1.727592865044928,0.45807386573160963,1.4396607208707735,0.030538257715440647,0.4537112574865468,1.4527485456059623,0.6980173192100718,0.23994345347846222,2.4081597512747486,0.8507086077872752,0.0,0.13087824735188847,0.0,0.0,0.07852694841113309,0.0,2.181304122531474,0.0,1.8235702464363128,0.0,0.0,0.0,0.0,0.0,0.0,0.0,0.0,0.0,0.0,0.0,0.0,0.0,0.0,0.0,0.0,0.0
1.5435171820123657,1.8806071413024226,1.63666046023725,0.6919214953848536,0.8649018692310669,1.2773935299412684,0.24838207526635772,0.4967641505327154,0.03991854781066463,0.2661236520710975,0.0,0.10644946082843902,0.2883006230770223,0.0,0.0,0.0,0.2262051042604329,0.6386967649706341,0.0,0.0,0.0,0.0,1.0201406662725405,1.1709440691128292,0.11088485502962396,0.0,0.0,0.0,0.1286264318343638,2.927360172782073,0.0,0.8515956866275122,0.29273601727820725,6.182939516451833,0.15523879704147356,1.2773935299412682,0.0,0.0,0.0
1.4229069041937028,1.1383255233549623,0.5008632302761835,0.9258380923287026,0.4173860252301528,0.2959646360722902,1.8858259503580541,0.8803050713945041,0.47809671980908414,0.26560928878282447,3.3390882018412227,0.8195943768155729,0.1479823180361451,0.584340435322214,0.0,0.06071069457893132,2.3866891806342374,1.9123868792363365,0.7930334479372905,5.084520670985498,0.07968278663484736,2.504316151380917,2.007247339515917,0.364264167473588,0.2845813808387405,0.0,0.2048985942038932,0.0,0.0,0.0,0.0,0.0,2.0034529211047336,0.0,0.0,0.0,0.0,0.0,0.0
1.0252493229796602,0.7875617636729569,1.9795471357185137,0.45408966554116437,0.727252979968271,0.06385635921672625,0.3973284573485188,0.0,0.03192817960836312,0.0,0.039023330632443815,0.1277127184334525,0.0,3.774620344810929,1.4899817150569454,0.17028362457793664,0.0,9.195315727208579,2.8309652586081966,0.0,0.3724954287642364,12.955745769971347,0.0,0.0,0.0,0.0,0.1915690776501787,0.3973284573485188,0.0,0.21285453072242078,0.0,0.0,1.0536299270759828,0.0,2.731633144271067,0.0,1.7063838212914066,0.0,0.0
1.3807451235425867,1.4204978622242352,1.248235994603759,0.19081314567191215,0.39752738681648364,0.2544175275625496,0.5936408976459491,0.0,0.6439943666427036,0.3710255610287181,1.253536359761312,2.1625489842816714,2.2738566525902866,0.0,2.2261533661723085,1.187281795291898,0.0,0.42932957776180236,0.05035346899675461,0.0,0.0,0.0,0.0,5.215559315032267,1.325091289388279,0.0,5.151954933141628,0.0,1.1528294217678026,0.0,0.3286226397682932,0.0,0.0,0.0,0.0,0.0,0.09805675541473265,0.503534689967546,5.374570269758861
1.2327249260011837,0.7383508671361255,0.47190251073482814,1.0914751948968813,0.7865041845580467,1.4253381956888687,0.29213012569298885,0.6934077708756657,3.0336589975810377,3.2744255846906434,0.21187459665645345,0.11556796181261098,0.208664375494992,0.40448786634413836,0.04815331742192123,0.873180155917505,0.1637212792345322,0.0,0.548947818609902,7.447713094590483,0.5393171551255178,0.0,0.0,0.0,0.0,0.0,0.0,0.0,0.09309641368238104,4.526411837660596,4.776809088254587,0.0,0.0,5.348228454994718,0.0,0.0,0.0,0.0,0.0
1.3667540695681446,1.8585300665622901,1.427427731534955,0.3959754780991821,1.4050742771261298,0.4981626982538098,0.3353018161323719,0.4342956856571675,0.8334645143861816,0.06386701259664226,0.0,0.3832020755798537,0.4151355818781748,0.0,0.0,0.15328083023194147,0.1628608821214378,0.7472440473807147,0.0,0.0,0.0,0.14050742771261301,0.0,0.15328083023194147,0.2395012972374085,1.3284338620101592,0.0,0.08941381763529918,0.0,0.0,0.5939632171487732,0.0,0.0,2.714348035357297,0.11176727204412398,0.0,3.30831125250607,11.406648449760311,4.857086307974646
1.2019962418486874,2.370133434631214,0.6094628831908837,1.168137192782527,1.4601714909781587,0.7364343171889844,0.7702933662551447,0.6433219322570438,1.4474743475783487,1.8622476986388112,0.0,0.30473144159544185,0.2200838189300413,0.0,0.2539428679962015,0.27087239252928164,1.007306709718266,1.2951086267806278,0.0,0.16929524533080098,0.0,2.514034393162395,0.09734476606521059,0.0,0.0,0.2200838189300413,1.1427429059829068,0.0,0.24547810572966144,0.0,0.0,0.0,0.5586743095916432,0.0,0.29626667932890177,0.0,0.0,0.0,0.0
2.216204988491978,0.9859494633842265,0.8637964325224641,0.29665736066428056,0.26175649470377693,0.052351298940755395,0.3969973503007284,0.20940519576302158,0.07852694841113309,0.13087824735188847,1.2477059580880037,2.879321441741547,0.39699735030072836,0.0,0.0,0.27920692768402877,0.0,0.07852694841113309,0.0,0.0,0.18322954629264387,0.0,0.0,0.0,0.0,0.11342781437163668,8.716491273635773,2.1987545555117265,0.8856094737477787,0.0,0.0,0.0,0.0,0.0,0.0,0.0,0.0,0.0,6.465385419183292
1.2466524489761928,1.2729901767714642,2.9234877852751566,0.5267545559054335,0.021948106496059726,0.4477413725196185,0.4609102364172543,0.24581879275586896,0.0,0.0877924259842389,0.0,0.26337727795271676,0.0,0.06145469818896724,0.7901318338581503,0.28093576314956453,0.6716120587794276,0.0,0.0,0.7901318338581501,0.09218204728345086,0.8691450172439653,0.0,0.0,0.0,0.0,0.11851977507872252,0.3687281891338035,0.0,0.0,0.0,0.0,0.0,0.0,0.0,0.0,31.183869709601662,0.0,0.0
1.366778284549224,2.1126602392442284,0.6289599185536253,0.5967055637560034,0.544292237209868,0.2177168948839472,1.3546829015001158,2.5803483838097447,0.07257229829464906,0.0,0.0,1.4030644336965488,0.7337865716458961,0.05644512089583816,0.0,0.0,0.0,1.3063013693036831,0.45962455586611073,0.0,0.0,0.0,0.0,0.0,0.0,0.0,0.0,0.0,0.0,7.257229829464905,0.0,5.54774902519095,0.0,3.152863181467531,0.7055640111979771,0.0,0.0,0.0,0.0
1.0019221950011723,0.5234316480481058,0.3727467796706209,2.29463975002907,1.374668974671793,1.2054789470198803,3.2754131915737537,2.0091315783664667,0.23792347638550268,0.7666423127977308,2.180965200200441,0.2537850414778695,0.1374668974671793,0.37010318548855975,0.03965391273091711,0.0,0.04494110109503939,0.6661857338794075,0.4018263156732934,0.10574376728244561,3.7195370141600255,3.31506710430467,0.0,0.0,0.264359418206114,1.3746689746717933,0.2141311287469524,0.14804127419542387,3.833211563988654,0.07930782546183422,0.08195141964389537,0.2537850414778695,1.657533552152335,0.808939819710709,0.7402063709771194,0.8565245149878097,0.0,0.0,0.0
0.9377224971637292,1.1151294560865967,0.3041262152963447,2.382322019821366,0.5279969015561538,0.6082524305926894,0.8870347946143385,0.033791801699593844,0.1900788845602154,7.645395134533107,0.0,0.0,0.0,0.0,0.06335962818673846,0.0,0.7898833647280061,0.0,0.0,0.0,0.0,0.0,0.0,0.0,0.0,5.271521065136641,1.3685679688335508,0.11827130594857847,0.0,11.91161009910683,0.0,0.13516720679837538,2.2302589121731935,0.2872303144465477,0.0,5.474271875334204,0.0,0.0,0.0
1.961814171697802,0.7069600618730818,1.5729861376676073,2.0266188440361677,0.5007633771600996,0.4948720433111573,0.4123933694259644,0.8483520742476982,0.10604400928096228,0.9426134158307756,0.06480467233836583,0.0,0.0,2.639317564326172,0.08837000773413523,0.09426134158307757,0.0,0.0,0.895482745039237,0.0,0.0,0.0,2.7100135705134805,0.0,0.0,0.15317468007250107,0.3181320278428868,0.0,0.0,0.5302200464048114,1.2784194452204896,0.0,0.0,0.0,0.0,0.21208801856192455,0.0,0.0,0.0
1.7186490530457212,1.1699510704110714,0.7074122751322758,0.7618286039886045,0.3401020553520556,1.2515755636955648,0.8888000379867054,1.2334367874101215,0.8162449328449335,0.18138776285442965,0.0,3.1017307448107476,0.0,0.3809143019943023,0.0,0.2176653154253156,0.0,3.3466042246642274,1.0339102482702491,0.0,2.7616286894586914,0.0,0.0,0.0,0.0,0.0,0.0,3.682171585944922,0.0,0.0,0.0,0.0,0.0,0.3083591968525304,0.0,0.0,0.0,0.0,1.7685306878306892
1.5182137666393045,1.4588422785584378,0.9032947829446143,0.15266954077937142,0.3816738519484285,0.4580086223381143,0.4156004165660666,0.13570625847055234,3.2823951267564855,2.0355938770582855,0.6997353952387856,0.7633477038968571,0.7166986775476046,0.059371488080866654,0.4452861606064999,0.47497190464693323,0.6488455483123285,2.4427126524699423,0.0,0.2544492346322857,1.2468012496981997,0.5597883161910285,0.09753887327570951,0.4071187754116571,0.21204102886023804,0.0,0.0,1.3061727377790664,0.0,0.0,8.545253463067594,0.0,0.0,0.0,0.0,0.0,0.0,0.0,0.0
1.4497606499268674,0.8115012442986869,1.2582828282384135,1.6594744546332698,0.22794978772435023,0.7932652612807389,0.6701723759095898,0.36471966035896036,1.0668050065499592,0.0,0.2507447664967853,0.05470794905384407,0.29633472404165534,1.0850409895679072,2.6670125163748977,3.938972331876772,3.720140535661396,1.1488669301307253,0.9528301126877842,0.0,0.5744334650653626,0.0,0.6291414141192067,1.7506543697230101,1.1397489386217512,0.0,0.0,0.0,0.0,0.0,2.1199330258364575,0.0,0.0,0.0,0.0,0.0,0.0,0.0,0.0
1.400640790329373,1.3834339010132872,1.7551027102407377,0.7708686413606377,0.7226893512755977,0.7639858856342034,0.3613446756377989,0.8809927329835859,0.6194480153790838,0.3097240076895419,0.15142062598155384,0.12388960307581677,0.2236895611091136,0.4336136107653587,0.3097240076895419,0.05506204581147412,1.5210890155419725,0.8672272215307174,1.2423374086213848,0.4817929008503985,0.7226893512755977,0.22713093897233072,2.3745507256198213,0.16518613743442237,1.118447805545568,0.2684274733309363,0.09291720230686257,0.0,0.0,0.0,0.0,0.0,0.0,0.0,0.0,0.0,9.677154551366575,0.0,2.013206049982023
1.2078946024346033,0.5979676249676255,0.2631057549857552,0.3189160666494002,0.5581031166364503,0.28702445998446025,0.05581031166364504,10.779363052749728,0.21526834498834516,0.19932254165587512,0.0,0.14351222999223012,0.0,0.0,0.0,1.403230693257361,0.0,0.4305366899766903,0.1514851316584651,0.1594580333247001,0.0,0.0,0.5501302149702154,14.351222999223014,0.0,0.0,0.0,0.0,0.0,0.5979676249676253,0.2471599516532852,7.398852746266085,0.0,0.0,0.0,0.0,0.0,0.0,0.0
1.1102775926668917,1.5610442447305617,1.161707344915767,2.5654370533556516,0.6655614996913247,0.4537919316077215,0.7411934882926117,0.4598424906958244,0.4900952861363391,0.0,1.9634064240894082,0.0,1.1798590221800755,0.08470782723344134,0.36303354528617715,1.1617073449157669,0.8743057882308766,2.3415663670958424,0.40236217935884633,0.0,0.0,2.196352948981372,0.0,1.3069207630302377,0.0756319886012869,0.0,2.532158978371086,0.0,0.0,0.0,0.0,0.0,0.0,0.0,0.0,0.3267301907575595,1.790965490078474,0.9196849813916489,0.0
1.723714013762523,0.9090233107404351,1.980984762085288,0.6860553288607057,0.8575691610758821,1.543624489936588,0.7803879365790528,0.44593596375945876,0.4244967347325617,0.5145414966455293,2.3111488890995022,0.0,0.0,0.240119365101247,0.19295306124207348,0.5488442630885646,0.0,0.15436244899365878,0.0,0.0,0.0,0.0,0.0,0.0,0.42878458053794105,0.22296798187972935,0.34731551023573226,0.0,5.844333832732136,0.0,0.26584643993352347,0.0,0.5659956463100821,0.0,0.0,0.0,0.0,0.0,0.0
1.9127197229566157,1.1547014343927005,0.6480467233836584,0.5812782730956451,0.3534800309365409,0.9661787512265453,0.3574075868358358,1.979488173244629,0.388828034030195,0.07855111798589796,0.04320311489224389,0.659829391081543,0.10211645338166737,0.0,0.47130670791538787,0.25136357755487354,0.0,0.0,0.07462356208660308,0.0,0.08247867388519288,0.0,0.36133514273513073,0.0,0.0,0.0,0.0,0.0,0.0,0.0,7.305253972688512,0.0,0.0,0.0,0.0,0.0,0.0,0.0,17.46191352826512
1.74518014270037,1.5263655070712716,1.2168228517910837,0.9179540811757296,0.3735859632691923,0.6084114258955419,1.6811368347113655,0.5550420025713715,0.3842598479340264,0.10673884664834064,0.1761190969697621,1.857255931681128,1.734506258035536,0.4483031559230308,2.0013533746563876,0.08539107731867253,0.0,0.0960649619835066,0.30420571294777093,0.10673884664834064,0.0,0.0,0.0,0.0,0.0,0.0,0.0,1.3449094677690925,0.0,0.0,0.0,0.5123464639120352,0.17611909696976208,0.0,0.0,0.0,0.0,0.0,0.0
1.2730523149900577,1.513900050258447,0.5419074043538761,1.1526284473558632,0.5161022898608342,1.3676710681312108,0.8429670734393626,0.10322045797216685,0.7354457630516888,2.2364432560636147,2.4127782050994004,2.3224603043737546,0.0,0.541907404353876,0.3225639311630214,0.06881363864811124,0.14622898212723637,0.0,0.0817161958946321,0.8601704831013903,0.0,0.4730937657057647,0.0989196055566599,0.3096613739165006,0.3225639311630214,0.0,0.5806150760934384,1.5655102792445306,0.0,5.806150760934385,0.0,0.5505091091848899,3.6901313725049647,0.0,0.0,0.0,0.0,0.0,0.0
0.9167650816865772,1.0309748730078008,1.879831430125002,0.28398110274466365,0.2623738449271349,1.5372020561613318,0.9723266017887942,0.3704101340147787,1.0001073618399026,0.8951578238690484,0.0,2.666952964906407,0.7624275258470862,0.0,6.250671011499391,0.5432681965550087,0.0,0.9445458417376857,0.7037792546280796,0.0,0.12964354690517255,0.4074511474162566,0.14199055137233185,0.0,10.726460130844632,0.0,0.0,3.5435902820747165,0.0,0.0,0.0,0.5926562144236459,0.0,0.10494953797085396,0.0,0.0,0.0,0.0,0.0
1.5749270144166756,0.8928720081732334,0.3441277531501004,0.5952480054488223,1.8756512671694658,0.985879509024612,3.667595783572691,0.4960400045406852,0.8649697579178198,0.5580450051082708,0.64795225593127,0.5208420047677195,0.20151625184465335,0.39063150357578963,0.5115412546825816,0.29762400272441114,0.263521252412239,0.2790225025541354,0.1767142516176191,0.24802000227034257,0.0,0.13641100124868843,0.142611501305447,0.14881200136220557,0.0,0.0,0.0,0.0,0.0,0.0,0.0,1.0912880099895075,12.583914865191506,0.0,0.21701750198654976,0.0,0.0,0.0,0.0
3.0063334826618147,0.8562931281885046,1.1727492842581693,0.14892054403278338,0.1861506800409792,0.0,0.7818328561721127,0.14892054403278338,0.3350712240737626,0.0,0.30714862206761573,0.11169040802458755,0.0,0.5212219041147419,0.0,0.14892054403278338,0.949368468208994,0.1675356120368813,0.35368629207786056,0.0,0.0,0.4095314960901543,0.0,0.0,0.0,0.0,0.0,0.0,0.0,0.0,0.0,0.0,0.0,0.0,0.0,0.0,0.0,0.0,0.0
1.3428225557897795,1.075783979354312,1.6594540107061195,0.8392640973686122,0.9918575696174508,0.4577804167465158,0.6943002987322155,0.427261722296748,1.5793424377754794,1.831121666986063,1.8883442190793776,0.2746682500479095,0.04959287848087254,0.48066943758384156,1.1444510418662894,0.5493365000958189,1.945566771172692,0.06866706251197736,0.2899275972727933,0.0,0.0,0.0,0.0,0.0,0.0,0.0,0.0,0.0,1.2169329411844876,3.20446291722561,4.4938777577282965,1.709046889186992,0.0,0.0,0.0,0.0,0.0,0.0,0.0
1.1171206784440613,1.2783254345739639,0.6278501028217257,0.47512980754076534,0.6646160998338086,0.4751298075407654,0.7324917866253466,1.4480146515528087,0.5599744160301877,1.7251737059515884,6.813022061700618,0.37331627735345857,0.0,0.039594150628397114,0.0,0.3620036628882022,0.5288647262507329,0.05090676509365343,0.2686745935498376,0.0,1.0096508410241265,0.0,0.0,0.0,0.0,0.0,1.069042066966722,0.0,14.02481378330152,0.0,0.0,0.0,0.0,0.0,0.0,0.0,0.0,0.10746983741993502,5.404601560776206
1.9277753539039129,0.7545271277645422,0.6343002777361262,0.7130695932719849,0.24874520695534355,2.6366991937266424,1.1608109657916035,0.2984942483464123,0.7462356208660308,0.8291506898511453,0.0,0.0,0.10778958968064889,0.0,0.0,0.0,0.0,0.14924712417320615,0.07876931553585881,0.0,0.08706082243437026,0.36482630353450396,0.8581709639959354,0.09949808278213744,0.0,0.0,0.0,0.0,0.0,1.6168438452097333,0.25703671385385507,0.0,15.049085020798286,0.8457337036481681,0.0,0.0,0.0,0.0,2.9103189213775202
1.2880447230581982,0.9243111633906007,3.0040112810194524,0.3765712147146892,0.5990905688642783,0.20540248075346687,0.23963622754571132,0.8216099230138673,0.038512965141275037,0.08558436698061118,0.0,0.05135062018836672,0.0,0.7189086826371339,0.0,4.381919589407293,0.581973695468156,0.15405186056510015,0.0,0.6846749358448895,5.930996631756355,0.0,0.09842202202770287,0.10270124037673344,0.0,0.0,0.0,0.0,0.0,0.0,0.0,0.0,0.0,0.0,0.0,0.0,15.041452496842414,0.0,0.0
1.0052585638643845,1.5318225735076336,0.9231966402836186,1.066805006549959,0.6667531290937244,0.6154644268557456,0.35902091566585165,2.051548089519152,0.27695899208508556,3.6244016248171684,0.6393991545668025,1.0257740447595762,1.1557054237624558,0.0,0.2051548089519152,1.2035748791845693,0.0,0.36927865611344746,0.0,0.0,0.21541254939951102,0.0,0.3145707070596033,2.215671936680685,0.0,0.0,1.2924752963970658,1.2446058409749523,1.4873723649013852,10.360317852071718,0.0,0.0,0.7898460144648736,0.0,0.0,0.0,0.0,0.0,0.0
1.110162259429142,1.1351097259331675,0.04677649969504813,1.9334286540619887,0.841976994510866,1.0290829932910588,0.5457258297755614,2.270219451866335,0.224527198536231,0.12473733252012831,0.5488442630885646,0.3367907978043465,0.24323779841425025,0.0,1.216188992071251,0.0,0.05301336632105453,2.9749853806050606,1.5997562895706456,0.18710599878019246,2.0955871863381557,3.0872489798731757,0.0,0.0,0.0,0.4864755968285005,0.0,0.0,0.0,0.5613179963405774,0.0,8.881298075433136,0.0,0.0,0.0,12.348995919492703,0.0,0.0,0.0
1.393016722033454,0.2830729167768516,0.4395079497324802,0.30790387438885614,0.1986476608960362,1.5494517549890827,4.345417582100792,1.8275584802435332,0.6480879936733182,2.781067252544507,0.6555372809569195,0.05959429826881087,0.0,0.27810672525445074,5.512472589865005,0.0,0.1266378838212231,0.581044408120906,0.0,0.0,0.5214501098520951,0.3823967472248697,0.0,0.0,8.56668037614156,0.5164839183296942,0.0,0.0,0.6480879936733182,0.2979714913440543,0.0,0.07945906435841449,2.212438323229603,0.0,0.0,0.0,0.0,0.0,0.0
0.8702358512793982,1.3753971503147562,0.4839360343700069,1.5961399028344083,0.3820547639763211,0.3820547639763212,0.41601518744088306,6.078915800156577,0.22923285838579271,0.04245052933070234,0.7004337339565888,1.782922231889499,0.0,0.0,0.0,0.0,0.28866359944877595,0.0,0.08065600572833447,0.0,0.0,0.0,0.0,0.0,0.10612632332675585,0.0,0.0,11.886148212596659,4.062515656948215,0.5094063519684282,0.0,8.558026713069593,0.0,0.28866359944877595,0.1485768526574582,1.6810409614958133,0.0,0.0,0.0
1.3665714389181627,1.2664038988927477,1.8030157204574713,0.8585789145035577,0.30408003222001,0.6653986587402573,0.2253769650571839,0.4006701601016603,0.12878683717553366,0.5723859430023718,0.039351533581413065,0.08585789145035577,0.0,1.4524293303685185,0.21464472862588943,0.05723859430023718,7.176288760392237,0.5151473487021346,0.0,0.0,0.0,0.15740613432565226,10.44962087193705,0.0,0.0,1.0231398731167396,0.0,0.0,0.829959617353439,0.0,0.0,0.0,0.0,0.0,0.0,0.0,0.0,0.0,0.0
1.926466168604148,0.9072654127371216,1.0781140943564498,1.3432241175588553,1.0898967620543345,0.5655680494984655,0.24743602165557865,0.23565335395769393,0.2651100232024057,0.6480467233836583,0.5832420510452926,0.42417603712384916,0.6126987202900043,2.2269241949002074,0.7069600618730818,2.262272197993862,0.0,0.0,0.0,0.0,0.0,0.0,0.0,3.3934082969907933,0.0,1.8380961608700128,0.0,0.0,0.0,0.0,0.0,0.0,0.0,0.0,0.4123933694259644,0.0,0.0,0.0,0.0
1.221035962074276,0.37755717248349324,0.03614909098246212,0.4980541424250336,3.17308687512723,1.3013672753686363,0.927826668549861,0.28919272785969696,0.0,0.0,0.2650933338713889,0.04819878797661616,0.0,9.671890120640976,0.06024848497077019,0.0,0.06828161630020622,0.0,0.4578884857778535,0.0,9.025223048621376,0.35345777849518517,0.0,0.0,0.0,12.636115581202867,0.0,0.0,0.0,0.0,0.0,0.0,0.0,0.0,0.14057979826513045,0.0,0.0,0.0,0.0
1.159710389091173,1.0300059376796604,1.545008906519491,1.4191192919141988,2.4987181080747316,0.6408925834451221,0.24033471879192078,0.3357056389474449,0.5150029688398302,0.5340771528709349,0.3357056389474449,0.04577804167465158,0.39674302784698035,1.4954160280386182,0.22889020837325788,0.0,0.9079311598805895,1.2360071252155926,0.0,1.1444510418662894,0.0,1.6785281947372244,0.0877412465430822,0.0,0.0,0.19837151392349017,0.0,0.0,0.0,1.716676562799434,0.0,0.0,0.0,1.0376356112921024,13.08489024533791,0.0,0.0,0.0,0.0
2.448585630966664,1.3432241175588553,1.3432241175588555,1.138009321820697,0.09327945260825383,0.4477413725196185,1.1426732944511098,0.1865589052165077,0.08395150734742847,0.2798383578247615,0.2565184946726981,0.2798383578247616,0.060631644195365,0.0,0.0,0.0,0.15857506943403152,0.0,0.1772309599556823,0.0,0.0,0.0,0.3218141114984758,0.0,0.0,0.0,0.0,0.0,0.0,0.0,0.0,0.0,0.0,0.0,0.0,0.0,0.0,0.0,0.0
1.3364606527171694,2.210300310263011,1.0665984055338948,1.3878629855139837,0.9637937399402662,2.7757259710279674,0.5996938826294991,0.5482915498326849,0.0,0.8138702692828915,0.37695044050997084,0.5140233279681421,0.5568586052988206,0.4197857178406494,0.0,0.20560933118725683,0.07281997146215345,0.5397244943665492,0.0,0.0,0.17990816478884972,0.0,0.0,0.20560933118725686,0.0,0.0,0.0,0.0,0.0,0.0,0.0,0.13707288745817123,0.0,0.0,0.0,0.0,0.0,0.0,0.0
1.388553306099065,0.7733714616247955,2.02131177470117,1.0311619488330608,0.4687099767423003,0.17576624127836266,0.8202424592990256,1.7342269139465112,2.1091948953403516,0.11717749418557508,1.675638166853724,0.0,0.0761653712206238,3.2809698371961025,0.5272987238350879,0.0,2.6892234915589484,2.2146546401073692,0.2226372389525927,1.2889524360413258,0.2460727377897077,0.0,0.0,0.0,0.0,0.9139844546474857,0.0,0.0,0.33981473313816773,0.0,0.0,0.0,0.0,0.0,0.0,0.0,0.0,0.0,0.0
1.493668411177301,0.6596403643270315,3.2072169437969467,0.7127148763993214,0.3791036576592135,1.342026948113616,1.2207137776626675,1.2737882897349573,0.7506252421652427,1.3647731675731687,1.292743472617918,0.4094319502719507,0.09856695099139551,0.26537256036144946,0.0,0.0,0.19334286540619888,0.0,0.0,0.0758207315318427,0.0,0.0,0.0,0.0,0.0,0.0,0.0,0.0,0.0,0.0,0.0,0.0,0.0,2.191219141270254,0.0,0.0,2.6650987133442707,0.0,0.0
1.2200826489637524,0.6698492974702953,0.7320495893782515,0.5358794379762363,0.5980797298841922,0.3444939244132948,0.870804086711384,3.5597705522707126,4.176988833511199,0.09569275678147077,0.36841711360866247,0.0,0.684203210987516,0.40190957848217723,0.0,0.5358794379762363,0.16267768652850031,0.0,0.0,0.0,0.0,0.0,0.0,0.0,0.8373116218378691,0.0,0.0,0.0,0.0,0.0,16.167291258229486,12.401781278878612,0.0,0.0,0.0,0.0,0.0,0.0,0.0
2.0589759692608194,0.8235903877043277,0.4218389790680704,0.8838530989997664,0.3264230195169591,0.2711822008294738,2.2146546401073692,0.9642033807270178,0.3615762677726317,0.40175140863625736,0.0,0.0,0.06528460390339183,0.07030649651134505,0.9792690585508774,0.8035028172725148,0.2561165230056141,0.18078813388631584,0.38166383820444455,0.0,0.0,0.0,0.23100705996584803,0.8436779581361408,1.129925836789474,0.0,0.0,0.0,0.0,0.0,0.0,0.0,1.1600571924371932,0.0,0.17576624127836263,0.18078813388631584,0.0,0.0,18.997819735887024
1.028125149899979,1.4772339698923889,2.4608194021071705,0.7720217732100926,2.7280577082183557,0.26723830611118593,0.4676670356945753,0.9798737890743483,0.06680957652779648,0.25981501983031957,0.8573895654400547,0.044539717685197655,0.09650272165126157,0.3637410277624475,0.05567464710649706,0.296931451234651,0.0,0.0,0.4231273180093777,0.0,0.1558890118981918,0.5715930436267032,0.0,0.0,0.0,0.0,0.0,0.0,0.0,0.0,0.0,0.1187725804938604,0.0,0.0,0.0,4.6766703569457535,9.613155733721825,0.0,2.8950816495378473
0.5336357283927488,1.6578974085988307,3.170728793945264,0.10361858803742692,3.9116016984128663,0.40411249334596505,0.761596622075088,0.45592178736467853,0.18651345846736847,1.1398044684116961,0.0,0.1865134584673685,0.0,0.1450660232523977,0.7771394102807019,0.0,1.3211369974771934,2.8909586062442116,0.6890636104488892,0.5180929401871346,0.0,1.1398044684116961,0.0,0.0,0.0,0.0,0.0,0.0,0.0,0.7771394102807019,0.0,0.0,0.0,0.0,0.0,0.0,7.476081126900353,0.0,0.0
1.4574322595340372,1.525805624796128,0.8744593557204224,0.014394392686755924,0.21591589030133881,0.4534233696328117,0.35266262082552013,0.6045644928437488,0.0,1.0076074880729147,0.0,0.4318317806026778,0.23390888115978375,1.2091289856874976,0.0,0.5181981367232132,0.36705701351227604,4.66378323050892,0.0,0.43183178060267763,2.115975724953121,2.29590563353757,0.2483032738465397,0.6045644928437489,0.8996495429222452,2.058398154206097,0.0,2.418257971374995,0.0,0.0,0.0,0.0,0.0,0.0,0.0,0.0,0.0,10.256004789313595,7.999683735664606
1.012584334775137,1.6049806122626324,1.4568815428907587,0.5923962774874952,0.8782619230192515,1.095244280471067,0.8197111281513015,1.9562853814703332,1.6428664207066002,0.9988076771591489,0.6819445519914189,0.12398991854389436,0.0,0.7232745248393837,0.15498739817986795,0.38574641324767134,0.0,0.0,0.0,0.27553315231976516,0.14465490496787672,0.07577161688793543,0.0,1.0745792940470844,0.0,1.3432241175588555,0.371969755631683,5.207576578843563,3.9952307086365955,0.8265994569592956,0.3203072895717271,2.865544784125558,0.0,0.0,0.12054575413989728,0.0,1.7840771612704798,0.26175649470377693,0.0
1.1538866754561443,1.508348595367509,0.44119196414499645,0.9050091572205055,1.0181353018730686,0.13575137358307582,0.6071103096354225,0.12066788762940073,0.5090676509365343,0.30166971907350176,0.4562754500986715,0.0,1.7647678565799854,5.1208434812726935,0.678756867915379,0.0,1.1538866754561443,3.597411399951509,0.0,0.0,0.0,4.72867284647714,0.8673004423363179,0.0,0.0,9.608180552491033,0.0,0.0,0.0,0.0,0.0,0.0,0.0,0.0,0.0,0.0,0.0,3.0091554477581806,0.0
1.3372881523928757,1.7186032480551012,0.9989381379320278,1.095609570635127,0.29538493325947046,0.3866857308123978,3.3835001446084805,0.6015111368192854,0.24167858175774862,0.16111905450516573,0.11815397330378823,0.0,0.0,0.0,0.0,0.0,0.0,0.0,0.0,0.0,0.0,0.0,0.0,0.0,0.1342658787543048,0.13963651390447698,0.0,0.0,0.0,0.0,0.0,0.5155809744165304,13.469552956631853,0.5478047853175635,0.0,3.4801715773115802,6.160118517247503,0.0,0.0
1.1806412237351915,0.35041862804925783,0.6064937793160231,1.0674290515962006,0.593016139775667,1.584970409945874,0.8302225956859339,0.4959771350851034,4.5608332204564945,0.10782111632284853,2.7278742429680687,3.946252857416258,2.382846670734953,1.2075965028159037,0.16173167448427284,0.0,0.09164794887442126,0.0,2.7143966034277125,2.8572595825554865,0.5094547746254594,0.17790484193270012,0.12399428377127585,0.0,0.06738819770178034,0.0,0.07277925351792276,1.1321217213899097,1.0162140213428477,0.0,2.339718224205814,0.0,0.0,0.18329589774884253,0.0,0.0,0.0,0.0,0.0
1.3795274720874733,1.3450392852852864,0.6380314558404564,0.8507086077872752,1.17834638240805,0.5173228020328026,0.16094487174353855,0.2299212453479122,3.414330493416496,0.4598424906958244,0.3161417123533793,0.0,0.5977952379045718,3.2993698707425403,1.2933070050820061,0.0,4.9835429929159965,0.9311810436590444,0.0,0.5748031133697805,0.0,0.885196794589462,3.833936766176436,0.0,0.0,0.0,0.0,0.0,0.0,0.0,0.0,0.0,0.0,0.0,0.0,0.0,0.0,0.0,0.0
1.1945366701012987,1.4320261564419132,1.031484186942071,0.7939947006014568,0.44307739988920575,0.40408658869895575,0.27293567833175075,0.5671390718581834,0.47852359188034227,0.14178476796454584,0.15596324476100046,0.0,0.046080049588477404,0.04962466878759105,1.9140943675213689,0.0,11.147827381212418,0.06380314558404564,0.0,0.21267715194681877,0.07443700318138657,0.07798162238050023,14.1040397932732,0.0,0.0,0.0,0.0,0.0,0.0,0.0,0.0,0.9074225149730936,0.0,0.0,0.0,0.0,0.0,0.0,0.0
1.54100817724178,1.3337380715308975,0.8651273977497714,2.3610768563587508,1.55452579283162,1.297691096624657,0.5046576486873666,0.0,0.6488455483123285,0.3154110304296041,1.0904209909137743,0.5947750859529678,0.7029160106716892,0.3154110304296041,0.0,0.2883757992499238,0.306399286703044,0.0,0.0,0.0,0.0,0.7930334479372904,0.0,0.3244227741561643,0.0,0.0,0.6082927015428079,0.5046576486873666,1.1760325563160954,0.0,0.0,0.0,0.0,0.0,0.0,2.595382193249314,0.0,0.0,0.0
0.9092877205537164,0.2972671394117919,1.9803237375520848,3.689609789169888,2.644803225649031,0.13114726738755528,0.24480823245676983,0.0,0.4721301625951989,0.04371575579585175,2.019667917768351,0.5245890695502211,0.11366096506921455,0.0,2.7540926151386604,1.8185754411074329,0.0,0.0,0.9967192321454199,0.0874315115917035,0.0,0.0,0.0,1.2590137669205306,0.0,0.0,0.0,0.6120205811419246,2.4087381443514317,0.0,0.0,0.0,0.0,0.0,0.0,8.026212764118382,0.0,0.0,0.0
1.2167188583707327,0.23870233733703744,2.068753590254325,0.5834946023794249,2.453329578186218,1.7902675300277808,1.8333665631580793,1.4852589878748996,0.9548093493481499,0.03315310240792187,0.2917473011897124,0.39783722889506246,0.0,0.0,1.690808222804015,0.15913489155802496,0.11272054818693435,0.23870233733703747,0.06299089457505155,0.0,0.0,0.9481787288665655,0.0,0.0,1.0774758282574606,0.0,0.0,0.18565737348436245,0.0,0.0,0.1027746174645578,0.0,0.0,4.621542475664308,8.70268938207949,1.1935116866851871,0.0,0.0,0.6464854969544764
1.223679376718642,2.64013016209844,0.9806197744937063,0.5364073980136512,1.1524377691699539,0.45259374207401837,0.6746999303140457,0.0670509247517064,0.07543229034566971,0.3771614517283486,0.0,0.15086458069133946,0.10895775272152292,0.11733911831548621,0.06286024195472475,0.0,0.0,0.0,0.0,1.424832150973761,0.0,0.36878008613438523,0.7710856346446238,0.0,0.2095341398490825,0.0,0.0,0.0,0.0,0.0,0.0,0.0,0.0,0.0,6.453651507351742,0.0,0.0,16.88007030624209,0.0
1.594322319715128,1.9966844990739743,1.4702858584090175,0.33883130893376534,1.3008702039421347,0.4356402543434127,0.10588478404180167,0.4598424906958244,0.952963056376215,0.3932863407266919,0.0,0.6897637360437366,0.15731453629067677,0.04235391361672067,0.18151677264308858,0.0,0.3085785134932506,0.0,0.0,0.0,0.19059261127524302,0.0,0.0,0.0,0.0,0.0,0.08168254768938986,0.0,0.0,1.1798590221800758,0.18756733173119156,0.0,4.093203223101647,0.0,0.6353087042508101,0.10891006358585315,1.790965490078474,6.897637360437366,0.0
1.0622745938409548,1.6089682132653793,3.146821809369858,0.4622450115458548,0.48891299298119256,0.37335174009472893,1.1200552202841867,0.5689169372872059,0.44002169368307337,0.3555730858045037,0.09778259859623853,0.0,0.0,0.0,0.0,0.0,0.15111856146691408,0.0,0.0,0.0,0.0,0.0,0.0,0.0,0.0,0.0,0.36001774937706,0.0,0.1288952436041326,0.2666798143533778,0.0,0.14222923432180148,0.0,0.0,0.6222529001578816,0.0,24.174525171133695,1.0133832945428356,0.0
0.9280457539497546,2.9388115541742232,1.2444249882508076,2.3341756841766554,0.35153248255672526,0.7593101623225267,0.09842909511588308,0.5624519720907604,0.0,1.406129930226901,0.6186971692998364,1.0967813455769828,0.0,0.6890036658111814,0.0,1.2373943385996728,0.0,1.1389652434837898,0.0,0.2812259860453802,0.0,0.0,0.3234098839521872,0.0,0.0,1.2795782365064798,0.0,0.19685819023176615,0.0,0.4218389790680703,0.0,0.0,0.0,0.0,0.0,0.0,0.0,0.0,0.0
0.6692412648250878,2.1364240377108574,1.061777006693649,0.1415702675591532,0.7078513377957659,0.6563712405015286,0.3153155959272048,1.6731031620627197,0.37644821146411195,6.467187222588588,0.49549593645703616,1.5830129917978042,0.20913789525783996,0.045045085132457835,0.0,0.10296019458847505,0.0,0.23166043782406887,0.0,1.737453283680516,0.0,0.0,0.0,0.0,0.0,0.0,0.08687266418402582,11.261271283114459,0.18661535269161103,2.9922806552275563,0.0,0.0,0.0,0.0,0.0,0.0,0.0,4.401548318657309,0.12548273715470398
1.4191437012904726,0.7231800779178846,1.481352740251151,0.6842994285674608,1.205300129863141,1.7962859999895848,0.3265974545435608,0.5287768311657651,0.24494809090767064,0.5054484415555107,0.38491842856919667,0.6531949090871217,0.4549035973999597,1.9051518181707716,1.9829131168716194,0.0,0.0,0.0,0.8864788051896652,0.6998516883076302,0.1632987272717804,0.1710748571418652,0.08942549350597499,0.0933135584410174,3.499258441538151,2.9316009610219624,0.0,0.0,0.0,0.11664194805127172,0.0,0.0,0.0,5.419962519449093,0.0,3.359288103876626,2.589451246738232,0.0,0.0
1.0633857597340939,1.0566126020287812,0.802619188079555,1.1514368099031589,0.9482420787437779,0.4267089354347001,1.5408933779586393,3.8471535766176137,0.060958419347814305,1.8287525804344287,2.048880205857092,0.12191683869562861,1.2767402274514439,0.1896484157487556,2.03194731159381,0.0,0.0,0.0,0.0,0.0,0.0,0.7450473475843971,0.3894565680554803,0.0,0.0,1.3207657525359766,0.0,0.0,2.5534804549028878,0.1015973655796905,0.0,9.644976572365284,0.0,0.0,0.0,0.609584193478143,0.0,0.0,0.0
1.413374974031435,2.2810798631519993,0.5367246736828235,0.5546154961389175,0.20127175263105876,1.4759928526277646,2.2542436294678585,0.14312657964875292,1.328393567364988,1.3865387403472937,0.09839952350851762,0.26836233684141175,0.9884679406991997,0.1252357571926588,1.5430834368381172,2.790968303150682,0.0,0.5635609073669646,0.0,0.0,0.0,0.787196188068141,0.0,0.21468986947312937,0.0,0.0,0.0,0.0,0.0,0.0,0.0,0.0,0.0,0.0,0.0,0.0,0.0,0.0,0.0
1.9310827345626216,1.1870352666799187,1.5612094268290237,0.39567842222663957,0.6666321244035774,0.5677125188469176,0.270953702176938,1.2386454956660022,0.6193227478330011,0.6881363864811123,0.8515687782703765,0.10322045797216686,0.3354664884095423,0.0,0.0,0.5505091091848899,0.0,0.46449206087475087,2.2880534850496987,0.0,0.0,0.0,0.0,0.10322045797216686,0.0,0.0,1.1612301521868769,0.0,0.0,0.0,0.0,0.0,0.0,0.0,0.0,0.0,7.797445429314104,0.0,0.0
1.1375282243573879,1.2350306435880212,0.7190803418259204,0.2275056448714776,2.661003524836032,0.21938044326892484,5.431697271306527,0.5200129025633773,0.036563407211487466,0.0,0.2234430440702012,0.24375604807658316,0.052813810416593006,0.0,0.0,0.0,0.1381284272433971,0.0,0.07718941522425132,0.0,0.0,0.0,0.0,0.0,0.0,0.5281381041659301,0.0,10.806518131395187,0.0,0.0,0.0,0.0,9.920871156716933,0.0,0.42657308413402045,0.0,0.4509486889416787,0.0,0.0
1.6573750805664895,1.9587160043058516,1.3560341568271281,0.27816085268248775,1.2459288193069764,0.034770106585310975,1.3386491035344723,0.9272028422749592,0.10431031975593291,0.5215515987796645,0.5099615632512275,0.4867814921943537,0.527346616543883,0.0,0.0,0.0,0.0,0.10431031975593291,0.5505266876007571,0.0,0.0,0.0,0.1332854085770254,0.0,0.0,0.3013409237393617,0.9387928778033962,0.16226049739811788,0.0,0.17385053292655486,0.0,0.0,0.0,0.0,0.0,0.0,1.5009096009325902,6.826530926249387,0.9040227712180853
1.8071809884345897,0.7633385345550685,0.8415117579733588,0.33108659330099355,0.6667716115089453,1.6830235159467175,0.2575117947896617,0.1471495970226638,0.041385824162624194,0.27590549441749457,2.073889633038168,0.44144879106799145,0.05977952379045717,0.0,0.0,0.0,1.6416376917840931,0.5794015382767387,0.0,0.0,0.0,4.855936701747906,1.2691652743204753,0.0,0.0,0.11955904758091435,0.0,0.0,0.0,0.0,0.0,0.0,0.0,6.253857873463212,0.0,0.0,0.0,0.0,14.705762852452464
1.7963681009082733,1.6552248929797662,0.519663629191322,0.538910430272482,0.0641560036038669,3.7338794097450543,0.04490920252270683,0.2566240144154676,0.0,0.4490920252270683,0.07057160396425359,0.0,0.0,0.0,0.0,0.0,0.43626082450629494,0.11548080648696044,0.0,0.0,0.0,0.14114320792850718,0.0,1.0778208605449642,0.0,0.0,0.0,0.0,0.0,0.3849360216232014,0.0,0.6158976345971223,0.0,16.359780918986058,0.0,0.0,0.0,0.0,0.0
1.4011080376189478,1.958538117101755,1.0696631254940354,0.5021892607953218,1.7576624127836262,1.2956482928519304,0.21091948953403516,0.5624519720907604,1.039531769846316,0.40175140863625736,0.5524081868748539,1.5668304936814041,0.45699222732374284,0.5624519720907604,0.828612280312281,1.2856045076360236,0.17074434867040938,0.0,0.7633276764088891,0.30131355647719305,0.21091948953403514,0.8838530989997664,0.0,0.8436779581361408,0.6277365759941522,0.0,0.0,0.0,0.0,0.0,0.0,0.0,0.0,0.0,0.0,0.0,0.0,0.0,0.0
1.112795603115678,0.9194527377094792,0.59291812057901,1.392068630924632,0.8593016240275506,0.28356953592909173,0.27068001156867844,0.06874412992220405,0.0,8.077435265858975,0.8507086077872751,0.0,0.11170921112358158,0.30075556840964274,0.19334286540619888,0.0,0.0,0.0,0.0,0.0,0.27068001156867844,0.0,0.0,0.5155809744165305,1.5037778420482135,8.936736889886527,0.0,0.0,1.2459873548399485,13.662895822038054,0.0,0.0,0.0,0.0,0.15037778420482137,0.0,0.0,0.0,0.0
1.411833479519709,1.867409139045238,0.8660448181079367,2.399665850174074,0.5412780113174602,0.37889460792222224,2.2733676475333335,1.0464708218804233,0.20297925424404764,0.13531950282936506,0.9427258697112435,0.05412780113174604,0.29319225613029104,0.0,0.27063900565873017,0.5773632120719577,0.15336210320661375,0.24357510509285715,0.6856188143354498,0.6314910132037036,0.852512867825,0.19846860414973547,0.0,0.3247668067904762,0.0,0.0,0.9743004203714286,0.0,0.0,0.0,0.0,0.0,0.0,0.0,0.0,0.0,0.0,0.0,0.0
0.8210592461217668,1.2011792674744368,0.6842160384348058,0.8058544452676601,0.4751500266908373,0.8666736486840874,1.8359797031333953,0.45614402562320383,5.200041892104523,0.1900600106763349,1.0035168563710484,0.0,0.8400652471894003,3.352658588330548,0.0,0.30409601708213585,0.06462040362995387,0.821059246121767,0.0,0.15204800854106792,0.15965040896812133,0.0,0.0,0.0,0.0,4.546235455377931,1.2315888691826502,0.0,0.0,0.0,15.08316244727394,0.0,0.0,2.067852916158524,0.0,0.0,0.0,0.0,0.0
1.6564562599474062,0.982041925540248,0.5501801149111029,1.6801199208037978,2.2184682052867046,1.9167565293677133,0.04141140649868516,0.8518917908300946,0.9583782646838565,0.23663660856391516,1.5618016165218402,0.3549549128458728,0.15381379556654487,1.0766965689658143,0.7099098256917455,0.0,0.2011411172793279,0.0,0.0,1.0648647385376182,0.0,0.0,0.27213209984850245,0.0,0.0,0.0,0.15972971078064274,0.16564562599474064,0.0,0.0,0.0,0.0,0.0,3.4193989937485743,0.0,0.0,0.0,0.0,0.0
1.9716423027540375,1.651375532763534,1.0658878438746449,0.4403668087369424,0.8757294491927831,0.7806502518518526,1.085904516999051,1.1209336949667625,0.5404501743589748,0.15012504843304855,0.9357794685660027,0.9007502905982914,0.3252709382716052,0.5604668474833813,0.6755627179487185,0.0,0.0850708607787275,0.0,0.0,0.0,0.0,0.0,0.0,0.0,0.0,0.0,0.8106752615384621,0.28023342374169063,0.0,0.0,0.0,0.0,0.0,0.0,0.0,0.0,0.0,0.0,0.0
0.9350835924042135,1.2177832831310687,3.8360173418628665,0.3653349849393206,0.17396904044729553,1.4874352958243768,0.9133374623483015,0.24355665662621373,0.704574613811547,0.39143034100641494,0.1435244583690188,0.36533498493932065,0.5653993814537105,0.12177832831310688,1.1090526328515091,0.0,0.0,1.330863159421811,1.1568941189745152,0.0,0.0,0.0,0.0,0.0,0.2174613005591194,0.0,0.0,0.0,0.0,0.0,0.0,0.0,0.0,0.1478736843802012,0.0,0.0,17.057664415857325,0.0,0.0
1.146943780556872,1.63245985944291,0.30608622364554566,1.0554697367087782,0.4925525437974297,0.14776576313922896,0.5171801709873013,0.7036464911391854,0.4432972894176868,0.7740111402531039,2.167231192708691,0.0,0.0,0.4432972894176868,4.907934275695818,2.420543929518798,0.17942985524049226,0.06332818420252669,0.0,0.0,0.0,0.3096044561012416,0.0,3.799691052151601,9.411271818986604,0.0,0.0,0.0,7.039983143847549,0.0,0.0,0.0,0.0,0.0,0.0,0.0,0.0,0.0,0.0
1.6450668590758206,0.7331605522953012,0.9634093207847347,0.39990575579743703,0.9694684989028776,1.3814926109366008,0.14844986389450313,0.02423671247257194,0.10906520612657374,1.9692328883964698,0.9331134301940197,0.2181304122531475,0.3544619199113646,0.5513852087510116,5.635035649872976,0.04847342494514388,0.0,0.05453260306328687,0.0,0.06059178118142985,0.5089709619240108,0.0,0.0,0.7998115115948742,6.892315109387645,0.07876931553585881,0.0,0.0,0.4392904135653664,4.362608245062949,0.0,0.0,0.0,3.8112230363119375,0.0,0.0,0.0,0.0,0.0
1.610432337736339,0.3548410235690238,0.6960343154623161,0.4913183403263407,0.7961176810843482,0.5732047303807309,0.3502917796771133,4.658425745316416,3.889603527583531,1.774205117845119,0.3002500968660971,0.5459092670292675,0.0,0.0,0.0,0.0,0.1546742923249591,0.08188639005439012,0.0,0.0,0.7642729738409745,1.3010837530864208,0.5231630475697147,0.0,0.0,0.11828034118967462,0.12282958508158517,0.0,0.0,2.18363706811707,5.359009304670643,4.804001549857554,0.0,0.0,0.1592235362168697,0.0,0.0,0.0,0.0
0.9999287433304318,1.5614271915082898,0.9460864263818703,3.6920445907585178,0.42304677602441343,0.3692044590758518,0.0,0.0,0.10383875411508331,0.692258360767222,0.7614841968439443,0.27690334430688884,0.4499679344986944,0.0,0.11537639346120367,1.1691474537401974,0.784559475536185,0.5538066886137777,0.5115020110113363,1.1537639346120367,0.0,0.6768748416390615,0.0,0.0,0.0,0.09999287433304319,0.0,0.0,1.003774623112472,0.0,0.0,0.0,0.0,0.0,0.0,20.07549246224944,0.0,0.438430295152574,0.0
0.8182725776810011,0.9509654281157581,1.393274929564948,0.22115475072459492,0.9951963782606771,0.5971178269564064,1.057856890965979,0.6487206021254783,0.5307714017390278,6.008037394684828,0.7703557150240057,0.8846190028983797,1.9166745062798225,0.4644249765216493,0.4423095014491898,2.6538570086951387,0.0,0.0,0.21009701318836518,0.0,0.0,0.0,0.0,4.1577093136223855,0.09214781280191453,0.2875011759419734,0.0,0.0,0.0,14.81736829854786,0.0,0.0,0.0,0.0,0.0,0.0,1.363787629468335,0.0,0.0
2.3079762677636837,0.9727833855863459,0.7438931772130882,0.7248189931819833,0.4768546007776205,0.4005578646532013,0.4673175087620682,1.2970445141151279,0.7725044532597454,0.5722255209331447,0.7343560851975357,0.6866706251197737,0.12398219620218134,0.0,0.0,0.0,0.0,0.0,1.6308427346594623,1.907418403110482,3.6050207818788116,0.0,0.0,0.0,0.0,0.0,0.0,0.0,0.0,0.0,0.0,0.0,0.0,0.0,0.0,0.3433353125598868,0.0,0.0,0.0
1.4858055204999248,1.0564355260103417,0.5467517196018435,1.3097329328315346,1.96151040648119,0.31507726214343523,0.6919343796091126,1.5815642962494003,0.6116205676901978,0.2780093489500899,0.03397892042723321,0.11120373958003599,1.7267469562566695,1.600098252846073,0.0,0.0,0.0,0.16680560937005395,0.0,0.0,0.0,0.13591568170893284,0.0,0.0,0.0,0.0,0.33361121874010785,0.0,0.0,0.0,3.255798375482164,0.0,0.0,0.0,10.162786200508842,0.0,0.0,0.0,8.192008815729316
1.2341650573359293,1.0929875046517452,1.3389096931983882,0.6193595859693223,0.40987031424440445,2.8144428244782445,0.5738184399421663,0.29146333457379875,0.6967795342154877,0.13662343808146815,0.5510478669285883,1.9127281331405546,0.29601744917651435,0.0,0.0,0.0,0.0,0.16394812569776182,1.038338129419158,0.0,0.09563640665702772,3.30628720157153,0.0,0.9836887541865709,1.1385286506789012,0.0,0.0,0.0,0.0,0.0,0.7058877634209189,0.0,0.0,13.1613912018481,0.0,3.934755016746283,2.022026883605729,0.0,0.0
2.2499964787506794,0.5933053595082927,0.6845831071249533,0.858010827596608,1.323527340441576,0.32859989141997753,1.1820468316357524,0.6937108818866191,1.7662244163823793,0.6845831071249531,0.0,0.2738332428499813,0.0,0.0,0.0,0.0,0.1551721709483227,0.0,0.1734277204716548,0.09127774761666041,0.0,0.0,0.10496940975915948,0.6571997828399551,1.1409718452082551,0.0,0.12322495928249157,0.5111553866532984,0.0,0.13691662142499061,0.0,0.0,1.3554745521074072,0.0,0.0,0.0,0.3377276661816435,3.468554409433096,5.161756627722148
0.9969780521107968,0.7727442341620017,2.2457879305333175,2.483820752663577,0.5347114120317422,1.0763223261542167,0.45881688903368856,0.46916614216978675,0.0,1.6903780122293788,0.0,1.3247044014205747,0.0,0.48296514635125104,0.10349253136098238,0.7727442341620017,0.0,0.18628655644976827,0.13109053972391102,0.0,0.434668631716126,0.0,0.15868854808683966,0.6623522007102873,0.17248755226830395,0.0,0.0,0.0,0.0,5.174626568049118,0.0,0.0,0.0,0.0,0.0,0.0,17.35914726028211,0.0,0.0
1.2712475799387206,1.3033497915533347,0.3081812315002959,0.6677260015839744,0.208664375494992,0.9630663484384248,0.17977238504183926,3.415675315794946,0.05778398090630548,2.792892410471431,0.17656216388037785,0.0,0.0834657501979968,0.044943096260459815,0.1444599522657637,0.0,0.0,0.05778398090630548,0.060994202067766894,0.0,0.0,0.0,1.6243719076994765,1.6179514653765534,0.0,0.3338630007919872,0.0,0.0,0.0,14.349688591732527,0.0,4.211810163837377,0.0,0.0,0.0,0.0,0.0,1.219884041355338,11.142677651432573
1.3665638274029632,1.0739441999016663,3.0227305851164887,0.4826715505176029,0.6938403538690541,0.21720219773292132,0.33787008536232205,1.158411721242247,0.10860109886646066,0.8145082414984548,0.13273467639234082,0.03620036628882022,0.19608531739777618,0.0,0.27150274716615164,0.0,0.0,0.0,0.0,0.3620036628882021,0.0,0.13273467639234082,0.0,0.07240073257764044,0.0,0.0,1.3032131863975278,0.16893504268116102,3.0619476485960435,1.9005192301630616,0.0,0.0,0.0,0.0,0.0,0.0,12.947664342634695,0.0,4.353094046230631
1.0067102766046345,1.790561026327327,2.547514936598751,0.29202282832806187,0.7492690989996325,0.8530140511688125,1.0220798991482167,0.18443547052298648,0.1037449521691799,0.0,0.2535987719691064,1.0605039555071722,1.448586924732623,0.0,0.0,0.5533064115689594,0.13064179162044876,0.2074899043383598,2.26317691954248,1.6138103670761315,2.1786439955527777,0.0,0.0,2.1210079110143445,0.6724209862817215,0.19980509306656868,0.10374495216917988,0.10758735780507545,0.0,0.0,0.0,0.0,0.0,0.0,0.0,0.0,9.098816545800664,0.0,0.0
1.1329758725984376,1.1622769727518456,0.468817602454526,2.246417678427936,0.17092308422821256,0.6739253035283811,0.41021540214771013,0.2734769347651401,0.3076615516107826,2.3440880122726293,2.5247781298853114,0.2930110015340787,0.5713714529914534,0.8204308042954203,0.5860220030681573,0.0,0.9132176214478784,0.0,0.18557363430491652,0.0,0.0,0.0,1.0108879552925716,0.0,5.738132113375707,1.9045715099715113,0.0,0.0,6.65623325151582,0.0,0.0,0.0,0.0,0.16603956753597793,0.0,6.504844234056547,0.9034505880634093,0.0,2.6664001139601163
1.618995620356406,0.9419610882073635,2.4579297145410894,1.7661770403888064,0.29436284006480107,0.3237991240712812,0.5838196327951888,0.3924837867530681,0.264926556058321,0.14718142003240053,1.4031295376422184,0.0,1.0842364609053505,0.7555312894996561,0.6623163901458023,0.3924837867530681,0.0,0.6181619641360823,1.1185787922462442,0.09812094668826701,1.7514588983855663,0.21586608271418747,0.0,0.11774513602592045,0.0,0.2551144613894943,0.1324632780291605,0.2747386507271477,0.0,0.0,0.7604373368340696,0.0,0.0,0.0,0.0,0.0,1.2706662596130578,0.0,0.0
1.0601138035502966,0.7503686181508272,0.523512989407554,0.5584138553680575,0.45807386573160963,1.5967146176930398,1.0993772777558632,0.6282155872890648,3.2981318332675897,0.21813041225314744,5.7106541927874,0.1570538968222662,0.0,0.12215303086176259,0.39263474205566545,0.0,0.37082170083035065,0.0,0.0,0.0,0.0,0.0,0.3010199689093435,0.0,0.0,0.0,0.0,0.0,13.284142106216681,0.0,14.335530693276853,0.0,0.0,0.0,0.0,0.0,0.0,0.0,0.0
1.7114255521367534,1.221017060588795,1.1859878826210837,0.8807336174738848,2.1017506780626793,1.2610504068376078,0.7356127373219379,0.4804001549857554,0.720600232478633,0.15012504843304855,0.550458510921178,0.7206002324786331,0.0,1.7514588983855663,0.0,0.0,0.0,0.0,0.09507919734093075,0.0,0.10508753390313398,0.0,0.11509587046533722,0.0,0.0,0.3903251259259262,0.0,0.0,0.4353626404558408,0.0,0.0,0.0,0.0,0.0,2.4520424577397932,0.0,0.18515422640075985,0.0,2.7322758814814843
2.0214858006826337,1.3897714879693108,0.8633428940415416,0.4492190668183631,0.8422857502844308,0.8422857502844309,0.2948000125995508,0.22460953340918155,0.12634286254266464,0.0,0.6948857439846554,0.0,0.0,0.3930666834660677,2.7374286884244,0.0,0.23864762924725538,0.0,0.0,4.351809709802892,0.0,0.0,0.0,0.0,4.5623811473739995,1.4599619671596802,0.0,0.0,0.0,0.0,0.0,0.0,0.0,0.0,0.0,0.0,0.0,0.0,0.0
1.1569862270038718,0.5630103294422734,1.0978701424124333,0.360326610843055,0.5489350712062165,2.4322046231906214,0.09852680765239785,0.6530919821530372,0.17734825377431612,0.591160845914387,8.267806687859785,0.0,0.1097870142412433,0.07882144612191828,0.0422257747081705,0.0,0.4785587800259324,2.7869011307392535,0.16045794389104792,0.0,0.0,0.12386227247730015,0.06474618788586145,0.13512247906614563,0.2815051647211367,0.0,0.0,0.6305715689753463,10.286198718910335,0.168903098832682,0.5235996063813143,0.0,0.0,8.901193308482343,0.7882144612191828,0.0,0.0,0.0,0.0
