0.49288486416558863,0.2276843467011643,0.09573091849935317,0.037516170763260026,0.028460543337645538,0.03363518758085381,0.007761966364812419,0.031047865459249677,0.00129366106080207,0.015523932729624839,0.0,0.00258732212160414,0.0,0.0,0.0,0.0,0.0,0.009055627425614488,0.0,0.00258732212160414,0.0,0.0,0.0,0.00517464424320828,0.0,0.0,0.0,0.0,0.0,0.0,0.0,0.00129366106080207,0.0,0.0,0.0,0.0,0.0,0.007761966364812419,0.0
0.5244094488188976,0.1984251968503937,0.12598425196850394,0.06614173228346457,0.03464566929133858,0.011023622047244094,0.0031496062992125984,0.0,0.0015748031496062992,0.006299212598425197,0.0031496062992125984,0.007874015748031496,0.0015748031496062992,0.0,0.0031496062992125984,0.0,0.007874015748031496,0.0,0.0,0.0,0.0,0.0,0.0,0.0,0.0,0.0,0.0,0.0,0.0,0.0,0.0,0.0,0.0,0.0,0.0,0.0,0.0,0.004724409448818898,0.0
0.41220657276995304,0.10516431924882629,0.061971830985915494,0.046009389671361506,0.023474178403755867,0.008450704225352112,0.007511737089201878,0.03474178403755868,0.008450704225352112,0.010328638497652582,0.004694835680751174,0.10704225352112676,0.003755868544600939,0.0028169014084507044,0.003755868544600939,0.008450704225352112,0.0009389671361502347,0.003755868544600939,0.02629107981220657,0.011267605633802818,0.038497652582159626,0.0,0.0,0.0,0.0,0.0,0.0,0.07042253521126761,0.0,0.0,0.0,0.0,0.0,0.0,0.0,0.0,0.0,0.0,0.0
0.3197925669835782,0.07951598962834917,0.11581676750216076,0.046672428694900604,0.032843560933448576,0.019878997407087293,0.003457216940363008,0.016421780466724288,0.006050129645635264,0.0,0.007778738115816767,0.0,0.0,0.0025929127052722557,0.0847018150388937,0.08210890233362143,0.0,0.0,0.0,0.0,0.0,0.0,0.0,0.08124459809853068,0.09075194468452895,0.0,0.0,0.0,0.005185825410544511,0.0,0.0,0.0,0.0,0.0,0.0,0.0,0.0,0.005185825410544511,0.0
0.3362944162436548,0.06598984771573604,0.027918781725888325,0.01903553299492386,0.013959390862944163,0.005076142131979695,0.006345177664974619,0.050761421319796954,0.0012690355329949238,0.0,0.0,0.0,0.0,0.0,0.0,0.0,0.21954314720812182,0.0,0.0,0.0,0.0,0.0,0.22208121827411167,0.0,0.0,0.0,0.0,0.0,0.0,0.0,0.0,0.031725888324873094,0.0,0.0,0.0,0.0,0.0,0.0,0.0
0.26895119418483904,0.07892004153686397,0.04569055036344756,0.016614745586708203,0.021806853582554516,0.021806853582554516,0.02699896157840083,0.08618899273104881,0.02596053997923157,0.004153686396677051,0.18899273104880582,0.003115264797507788,0.0,0.0,0.0010384215991692627,0.0,0.0,0.0010384215991692627,0.0,0.003115264797507788,0.07268951194184839,0.0,0.004153686396677051,0.0,0.0,0.0,0.0,0.0,0.11941848390446522,0.0,0.009345794392523364,0.0,0.0,0.0,0.0,0.0,0.0,0.0,0.0
0.4470802919708029,0.12773722627737227,0.14233576642335766,0.04927007299270073,0.03102189781021898,0.05474452554744526,0.029197080291970802,0.041970802919708027,0.020072992700729927,0.0,0.0,0.0036496350364963502,0.0018248175182481751,0.012773722627737226,0.0072992700729927005,0.0,0.005474452554744526,0.0018248175182481751,0.005474452554744526,0.0,0.0,0.0,0.0036496350364963502,0.0036496350364963502,0.0018248175182481751,0.009124087591240875,0.0,0.0,0.0,0.0,0.0,0.0,0.0,0.0,0.0,0.0,0.0,0.0,0.0
0.5417867435158501,0.21037463976945245,0.05763688760806916,0.07780979827089338,0.05475504322766571,0.0,0.008645533141210375,0.002881844380403458,0.008645533141210375,0.005763688760806916,0.0,0.0,0.011527377521613832,0.0,0.0,0.002881844380403458,0.0,0.002881844380403458,0.002881844380403458,0.002881844380403458,0.0,0.002881844380403458,0.0,0.0,0.002881844380403458,0.0,0.0,0.0,0.002881844380403458,0.0,0.0,0.0,0.0,0.0,0.0,0.0,0.0,0.0,0.0
0.3813559322033898,0.07203389830508475,0.2860169491525424,0.03072033898305085,0.00423728813559322,0.00211864406779661,0.006355932203389831,0.0,0.001059322033898305,0.0,0.001059322033898305,0.00211864406779661,0.01059322033898305,0.0,0.001059322033898305,0.0,0.0,0.0,0.001059322033898305,0.0031779661016949155,0.00211864406779661,0.0,0.0,0.007415254237288136,0.001059322033898305,0.001059322033898305,0.00211864406779661,0.0,0.0,0.0,0.0,0.0,0.0,0.0,0.0,0.0,0.1832627118644068,0.0,0.0
0.39558573853989815,0.15280135823429541,0.1035653650254669,0.015280135823429542,0.07470288624787776,0.011884550084889643,0.0,0.08149405772495756,0.006791171477079796,0.0,0.06281833616298811,0.0,0.010186757215619695,0.0,0.0,0.015280135823429542,0.0,0.0,0.0,0.0,0.0,0.0,0.0,0.015280135823429542,0.0,0.0,0.0,0.0,0.05432937181663837,0.0,0.0,0.0,0.0,0.0,0.0,0.0,0.0,0.0,0.0
0.3852596314907873,0.1574539363484087,0.06197654941373534,0.06700167504187604,0.04020100502512563,0.038525963149078725,0.011725293132328308,0.021775544388609715,0.020100502512562814,0.006700167504187605,0.0016750418760469012,0.020100502512562814,0.021775544388609715,0.02847571189279732,0.04522613065326633,0.005025125628140704,0.0,0.0,0.0,0.0,0.0,0.0,0.0,0.005025125628140704,0.03015075376884422,0.01340033500837521,0.018425460636515914,0.0,0.0,0.0,0.0,0.0,0.0,0.0,0.0,0.0,0.0,0.0,0.0
0.261,0.123,0.057,0.014,0.066,0.041,0.002,0.012,0.005,0.002,0.005,0.008,0.189,0.002,0.003,0.002,0.002,0.0,0.008,0.0,0.0,0.0,0.0,0.0,0.0,0.0,0.197,0.0,0.0,0.0,0.0,0.001,0.0,0.0,0.0,0.0,0.0,0.0,0.0
0.5019455252918288,0.2723735408560311,0.07198443579766536,0.042801556420233464,0.033073929961089495,0.011673151750972763,0.023346303501945526,0.0019455252918287938,0.009727626459143969,0.013618677042801557,0.0019455252918287938,0.0019455252918287938,0.0019455252918287938,0.0019455252918287938,0.0,0.0,0.005836575875486381,0.0,0.0,0.0,0.0,0.0,0.0038910505836575876,0.0,0.0,0.0,0.0,0.0,0.0,0.0,0.0,0.0,0.0,0.0,0.0,0.0,0.0,0.0,0.0
0.3873684210526316,0.18947368421052632,0.13263157894736843,0.06315789473684211,0.05894736842105263,0.035789473684210524,0.05052631578947368,0.00631578947368421,0.0,0.0,0.031578947368421054,0.002105263157894737,0.01263157894736842,0.010526315789473684,0.0,0.0,0.004210526315789474,0.0,0.008421052631578947,0.0,0.004210526315789474,0.0,0.002105263157894737,0.0,0.0,0.0,0.0,0.0,0.0,0.0,0.0,0.0,0.0,0.0,0.0,0.0,0.0,0.0,0.0
0.320962888665998,0.07823470411233702,0.1354062186559679,0.05315947843530592,0.017051153460381142,0.028084252758274825,0.028084252758274825,0.0020060180541624875,0.020060180541624874,0.015045135406218655,0.0050150451354062184,0.003009027081243731,0.020060180541624874,0.07923771313941826,0.0050150451354062184,0.0,0.0,0.0,0.0,0.003009027081243731,0.0,0.006018054162487462,0.003009027081243731,0.0,0.0,0.07522567703109329,0.014042126379137413,0.017051153460381142,0.0,0.0,0.0,0.0,0.013039117352056168,0.0,0.0,0.0,0.058174523570712136,0.0,0.0
0.4375896700143472,0.21807747489239598,0.09469153515064563,0.06886657101865136,0.05021520803443329,0.04591104734576758,0.035868005738880916,0.011477761836441894,0.0,0.0,0.00430416068866571,0.00860832137733142,0.0,0.0,0.007173601147776184,0.0,0.0028694404591104736,0.0,0.00430416068866571,0.0,0.0014347202295552368,0.0,0.0014347202295552368,0.0,0.005738880918220947,0.0,0.0,0.0,0.0014347202295552368,0.0,0.0,0.0,0.0,0.0,0.0,0.0,0.0,0.0,0.0
0.24465811965811965,0.11217948717948718,0.057692307692307696,0.021367521367521368,0.013888888888888888,0.009615384615384616,0.017094017094017096,0.0,0.021367521367521368,0.00641025641025641,0.003205128205128205,0.003205128205128205,0.0,0.0,0.0,0.0,0.0010683760683760685,0.11324786324786325,0.1346153846153846,0.0,0.13675213675213677,0.10363247863247864,0.0,0.0,0.0,0.0,0.0,0.0,0.0,0.0,0.0,0.0,0.0,0.0,0.0,0.0,0.0,0.0,0.0
0.49909255898366606,0.20689655172413793,0.021778584392014518,0.13611615245009073,0.012704174228675136,0.014519056261343012,0.003629764065335753,0.0054446460980036296,0.007259528130671506,0.014519056261343012,0.0018148820326678765,0.003629764065335753,0.0,0.0018148820326678765,0.0,0.0,0.0,0.0,0.0,0.014519056261343012,0.0,0.0,0.0,0.0,0.0,0.003629764065335753,0.0,0.0,0.0,0.010889292196007259,0.0,0.0,0.0,0.0,0.0,0.0,0.0,0.041742286751361164,0.0
0.2184873949579832,0.06554621848739496,0.11764705882352941,0.03529411764705882,0.2319327731092437,0.03949579831932773,0.018487394957983194,0.0008403361344537816,0.015966386554621848,0.0226890756302521,0.008403361344537815,0.0016806722689075631,0.0,0.0,0.0,0.0025210084033613447,0.0025210084033613447,0.007563025210084034,0.0,0.0,0.0058823529411764705,0.0,0.0,0.0,0.0,0.0,0.0,0.0,0.0,0.0,0.0008403361344537816,0.0,0.0,0.0,0.1495798319327731,0.0,0.0546218487394958,0.0,0.0
0.6119221411192214,0.13746958637469586,0.10218978102189781,0.05474452554744526,0.01824817518248175,0.014598540145985401,0.004866180048661801,0.0024330900243309003,0.010948905109489052,0.0036496350364963502,0.0012165450121654502,0.0024330900243309003,0.004866180048661801,0.0,0.0170316301703163,0.0,0.0,0.0,0.0,0.0036496350364963502,0.0,0.0,0.0,0.0024330900243309003,0.006082725060827251,0.0,0.0,0.0,0.0,0.0,0.0,0.0,0.0012165450121654502,0.0,0.0,0.0,0.0,0.0,0.0
0.5370741482965932,0.18036072144288579,0.08617234468937876,0.02404809619238477,0.012024048096192385,0.050100200400801605,0.014028056112224449,0.028056112224448898,0.006012024048096192,0.014028056112224449,0.0,0.0,0.01603206412825651,0.008016032064128256,0.0,0.002004008016032064,0.002004008016032064,0.0,0.0,0.002004008016032064,0.0,0.0,0.0,0.0,0.0,0.0,0.0,0.0,0.002004008016032064,0.0,0.0,0.01603206412825651,0.0,0.0,0.0,0.0,0.0,0.0,0.0
0.32909379968203495,0.17170111287758347,0.12082670906200318,0.017488076311605722,0.07472178060413355,0.034976152623211444,0.012718600953895072,0.001589825119236884,0.0,0.01589825119236884,0.0,0.003179650238473768,0.07472178060413355,0.0,0.00794912559618442,0.0,0.0,0.0,0.0,0.0,0.012718600953895072,0.0,0.0,0.0,0.0,0.001589825119236884,0.09697933227344992,0.0,0.0,0.0,0.0,0.0,0.0,0.02384737678855326,0.0,0.0,0.0,0.0,0.0
0.39658848614072495,0.1513859275053305,0.09701492537313433,0.028784648187633263,0.07356076759061833,0.010660980810234541,0.01279317697228145,0.019189765458422176,0.015991471215351813,0.005330490405117271,0.006396588486140725,0.011727078891257996,0.0031982942430703624,0.0,0.0010660980810234541,0.007462686567164179,0.0042643923240938165,0.0,0.0,0.0021321961620469083,0.0010660980810234541,0.0,0.0,0.0,0.0,0.0,0.0,0.0,0.0,0.0,0.0,0.0,0.0,0.0,0.0,0.0,0.0,0.0,0.1513859275053305
0.4896988906497623,0.12678288431061807,0.0554675118858954,0.061806656101426306,0.039619651347068144,0.028526148969889066,0.04595879556259905,0.05071315372424723,0.01901743264659271,0.003169572107765452,0.003169572107765452,0.0,0.0,0.0,0.001584786053882726,0.001584786053882726,0.014263074484944533,0.001584786053882726,0.0,0.0,0.004754358161648178,0.0,0.0,0.0,0.0,0.0,0.0,0.0,0.0,0.003169572107765452,0.0,0.02377179080824089,0.025356576862123614,0.0,0.0,0.0,0.0,0.0,0.0
0.44657097288676234,0.15151515151515152,0.17065390749601275,0.030303030303030304,0.011164274322169059,0.017543859649122806,0.02711323763955343,0.06060606060606061,0.0,0.012759170653907496,0.025518341307814992,0.0,0.019138755980861243,0.022328548644338118,0.003189792663476874,0.0,0.0,0.0,0.0,0.0,0.0,0.0,0.0,0.0,0.0,0.0,0.001594896331738437,0.0,0.0,0.0,0.0,0.0,0.0,0.0,0.0,0.0,0.0,0.0,0.0
0.23969631236442515,0.13665943600867678,0.03579175704989154,0.02928416485900217,0.01193058568329718,0.015184381778741865,0.0,0.01735357917570499,0.0021691973969631237,0.005422993492407809,0.004338394793926247,0.0032537960954446853,0.0021691973969631237,0.004338394793926247,0.0,0.0,0.10629067245119306,0.004338394793926247,0.1279826464208243,0.0,0.12364425162689804,0.0,0.1301518438177874,0.0,0.0,0.0,0.0,0.0,0.0,0.0,0.0,0.0,0.0,0.0,0.0,0.0,0.0,0.0,0.0
0.24768518518518517,0.07407407407407407,0.1111111111111111,0.04282407407407408,0.06944444444444445,0.003472222222222222,0.011574074074074073,0.004629629629629629,0.0,0.010416666666666666,0.0011574074074074073,0.0,0.010416666666666666,0.013888888888888888,0.0,0.0,0.0011574074074074073,0.005787037037037037,0.04398148148148148,0.2951388888888889,0.041666666666666664,0.011574074074074073,0.0,0.0,0.0,0.0,0.0,0.0,0.0,0.0,0.0,0.0,0.0,0.0,0.0,0.0,0.0,0.0,0.0
0.40792540792540793,0.168997668997669,0.1247086247086247,0.0641025641025641,0.005827505827505828,0.01048951048951049,0.029137529137529136,0.0034965034965034965,0.046620046620046623,0.030303030303030304,0.0337995337995338,0.0,0.002331002331002331,0.0,0.0,0.0034965034965034965,0.004662004662004662,0.0,0.0034965034965034965,0.002331002331002331,0.0011655011655011655,0.0,0.0011655011655011655,0.0,0.0,0.0,0.0,0.0,0.03263403263403263,0.015151515151515152,0.004662004662004662,0.0,0.0011655011655011655,0.0,0.002331002331002331,0.0,0.0,0.0,0.0
0.3713188220230474,0.14596670934699105,0.0973111395646607,0.088348271446863,0.088348271446863,0.006402048655569782,0.015364916773367477,0.024327784891165175,0.002560819462227913,0.0,0.030729833546734954,0.0,0.0076824583866837385,0.0499359795134443,0.0,0.0,0.0012804097311139564,0.0,0.0,0.0,0.0,0.0,0.0,0.0,0.0,0.04481434058898848,0.002560819462227913,0.0,0.023047375160051217,0.0,0.0,0.0,0.0,0.0,0.0,0.0,0.0,0.0,0.0
0.30257510729613735,0.07439198855507868,0.03719599427753934,0.04935622317596566,0.05722460658082976,0.060801144492131615,0.02074391988555079,0.02074391988555079,0.009298998569384835,0.004291845493562232,0.010014306151645207,0.04721030042918455,0.019313304721030045,0.002145922746781116,0.07510729613733906,0.01430615164520744,0.0,0.009298998569384835,0.00357653791130186,0.0,0.0,0.044349070100143065,0.0,0.06366237482117311,0.015736766809728183,0.0,0.032188841201716736,0.005722460658082976,0.0,0.0,0.0,0.001430615164520744,0.001430615164520744,0.00715307582260372,0.000715307582260372,0.0,0.0,0.0,0.010014306151645207
0.35585585585585583,0.16216216216216217,0.07507507507507508,0.16516516516516516,0.06456456456456457,0.07807807807807808,0.021021021021021023,0.0,0.02252252252252252,0.015015015015015015,0.010510510510510511,0.0,0.01951951951951952,0.0015015015015015015,0.0,0.0,0.0015015015015015015,0.0,0.0,0.0,0.0,0.0,0.0,0.0,0.0,0.0,0.0075075075075075074,0.0,0.0,0.0,0.0,0.0,0.0,0.0,0.0,0.0,0.0,0.0,0.0
0.40298507462686567,0.09048507462686567,0.055970149253731345,0.016791044776119403,0.012126865671641791,0.012126865671641791,0.028917910447761194,0.02332089552238806,0.005597014925373134,0.013992537313432836,0.008395522388059701,0.010261194029850746,0.0065298507462686565,0.002798507462686567,0.0037313432835820895,0.0,0.029850746268656716,0.11194029850746269,0.0,0.0009328358208955224,0.0,0.10634328358208955,0.048507462686567165,0.0,0.0,0.0,0.0,0.0,0.0,0.008395522388059701,0.0,0.0,0.0,0.0,0.0,0.0,0.0,0.0,0.0
0.39680729760547323,0.23033067274800456,0.05131128848346636,0.026225769669327253,0.05815279361459521,0.0,0.00798175598631699,0.09920182440136831,0.00798175598631699,0.013683010262257697,0.011402508551881414,0.002280501710376283,0.0,0.002280501710376283,0.0011402508551881414,0.0,0.0,0.0,0.0,0.0,0.0,0.0,0.0,0.0,0.0,0.0,0.0,0.0,0.0,0.0011402508551881414,0.0,0.09007981755986318,0.0,0.0,0.0,0.0,0.0,0.0,0.0
0.38414634146341464,0.38414634146341464,0.052845528455284556,0.08333333333333333,0.03048780487804878,0.012195121951219513,0.014227642276422764,0.0040650406504065045,0.006097560975609756,0.0020325203252032522,0.0040650406504065045,0.0,0.0040650406504065045,0.0020325203252032522,0.006097560975609756,0.0040650406504065045,0.0020325203252032522,0.0,0.0,0.0,0.0,0.0,0.0020325203252032522,0.0,0.0020325203252032522,0.0,0.0,0.0,0.0,0.0,0.0,0.0,0.0,0.0,0.0,0.0,0.0,0.0,0.0
0.4734576757532281,0.25538020086083213,0.07173601147776183,0.03443328550932568,0.027259684361549498,0.01291248206599713,0.00860832137733142,0.02582496413199426,0.0028694404591104736,0.0014347202295552368,0.0,0.0,0.00430416068866571,0.035868005738880916,0.005738880918220947,0.0,0.0014347202295552368,0.0014347202295552368,0.0,0.0,0.0,0.0,0.0,0.0,0.0,0.03730272596843615,0.0,0.0,0.0,0.0,0.0,0.0,0.0,0.0,0.0,0.0,0.0,0.0,0.0
0.28458049886621317,0.1235827664399093,0.02834467120181406,0.06575963718820861,0.018140589569160998,0.0011337868480725624,0.0,0.005668934240362812,0.005668934240362812,0.0,0.0011337868480725624,0.012471655328798186,0.003401360544217687,0.006802721088435374,0.0045351473922902496,0.0,0.0,0.0045351473922902496,0.0,0.427437641723356,0.0,0.003401360544217687,0.0,0.0,0.003401360544217687,0.0,0.0,0.0,0.0,0.0,0.0,0.0,0.0,0.0,0.0,0.0,0.0,0.0,0.0
0.36952714535901926,0.14185639229422067,0.09632224168126094,0.2119089316987741,0.04553415061295972,0.01926444833625219,0.03852889667250438,0.005253940455341506,0.005253940455341506,0.0,0.0035026269702276708,0.0,0.0070052539404553416,0.0017513134851138354,0.0070052539404553416,0.0035026269702276708,0.005253940455341506,0.005253940455341506,0.0017513134851138354,0.005253940455341506,0.0,0.0,0.0,0.0,0.0,0.0,0.0,0.0,0.0,0.0,0.0,0.0,0.0,0.0,0.0,0.021015761821366025,0.0,0.0,0.005253940455341506
0.39390088945362134,0.15374841168996187,0.04701397712833545,0.020330368487928845,0.05844980940279543,0.030495552731893267,0.0012706480304955528,0.0025412960609911056,0.011435832274459974,0.11054637865311309,0.0,0.0,0.0,0.0,0.0,0.0,0.0,0.0,0.0,0.08132147395171538,0.0,0.0,0.0,0.0,0.0,0.0,0.0,0.0,0.0,0.08894536213468869,0.0,0.0,0.0,0.0,0.0,0.0,0.0,0.0,0.0
0.3586206896551724,0.0896551724137931,0.1103448275862069,0.06551724137931035,0.015517241379310345,0.0017241379310344827,0.011206896551724138,0.009482758620689655,0.008620689655172414,0.09741379310344828,0.0008620689655172414,0.07241379310344828,0.0,0.00603448275862069,0.0,0.0017241379310344827,0.006896551724137931,0.0,0.0,0.0,0.0,0.0,0.0,0.0,0.0,0.0,0.0,0.05603448275862069,0.0,0.08793103448275862,0.0,0.0,0.0,0.0,0.0,0.0,0.0,0.0,0.0
0.6819277108433734,0.13975903614457832,0.06987951807228916,0.02891566265060241,0.05060240963855422,0.007228915662650603,0.004819277108433735,0.004819277108433735,0.0,0.0,0.0024096385542168677,0.0024096385542168677,0.0024096385542168677,0.0024096385542168677,0.0,0.0,0.0,0.0024096385542168677,0.0,0.0,0.0,0.0,0.0,0.0,0.0,0.0,0.0,0.0,0.0,0.0,0.0,0.0,0.0,0.0,0.0,0.0,0.0,0.0,0.0
0.47276688453159044,0.24183006535947713,0.14161220043572983,0.05664488017429194,0.010893246187363835,0.037037037037037035,0.008714596949891068,0.002178649237472767,0.002178649237472767,0.008714596949891068,0.004357298474945534,0.002178649237472767,0.004357298474945534,0.0,0.0,0.0,0.002178649237472767,0.0,0.0,0.0,0.002178649237472767,0.0,0.0,0.002178649237472767,0.0,0.0,0.0,0.0,0.0,0.0,0.0,0.0,0.0,0.0,0.0,0.0,0.0,0.0,0.0
0.573268921095008,0.15136876006441224,0.03542673107890499,0.014492753623188406,0.01932367149758454,0.027375201288244767,0.05475040257648953,0.01932367149758454,0.004830917874396135,0.0,0.011272141706924315,0.001610305958132045,0.01288244766505636,0.004830917874396135,0.02254428341384863,0.00966183574879227,0.0,0.0,0.0,0.0,0.0,0.0,0.0,0.0,0.001610305958132045,0.0,0.0,0.0,0.0,0.0,0.0,0.0,0.03542673107890499,0.0,0.0,0.0,0.0,0.0,0.0
0.37057728119180633,0.11359404096834265,0.2309124767225326,0.074487895716946,0.0595903165735568,0.0,0.0037243947858473,0.00931098696461825,0.061452513966480445,0.01303538175046555,0.0074487895716946,0.0074487895716946,0.0074487895716946,0.0037243947858473,0.0111731843575419,0.0111731843575419,0.00186219739292365,0.0,0.0,0.0037243947858473,0.0,0.0,0.0,0.0037243947858473,0.00558659217877095,0.0,0.0,0.0,0.0,0.0,0.0,0.0,0.0,0.0,0.0,0.0,0.0,0.0,0.0
0.39445300462249616,0.24961479198767333,0.05546995377503852,0.04468412942989214,0.029275808936825885,0.020030816640986132,0.01694915254237288,0.009244992295839754,0.004622496147919877,0.01848998459167951,0.0015408320493066256,0.061633281972265024,0.0,0.0061633281972265025,0.004622496147919877,0.009244992295839754,0.0,0.0,0.0,0.0,0.0015408320493066256,0.0,0.0015408320493066256,0.01386748844375963,0.0,0.004622496147919877,0.0,0.04930662557781202,0.0,0.0,0.0,0.0,0.0,0.0,0.0030816640986132513,0.0,0.0,0.0,0.0
0.39968895800933124,0.16329704510108864,0.06531881804043546,0.04510108864696734,0.05443234836702955,0.05287713841368585,0.0015552099533437014,0.003110419906687403,0.01088646967340591,0.02332814930015552,0.012441679626749611,0.006220839813374806,0.0015552099533437014,0.003110419906687403,0.0,0.04354587869362364,0.049766718506998445,0.006220839813374806,0.0,0.0,0.0,0.003110419906687403,0.027993779160186624,0.026438569206842923,0.0,0.0,0.0,0.0,0.0,0.0,0.0,0.0,0.0,0.0,0.0,0.0,0.0,0.0,0.0
0.2391523713420787,0.1099899091826438,0.124117053481332,0.0615539858728557,0.06962663975782038,0.015136226034308779,0.0020181634712411706,0.010090817356205853,0.0020181634712411706,0.012108980827447022,0.009081735620585268,0.0030272452068617556,0.018163471241170535,0.10393541876892028,0.0,0.03229061553985873,0.0,0.0,0.0010090817356205853,0.0,0.0020181634712411706,0.0,0.0,0.029263370332996974,0.0,0.1029263370332997,0.0,0.0,0.0,0.0,0.0,0.0,0.0,0.0,0.0,0.0,0.05247225025227043,0.0,0.0
0.5255930087390761,0.21348314606741572,0.04244694132334582,0.08739076154806492,0.03495630461922597,0.0149812734082397,0.003745318352059925,0.017478152309612985,0.019975031210986267,0.0012484394506866417,0.0,0.0024968789013732834,0.0024968789013732834,0.0,0.0,0.0,0.0,0.0012484394506866417,0.009987515605493134,0.011235955056179775,0.0024968789013732834,0.004993757802746567,0.0012484394506866417,0.0012484394506866417,0.0,0.0,0.0,0.0,0.0,0.0,0.0012484394506866417,0.0,0.0,0.0,0.0,0.0,0.0,0.0,0.0
0.44919786096256686,0.11051693404634581,0.10695187165775401,0.058823529411764705,0.0748663101604278,0.03208556149732621,0.0285204991087344,0.0053475935828877,0.030303030303030304,0.016042780748663103,0.0035650623885918,0.0017825311942959,0.0053475935828877,0.0,0.0,0.0,0.0071301247771836,0.0017825311942959,0.0,0.0,0.0053475935828877,0.0,0.0142602495543672,0.0017825311942959,0.0,0.0053475935828877,0.0053475935828877,0.0,0.0,0.0,0.0,0.0,0.0,0.0,0.0,0.0,0.0,0.0,0.035650623885918005
0.3358395989974937,0.24185463659147868,0.09398496240601503,0.06015037593984962,0.08145363408521303,0.042606516290726815,0.007518796992481203,0.011278195488721804,0.020050125313283207,0.008771929824561403,0.0,0.005012531328320802,0.03383458646616541,0.018796992481203006,0.0,0.0,0.0,0.0,0.0,0.0,0.0,0.0,0.0,0.0,0.0,0.0012531328320802004,0.03759398496240601,0.0,0.0,0.0,0.0,0.0,0.0,0.0,0.0,0.0,0.0,0.0,0.0
0.4311377245508982,0.19520958083832335,0.045508982035928146,0.08862275449101796,0.022754491017964073,0.04311377245508982,0.0023952095808383233,0.02874251497005988,0.022754491017964073,0.017964071856287425,0.027544910179640718,0.0,0.025149700598802394,0.0011976047904191617,0.0023952095808383233,0.0,0.0,0.008383233532934131,0.0,0.0011976047904191617,0.0,0.0011976047904191617,0.0,0.0,0.0,0.0,0.0011976047904191617,0.0,0.0,0.0,0.0,0.033532934131736525,0.0,0.0,0.0,0.0,0.0,0.0,0.0
0.5797413793103449,0.23706896551724138,0.05603448275862069,0.017241379310344827,0.04310344827586207,0.0,0.0,0.0,0.0,0.0021551724137931034,0.0,0.0,0.0021551724137931034,0.021551724137931036,0.004310344827586207,0.0021551724137931034,0.0,0.0021551724137931034,0.0021551724137931034,0.0021551724137931034,0.0,0.004310344827586207,0.0,0.004310344827586207,0.0,0.01939655172413793,0.0,0.0,0.0,0.0,0.0,0.0,0.0,0.0,0.0,0.0,0.0,0.0,0.0
0.43189964157706096,0.20967741935483872,0.07885304659498207,0.05913978494623656,0.04659498207885305,0.06272401433691756,0.01971326164874552,0.014336917562724014,0.0,0.010752688172043012,0.012544802867383513,0.012544802867383513,0.0,0.008960573476702509,0.0017921146953405018,0.0,0.0,0.0,0.014336917562724014,0.0,0.0,0.0,0.0,0.0,0.0,0.0,0.005376344086021506,0.0,0.0,0.0,0.0,0.0035842293906810036,0.0,0.007168458781362007,0.0,0.0,0.0,0.0,0.0
0.29076396807297605,0.05473204104903079,0.0330672748004561,0.01596351197263398,0.09122006841505131,0.0,0.02508551881413911,0.010262257696693273,0.0011402508551881414,0.0,0.0,0.04903078677309008,0.04561003420752566,0.0,0.0,0.020524515393386546,0.0,0.09007981755986318,0.0,0.0,0.0,0.08779931584948689,0.0034207525655644243,0.036488027366020526,0.0,0.004561003420752566,0.053591790193842644,0.02394526795895097,0.0,0.0,0.0,0.0,0.0,0.0,0.06271379703534778,0.0,0.0,0.0,0.0
0.19099590723055934,0.3246930422919509,0.06275579809004093,0.047748976807639835,0.04638472032742155,0.061391541609822645,0.0286493860845839,0.0,0.02455661664392906,0.009549795361527967,0.08185538881309687,0.008185538881309686,0.0,0.0286493860845839,0.0,0.013642564802182811,0.005457025920873124,0.0,0.0,0.002728512960436562,0.0,0.0,0.0,0.0,0.0,0.0,0.0,0.0,0.06275579809004093,0.0,0.0,0.0,0.0,0.0,0.0,0.0,0.0,0.0,0.0
0.46153846153846156,0.3905325443786982,0.01775147928994083,0.0,0.011834319526627219,0.023668639053254437,0.009861932938856016,0.023668639053254437,0.0019723865877712033,0.0019723865877712033,0.005917159763313609,0.0,0.0039447731755424065,0.0,0.0,0.013806706114398421,0.0,0.013806706114398421,0.0,0.013806706114398421,0.0,0.005917159763313609,0.0,0.0,0.0,0.0,0.0,0.0,0.0,0.0,0.0,0.0,0.0,0.0,0.0,0.0,0.0,0.0,0.0
0.28805620608899296,0.1955503512880562,0.09250585480093677,0.040983606557377046,0.03864168618266979,0.01522248243559719,0.00936768149882904,0.00117096018735363,0.0,0.01990632318501171,0.00468384074941452,0.00117096018735363,0.00234192037470726,0.03981264637002342,0.117096018735363,0.0,0.0,0.0,0.0,0.0,0.0,0.0,0.0,0.0,0.09718969555035128,0.03629976580796253,0.0,0.0,0.0,0.0,0.0,0.0,0.0,0.0,0.0,0.0,0.0,0.0,0.0
0.3801916932907348,0.14270500532481364,0.06496272630457935,0.011714589989350373,0.03194888178913738,0.007454739084132056,0.005324813631522897,0.0,0.010649627263045794,0.006389776357827476,0.02023429179978701,0.0010649627263045794,0.01703940362087327,0.1288604898828541,0.012779552715654952,0.0,0.0010649627263045794,0.0010649627263045794,0.0,0.0,0.0,0.0,0.003194888178913738,0.0,0.058572949946751864,0.08519701810436635,0.004259850905218318,0.0,0.0,0.0,0.0,0.0,0.0,0.0,0.0,0.0,0.0,0.0,0.005324813631522897
0.5531197301854974,0.19561551433389546,0.02023608768971332,0.07588532883642496,0.02866779089376054,0.01854974704890388,0.006745362563237774,0.008431703204047217,0.006745362563237774,0.0016863406408094434,0.0,0.00505902192242833,0.03541315345699832,0.0016863406408094434,0.0016863406408094434,0.0,0.0,0.003372681281618887,0.0,0.0,0.0,0.0,0.003372681281618887,0.0,0.0016863406408094434,0.003372681281618887,0.021922428330522766,0.006745362563237774,0.0,0.0,0.0,0.0,0.0,0.0,0.0,0.0,0.0,0.0,0.0
0.3918918918918919,0.17277992277992277,0.03474903474903475,0.05405405405405406,0.0472972972972973,0.013513513513513514,0.003861003861003861,0.0,0.0,0.010617760617760617,0.05501930501930502,0.009652509652509652,0.0009652509652509653,0.029922779922779922,0.008687258687258687,0.0009652509652509653,0.0009652509652509653,0.0,0.03088803088803089,0.0,0.017374517374517374,0.0,0.0,0.0,0.0,0.03088803088803089,0.0,0.0,0.04922779922779923,0.0009652509652509653,0.0,0.0,0.0,0.003861003861003861,0.0,0.03185328185328185,0.0,0.0,0.0
0.4601226993865031,0.1549079754601227,0.0705521472392638,0.05214723926380368,0.013803680981595092,0.11503067484662577,0.006134969325153374,0.0015337423312883436,0.009202453987730062,0.0015337423312883436,0.0015337423312883436,0.0,0.0,0.0,0.0,0.0,0.0,0.0,0.0,0.0015337423312883436,0.0,0.0015337423312883436,0.0,0.0,0.0,0.0,0.0,0.0,0.0,0.0,0.0,0.0,0.0015337423312883436,0.08742331288343558,0.0,0.0,0.0,0.0,0.02147239263803681
0.35365853658536583,0.25152439024390244,0.09603658536585366,0.036585365853658534,0.009146341463414634,0.027439024390243903,0.027439024390243903,0.012195121951219513,0.022865853658536585,0.022865853658536585,0.007621951219512195,0.0,0.001524390243902439,0.0,0.0,0.0,0.0701219512195122,0.0,0.004573170731707317,0.0,0.006097560975609756,0.0,0.04878048780487805,0.0,0.0,0.0,0.0,0.0,0.0,0.0,0.001524390243902439,0.0,0.0,0.0,0.0,0.0,0.0,0.0,0.0
0.3500738552437223,0.2171344165435746,0.14771048744460857,0.04283604135893648,0.050221565731166914,0.033973412112259974,0.03545051698670606,0.0310192023633678,0.005908419497784343,0.008862629246676515,0.004431314623338257,0.008862629246676515,0.023633677991137372,0.007385524372230428,0.0014771048744460858,0.0014771048744460858,0.0,0.0,0.01772525849335303,0.004431314623338257,0.004431314623338257,0.0,0.0029542097488921715,0.0,0.0,0.0,0.0,0.0,0.0,0.0,0.0,0.0,0.0,0.0,0.0,0.0,0.0,0.0,0.0
0.3236994219653179,0.0953757225433526,0.13776493256262043,0.017341040462427744,0.019267822736030827,0.11946050096339114,0.04046242774566474,0.009633911368015413,0.005780346820809248,0.018304431599229287,0.0,0.005780346820809248,0.0019267822736030828,0.0,0.0038535645472061657,0.0019267822736030828,0.0,0.0,0.0,0.0,0.0,0.0,0.0,0.0,0.0,0.0,0.0,0.004816955684007707,0.0,0.0019267822736030828,0.017341040462427744,0.0,0.007707129094412331,0.10211946050096339,0.0,0.0,0.06551059730250482,0.0,0.0
0.26497005988023953,0.14520958083832336,0.10179640718562874,0.09131736526946108,0.019461077844311378,0.010479041916167664,0.029940119760479042,0.0,0.019461077844311378,0.0074850299401197605,0.0029940119760479044,0.03143712574850299,0.0,0.08383233532934131,0.0,0.016467065868263474,0.0,0.0748502994011976,0.0,0.0,0.0,0.08383233532934131,0.0,0.0,0.0,0.016467065868263474,0.0,0.0,0.0,0.0,0.0,0.0,0.0,0.0,0.0,0.0,0.0,0.0,0.0
0.3758782201405152,0.1721311475409836,0.07259953161592506,0.03981264637002342,0.01756440281030445,0.040983606557377046,0.0351288056206089,0.04215456674473068,0.03161592505854801,0.00585480093676815,0.00585480093676815,0.00468384074941452,0.0234192037470726,0.01288056206088993,0.02810304449648712,0.01288056206088993,0.0,0.0,0.0,0.0,0.0,0.00117096018735363,0.00117096018735363,0.01053864168618267,0.026932084309133488,0.01639344262295082,0.01873536299765808,0.0,0.0,0.0,0.00234192037470726,0.00117096018735363,0.0,0.0,0.0,0.0,0.0,0.0,0.0
0.33748443337484435,0.12702366127023662,0.12453300124533001,0.0224159402241594,0.04234122042341221,0.009962640099626401,0.0012453300124533001,0.012453300124533,0.009962640099626401,0.0,0.0024906600249066002,0.0,0.0062266500622665,0.0759651307596513,0.07098381070983811,0.0012453300124533001,0.0,0.0012453300124533001,0.0,0.0,0.0,0.0049813200498132005,0.0,0.0,0.05105853051058531,0.09838107098381071,0.0,0.0,0.0,0.0,0.0,0.0,0.0,0.0,0.0,0.0,0.0,0.0,0.0
0.391642371234208,0.09426627793974733,0.021379980563654033,0.05150631681243926,0.015549076773566569,0.003887269193391642,0.004859086491739553,0.001943634596695821,0.15451895043731778,0.05053449951409135,0.0029154518950437317,0.0009718172983479105,0.0009718172983479105,0.0058309037900874635,0.0,0.0,0.0,0.0009718172983479105,0.0,0.0,0.0,0.0,0.0,0.0,0.0,0.0,0.0009718172983479105,0.0,0.011661807580174927,0.04956268221574344,0.13508260447035958,0.0,0.0,0.0,0.0,0.0,0.0,0.0,0.0009718172983479105
0.23203592814371257,0.24251497005988024,0.13622754491017963,0.016467065868263474,0.1122754491017964,0.0014970059880239522,0.02844311377245509,0.029940119760479042,0.0014970059880239522,0.011976047904191617,0.005988023952095809,0.0344311377245509,0.0,0.0,0.0014970059880239522,0.0,0.029940119760479042,0.016467065868263474,0.0,0.0014970059880239522,0.0,0.019461077844311378,0.040419161676646706,0.0,0.0,0.0,0.0,0.0374251497005988,0.0,0.0,0.0,0.0,0.0,0.0,0.0,0.0,0.0,0.0,0.0
0.21927710843373494,0.3542168674698795,0.08795180722891566,0.02650602409638554,0.02650602409638554,0.0024096385542168677,0.0,0.0036144578313253013,0.0036144578313253013,0.0,0.0,0.0012048192771084338,0.0012048192771084338,0.0024096385542168677,0.0012048192771084338,0.0,0.0012048192771084338,0.0,0.0,0.0,0.0,0.0,0.0,0.0,0.0,0.0,0.0,0.0,0.0,0.0,0.0,0.0,0.0,0.0,0.0,0.0,0.0,0.26867469879518074,0.0
0.3433734939759036,0.06726907630522089,0.05421686746987952,0.05923694779116466,0.03413654618473896,0.013052208835341365,0.015060240963855422,0.0050200803212851405,0.004016064257028112,0.0,0.002008032128514056,0.002008032128514056,0.0,0.0050200803212851405,0.0,0.0,0.1285140562248996,0.03413654618473896,0.004016064257028112,0.060240963855421686,0.0050200803212851405,0.02610441767068273,0.13654618473895583,0.0,0.0,0.0,0.0,0.0,0.0,0.0,0.0,0.0,0.0,0.0,0.0,0.0,0.0,0.0,0.001004016064257028
0.3425925925925926,0.1111111111111111,0.04461279461279461,0.046296296296296294,0.0008417508417508417,0.0,0.0,0.0016835016835016834,0.021043771043771045,0.0,0.03956228956228956,0.008417508417508417,0.01936026936026936,0.0,0.10606060606060606,0.0,0.0,0.0,0.07828282828282829,0.0,0.0765993265993266,0.0,0.0,0.0,0.10353535353535354,0.0,0.0,0.0,0.0,0.0,0.0,0.0,0.0,0.0,0.0,0.0,0.0,0.0,0.0
0.3948051948051948,0.07922077922077922,0.06233766233766234,0.07402597402597402,0.023376623376623377,0.0012987012987012987,0.0025974025974025974,0.012987012987012988,0.0025974025974025974,0.0012987012987012987,0.13506493506493505,0.0025974025974025974,0.0,0.005194805194805195,0.0,0.0,0.0,0.01038961038961039,0.04285714285714286,0.0,0.025974025974025976,0.012987012987012988,0.0,0.0,0.0,0.0,0.0,0.0,0.11038961038961038,0.0,0.0,0.0,0.0,0.0,0.0,0.0,0.0,0.0,0.0
0.34375,0.15234375,0.078125,0.0625,0.014322916666666666,0.1015625,0.0078125,0.08333333333333333,0.0026041666666666665,0.0,0.0,0.0013020833333333333,0.0,0.0,0.0,0.0,0.0,0.0,0.0,0.0,0.0,0.0,0.0,0.0,0.0,0.0,0.0,0.0,0.0,0.0,0.0,0.053385416666666664,0.0,0.09895833333333333,0.0,0.0,0.0,0.0,0.0
0.5138888888888888,0.14814814814814814,0.08179012345679013,0.06172839506172839,0.07407407407407407,0.009259259259259259,0.013888888888888888,0.010802469135802469,0.004629629629629629,0.0030864197530864196,0.009259259259259259,0.0030864197530864196,0.016975308641975308,0.009259259259259259,0.0,0.0,0.009259259259259259,0.0,0.0,0.0030864197530864196,0.009259259259259259,0.0,0.0,0.0,0.0,0.0,0.0,0.009259259259259259,0.009259259259259259,0.0,0.0,0.0,0.0,0.0,0.0,0.0,0.0,0.0,0.0
0.3165137614678899,0.13761467889908258,0.19954128440366972,0.0871559633027523,0.02408256880733945,0.0034403669724770644,0.0034403669724770644,0.013761467889908258,0.0011467889908256881,0.0,0.0011467889908256881,0.0045871559633027525,0.0011467889908256881,0.0,0.0011467889908256881,0.0011467889908256881,0.0011467889908256881,0.0011467889908256881,0.0,0.0,0.0,0.0,0.0,0.0,0.0,0.0,0.0,0.0,0.0,0.0,0.0,0.0,0.0,0.010321100917431193,0.0194954128440367,0.04243119266055046,0.12958715596330275,0.0,0.0
0.2866666666666667,0.1,0.03,0.006666666666666667,0.024444444444444446,0.006666666666666667,0.0077777777777777776,0.0077777777777777776,0.012222222222222223,0.0011111111111111111,0.0033333333333333335,0.09555555555555556,0.0,0.0033333333333333335,0.0,0.0,0.0,0.0,0.12777777777777777,0.015555555555555555,0.12444444444444444,0.0,0.0,0.0,0.0,0.0,0.0022222222222222222,0.12444444444444444,0.0,0.0,0.013333333333333334,0.0,0.0,0.0,0.0,0.0,0.0,0.0011111111111111111,0.005555555555555556
0.698961937716263,0.12110726643598616,0.05536332179930796,0.03806228373702422,0.02768166089965398,0.01730103806228374,0.010380622837370242,0.0,0.0,0.0,0.0034602076124567475,0.0,0.0,0.0,0.0,0.0,0.0,0.0,0.010380622837370242,0.0,0.01730103806228374,0.0,0.0,0.0,0.0,0.0,0.0,0.0,0.0,0.0,0.0,0.0,0.0,0.0,0.0,0.0,0.0,0.0,0.0
0.32605729877216916,0.17735334242837653,0.07776261937244201,0.0286493860845839,0.015006821282401092,0.027285129604365622,0.0,0.008185538881309686,0.008185538881309686,0.004092769440654843,0.0,0.002728512960436562,0.0,0.0,0.001364256480218281,0.0,0.0,0.11186903137789904,0.0,0.1077762619372442,0.0,0.10368349249658936,0.0,0.0,0.0,0.0,0.0,0.0,0.0,0.0,0.0,0.0,0.0,0.0,0.0,0.0,0.0,0.0,0.0
0.31359649122807015,0.19078947368421054,0.05592105263157895,0.10307017543859649,0.046052631578947366,0.020833333333333332,0.009868421052631578,0.01206140350877193,0.008771929824561403,0.03618421052631579,0.046052631578947366,0.019736842105263157,0.0021929824561403508,0.0,0.0,0.02412280701754386,0.0021929824561403508,0.0,0.0021929824561403508,0.0010964912280701754,0.008771929824561403,0.0010964912280701754,0.01206140350877193,0.029605263157894735,0.005482456140350877,0.0010964912280701754,0.003289473684210526,0.0,0.02850877192982456,0.008771929824561403,0.0,0.0,0.0,0.0,0.006578947368421052,0.0,0.0,0.0,0.0
0.41304347826086957,0.09698996655518395,0.061872909698996656,0.05852842809364549,0.008361204013377926,0.02508361204013378,0.023411371237458192,0.010033444816053512,0.011705685618729096,0.006688963210702341,0.0016722408026755853,0.0,0.0,0.0,0.0,0.15217391304347827,0.0,0.0,0.0,0.0,0.0,0.0,0.0,0.13043478260869565,0.0,0.0,0.0,0.0,0.0,0.0,0.0,0.0,0.0,0.0,0.0,0.0,0.0,0.0,0.0
0.3140655105973025,0.16377649325626203,0.038535645472061654,0.03564547206165703,0.022157996146435453,0.0009633911368015414,0.025048169556840076,0.051059730250481696,0.00674373795761079,0.0009633911368015414,0.0,0.0009633911368015414,0.002890173410404624,0.0009633911368015414,0.00674373795761079,0.0009633911368015414,0.004816955684007707,0.0,0.11560693641618497,0.02601156069364162,0.12138728323699421,0.0,0.0,0.0,0.0,0.0,0.0,0.0019267822736030828,0.0,0.0,0.0,0.05876685934489403,0.0,0.0,0.0,0.0,0.0,0.0,0.0
0.20412844036697247,0.125,0.058486238532110095,0.04128440366972477,0.014908256880733946,0.0045871559633027525,0.022935779816513763,0.16055045871559634,0.0871559633027523,0.009174311926605505,0.0,0.0,0.005733944954128441,0.0,0.0,0.0011467889908256881,0.0011467889908256881,0.0011467889908256881,0.0,0.0,0.0,0.0011467889908256881,0.0,0.0,0.0,0.0,0.0,0.0,0.0,0.011467889908256881,0.07912844036697247,0.17087155963302753,0.0,0.0,0.0,0.0,0.0,0.0,0.0
0.2332155477031802,0.127208480565371,0.08480565371024736,0.01060070671378092,0.0035335689045936395,0.007067137809187279,0.007067137809187279,0.007067137809187279,0.0,0.0035335689045936395,0.002355712603062426,0.0,0.009422850412249705,0.001177856301531213,0.0,0.002355712603062426,0.24852767962308597,0.009422850412249705,0.0,0.0,0.03769140164899882,0.002355712603062426,0.20259128386336867,0.0,0.0,0.0,0.0,0.0,0.0,0.0,0.0,0.0,0.0,0.0,0.0,0.0,0.0,0.0,0.0
0.3104434907010014,0.1301859799713877,0.08869814020028613,0.032904148783977114,0.017167381974248927,0.005722460658082976,0.01430615164520744,0.005722460658082976,0.001430615164520744,0.0,0.0,0.0,0.00715307582260372,0.0,0.0,0.1859799713876967,0.0,0.0,0.0,0.0,0.0,0.0,0.0,0.19742489270386265,0.0,0.0,0.002861230329041488,0.0,0.0,0.0,0.0,0.0,0.0,0.0,0.0,0.0,0.0,0.0,0.0
0.35460122699386504,0.12147239263803682,0.04785276073619632,0.1619631901840491,0.013496932515337423,0.011042944785276074,0.04785276073619632,0.09079754601226994,0.0098159509202454,0.0049079754601227,0.00245398773006135,0.026993865030674847,0.008588957055214725,0.0,0.014723926380368098,0.001226993865030675,0.0,0.0,0.0,0.006134969325153374,0.012269938650306749,0.006134969325153374,0.0,0.0196319018404908,0.0098159509202454,0.0,0.0,0.0,0.0,0.0,0.0,0.0,0.02822085889570552,0.0,0.0,0.0,0.0,0.0,0.0
0.49298245614035086,0.1543859649122807,0.08596491228070176,0.0824561403508772,0.0035087719298245615,0.017543859649122806,0.021052631578947368,0.007017543859649123,0.0,0.014035087719298246,0.02982456140350877,0.03684210526315789,0.0,0.0,0.0017543859649122807,0.0017543859649122807,0.0,0.0,0.0,0.0035087719298245615,0.0,0.0,0.0,0.0017543859649122807,0.0017543859649122807,0.0017543859649122807,0.0,0.01929824561403509,0.02280701754385965,0.0,0.0,0.0,0.0,0.0,0.0,0.0,0.0,0.0,0.0
0.5848214285714286,0.12053571428571429,0.033482142857142856,0.03571428571428571,0.08258928571428571,0.049107142857142856,0.011160714285714286,0.0,0.015625,0.0,0.006696428571428571,0.0,0.0,0.006696428571428571,0.0,0.013392857142857142,0.0,0.0,0.0,0.0,0.0,0.0,0.0,0.033482142857142856,0.0,0.0,0.0,0.0,0.0,0.0,0.0,0.0,0.0,0.006696428571428571,0.0,0.0,0.0,0.0,0.0
0.33516483516483514,0.10714285714285714,0.08653846153846154,0.046703296703296704,0.03296703296703297,0.03708791208791209,0.024725274725274724,0.034340659340659344,0.004120879120879121,0.01098901098901099,0.004120879120879121,0.0,0.14972527472527472,0.005494505494505495,0.0,0.012362637362637362,0.0,0.0,0.0,0.0,0.0,0.0,0.0,0.0,0.0,0.0,0.10851648351648352,0.0,0.0,0.0,0.0,0.0,0.0,0.0,0.0,0.0,0.0,0.0,0.0
0.5194585448392555,0.09983079526226735,0.018612521150592216,0.04060913705583756,0.05583756345177665,0.01353637901861252,0.01692047377326565,0.0727580372250423,0.018612521150592216,0.0,0.001692047377326565,0.0,0.0,0.001692047377326565,0.07106598984771574,0.0,0.008460236886632826,0.0,0.0,0.0,0.0,0.0,0.01692047377326565,0.0,0.043993231810490696,0.0,0.0,0.0,0.0,0.0,0.0,0.0,0.0,0.0,0.0,0.0,0.0,0.0,0.0
0.40536512667660207,0.20715350223546944,0.11922503725782414,0.020864381520119227,0.05961251862891207,0.0,0.005961251862891207,0.0,0.005961251862891207,0.011922503725782414,0.0,0.005961251862891207,0.0,0.0014903129657228018,0.07302533532041729,0.0014903129657228018,0.0014903129657228018,0.0,0.0,0.0,0.0,0.0,0.004470938897168405,0.0,0.07302533532041729,0.0,0.0,0.0029806259314456036,0.0,0.0,0.0,0.0,0.0,0.0,0.0,0.0,0.0,0.0,0.0
0.17073170731707318,0.21243115656963021,0.08182533438237609,0.03540519276160504,0.058221872541306056,0.0015735641227380016,0.011014948859166011,0.020456333595594022,0.0023603461841070024,0.03068450039339103,0.02989771833202203,0.0,0.006294256490952006,0.0023603461841070024,0.0,0.00944138473642801,0.12195121951219512,0.0,0.0055074744295830055,0.041699449252557044,0.0015735641227380016,0.0007867820613690008,0.14712824547600314,0.006294256490952006,0.0,0.0,0.0015735641227380016,0.0,0.0,0.0,0.0,0.0,0.0,0.0,0.0007867820613690008,0.0,0.0,0.0,0.0
0.4633781763826607,0.18385650224215247,0.07922272047832586,0.07324364723467862,0.059790732436472344,0.03288490284005979,0.0343796711509716,0.007473841554559043,0.013452914798206279,0.026905829596412557,0.0,0.0,0.0029895366218236174,0.0,0.0,0.0014947683109118087,0.0014947683109118087,0.0,0.004484304932735426,0.004484304932735426,0.0,0.0,0.0014947683109118087,0.0,0.0014947683109118087,0.0,0.0,0.007473841554559043,0.0,0.0,0.0,0.0,0.0,0.0,0.0,0.0,0.0,0.0,0.0
0.4392655367231638,0.1426553672316384,0.0748587570621469,0.04096045197740113,0.022598870056497175,0.002824858757062147,0.007062146892655367,0.015536723163841809,0.007062146892655367,0.03389830508474576,0.002824858757062147,0.002824858757062147,0.002824858757062147,0.0,0.0,0.05508474576271186,0.0,0.05084745762711865,0.0014124293785310734,0.009887005649717515,0.038135593220338986,0.014124293785310734,0.022598870056497175,0.012711864406779662,0.0,0.0,0.0,0.0,0.0,0.0,0.0,0.0,0.0,0.0,0.0,0.0,0.0,0.0,0.0
0.39003250270855905,0.2123510292524377,0.10075839653304441,0.02275189599133261,0.032502708559046585,0.05850487540628386,0.014084507042253521,0.01733477789815818,0.0,0.007583965330444204,0.0021668472372697724,0.015167930660888408,0.005417118093174431,0.0021668472372697724,0.014084507042253521,0.0,0.0,0.021668472372697724,0.0,0.004333694474539545,0.009750812567713976,0.04008667388949079,0.0,0.0,0.01733477789815818,0.005417118093174431,0.0,0.0,0.0,0.0,0.0,0.0,0.0,0.0,0.0,0.0,0.0065005417118093175,0.0,0.0
0.44639376218323584,0.18908382066276802,0.11500974658869395,0.04093567251461988,0.050682261208576995,0.01364522417153996,0.025341130604288498,0.003898635477582846,0.01364522417153996,0.01949317738791423,0.001949317738791423,0.011695906432748537,0.001949317738791423,0.003898635477582846,0.017543859649122806,0.0,0.003898635477582846,0.0,0.0,0.009746588693957114,0.0,0.0,0.011695906432748537,0.003898635477582846,0.015594541910331383,0.0,0.0,0.0,0.0,0.0,0.0,0.0,0.0,0.0,0.0,0.0,0.0,0.0,0.0
0.22954091816367264,0.15768463073852296,0.06786427145708583,0.07784431137724551,0.018962075848303395,0.022954091816367265,0.00998003992015968,0.20359281437125748,0.0029940119760479044,0.000998003992015968,0.005988023952095809,0.013972055888223553,0.00998003992015968,0.000998003992015968,0.001996007984031936,0.0,0.001996007984031936,0.000998003992015968,0.0,0.012974051896207584,0.000998003992015968,0.0,0.0,0.0,0.0,0.0,0.0,0.0,0.0,0.0,0.0,0.15768463073852296,0.0,0.0,0.0,0.0,0.0,0.0,0.0
0.2911392405063291,0.1762414800389484,0.06134371957156767,0.0730282375851996,0.03018500486854917,0.02629016553067186,0.033106134371957155,0.004868549172346641,0.013631937682570594,0.009737098344693282,0.005842259006815969,0.0019474196689386564,0.0,0.0009737098344693282,0.010710808179162609,0.02629016553067186,0.018500486854917234,0.05842259006815969,0.0,0.07205452775073028,0.0019474196689386564,0.04673807205452775,0.014605647517039922,0.022395326192794548,0.0,0.0,0.0,0.0,0.0,0.0,0.0,0.0,0.0,0.0,0.0,0.0,0.0,0.0,0.0
0.48509933774834435,0.12582781456953643,0.13245033112582782,0.04966887417218543,0.029801324503311258,0.07119205298013245,0.006622516556291391,0.019867549668874173,0.016556291390728478,0.014900662251655629,0.006622516556291391,0.0,0.0,0.0,0.004966887417218543,0.004966887417218543,0.0016556291390728477,0.0,0.0033112582781456954,0.0016556291390728477,0.0,0.0,0.0,0.0,0.0,0.0,0.0,0.0,0.0,0.009933774834437087,0.006622516556291391,0.006622516556291391,0.0,0.0,0.0,0.0,0.0016556291390728477,0.0,0.0
0.6158631415241057,0.14930015552099535,0.01866251944012442,0.05132192846034215,0.01088646967340591,0.003110419906687403,0.02177293934681182,0.003110419906687403,0.003110419906687403,0.0,0.04043545878693624,0.006220839813374806,0.01088646967340591,0.0015552099533437014,0.012441679626749611,0.0,0.0015552099533437014,0.0,0.0,0.0,0.003110419906687403,0.01088646967340591,0.0,0.0,0.006220839813374806,0.003110419906687403,0.0,0.012441679626749611,0.0,0.0,0.0,0.0,0.0,0.0,0.004665629860031105,0.00933125972006221,0.0,0.0,0.0
0.3940520446096654,0.19083023543990088,0.07311028500619579,0.0768277571251549,0.06071871127633209,0.0161090458488228,0.06319702602230483,0.0012391573729863693,0.0012391573729863693,0.007434944237918215,0.0161090458488228,0.0,0.01858736059479554,0.0161090458488228,0.0,0.0,0.0,0.0024783147459727386,0.028500619578686492,0.021065675340768277,0.0,0.004956629491945477,0.0,0.0,0.0,0.004956629491945477,0.0,0.0024783147459727386,0.0,0.0,0.0,0.0,0.0,0.0,0.0,0.0,0.0,0.0,0.0
0.48148148148148145,0.20662768031189083,0.12475633528265107,0.02729044834307992,0.025341130604288498,0.01949317738791423,0.009746588693957114,0.001949317738791423,0.029239766081871343,0.0,0.001949317738791423,0.0,0.005847953216374269,0.0,0.023391812865497075,0.0,0.0,0.0,0.0,0.001949317738791423,0.0,0.0,0.0,0.0,0.021442495126705652,0.0,0.0,0.0,0.0,0.0,0.01949317738791423,0.0,0.0,0.0,0.0,0.0,0.0,0.0,0.0
0.5677018633540373,0.11304347826086956,0.08198757763975155,0.02111801242236025,0.08074534161490683,0.040993788819875775,0.0037267080745341614,0.0484472049689441,0.006211180124223602,0.0012422360248447205,0.006211180124223602,0.006211180124223602,0.006211180124223602,0.007453416149068323,0.0,0.0037267080745341614,0.004968944099378882,0.0,0.0,0.0,0.0,0.0,0.0,0.0,0.0,0.0,0.0,0.0,0.0,0.0,0.0,0.0,0.0,0.0,0.0,0.0,0.0,0.0,0.0
0.3348294434470377,0.13285457809694792,0.08527827648114901,0.018850987432675045,0.03321364452423698,0.1696588868940754,0.0017953321364452424,0.005385996409335727,0.0017953321364452424,0.0008976660682226212,0.005385996409335727,0.0,0.008976660682226212,0.0,0.0008976660682226212,0.03231597845601436,0.0,0.0,0.0,0.0,0.0,0.0,0.0,0.018850987432675045,0.0,0.0,0.004488330341113106,0.0,0.0,0.0,0.0,0.0,0.0,0.144524236983842,0.0,0.0,0.0,0.0,0.0
0.4171656686626746,0.27345309381237526,0.054890219560878244,0.013972055888223553,0.05588822355289421,0.05389221556886228,0.022954091816367265,0.005988023952095809,0.001996007984031936,0.007984031936127744,0.003992015968063872,0.0,0.0,0.000998003992015968,0.0,0.0,0.0029940119760479044,0.003992015968063872,0.006986027944111776,0.0,0.001996007984031936,0.0,0.0,0.0,0.0,0.0,0.0,0.0029940119760479044,0.000998003992015968,0.000998003992015968,0.0,0.0,0.0,0.0,0.0,0.0,0.0,0.0658682634730539,0.0
0.36917562724014336,0.1875746714456392,0.1015531660692951,0.04898446833930705,0.1039426523297491,0.009557945041816009,0.022700119474313024,0.0023894862604540022,0.0023894862604540022,0.009557945041816009,0.0047789725209080045,0.0,0.0,0.0,0.0,0.0011947431302270011,0.0011947431302270011,0.0,0.0011947431302270011,0.0,0.0,0.0,0.0,0.0,0.0,0.0,0.0,0.0,0.0,0.0,0.0,0.0,0.0,0.0,0.13381123058542413,0.0,0.0,0.0,0.0
0.331151832460733,0.12303664921465969,0.13219895287958114,0.013089005235602094,0.007853403141361256,0.011780104712041885,0.0013089005235602095,0.003926701570680628,0.014397905759162303,0.006544502617801047,0.0,0.003926701570680628,0.0,0.13743455497382198,0.0,0.0,0.032722513089005235,0.0,0.013089005235602094,0.0,0.009162303664921465,0.0,0.02617801047120419,0.0,0.0,0.13089005235602094,0.0,0.0013089005235602095,0.0,0.0,0.0,0.0,0.0,0.0,0.0,0.0,0.0,0.0,0.0
0.3555166374781086,0.2180385288966725,0.04203152364273205,0.02714535901926445,0.028896672504378284,0.0008756567425569177,0.005253940455341506,0.0,0.002626970227670753,0.0,0.0008756567425569177,0.0,0.0017513134851138354,0.0,0.0017513134851138354,0.0035026269702276708,0.0043782837127845885,0.06567425569176882,0.10332749562171628,0.01838879159369527,0.043782837127845885,0.0070052539404553416,0.0,0.0,0.0,0.0,0.0,0.002626970227670753,0.0,0.0,0.0,0.0,0.0,0.0,0.0,0.0,0.0,0.03502626970227671,0.03152364273204904
0.4693422519509476,0.06800445930880714,0.06020066889632107,0.014492753623188406,0.006688963210702341,0.0033444816053511705,0.0033444816053511705,0.0011148272017837235,0.004459308807134894,0.0,0.006688963210702341,0.0,0.002229654403567447,0.0011148272017837235,0.023411371237458192,0.0011148272017837235,0.005574136008918618,0.1516164994425864,0.0,0.0033444816053511705,0.0,0.14715719063545152,0.0,0.0,0.026755852842809364,0.0,0.0,0.0,0.0,0.0,0.0,0.0,0.0,0.0,0.0,0.0,0.0,0.0,0.0
0.4098883572567783,0.10366826156299841,0.049441786283891544,0.017543859649122806,0.014354066985645933,0.028708133971291867,0.007974481658692184,0.0,0.0,0.001594896331738437,0.007974481658692184,0.02073365231259968,0.0,0.001594896331738437,0.001594896331738437,0.0,0.001594896331738437,0.0,0.0,0.3317384370015949,0.0,0.0,0.001594896331738437,0.0,0.0,0.0,0.0,0.0,0.0,0.0,0.0,0.0,0.0,0.0,0.0,0.0,0.0,0.0,0.0
0.3153928955866523,0.2960172228202368,0.04628632938643703,0.04198062432723358,0.016146393972012917,0.012917115177610334,0.002152852529601722,0.013993541442411194,0.005382131324004306,0.006458557588805167,0.006458557588805167,0.004305705059203444,0.00968783638320775,0.007534983853606028,0.0032292787944025836,0.001076426264800861,0.0,0.001076426264800861,0.0,0.0,0.0,0.0,0.0,0.0,0.006458557588805167,0.0,0.0,0.0,0.0,0.0,0.0,0.010764262648008612,0.0,0.0,0.0,0.0,0.0,0.19268030139935413,0.0
0.23200757575757575,0.08333333333333333,0.07196969696969698,0.050189393939393936,0.05113636363636364,0.005681818181818182,0.056818181818181816,0.005681818181818182,0.0,0.0,0.013257575757575758,0.0,0.017992424242424244,0.0,0.0,0.027462121212121212,0.023674242424242424,0.16950757575757575,0.0,0.0,0.0,0.16571969696969696,0.02556818181818182,0.0,0.0,0.0,0.0,0.0,0.0,0.0,0.0,0.0,0.0,0.0,0.0,0.0,0.0,0.0,0.0
0.5056306306306306,0.0731981981981982,0.05067567567567568,0.04279279279279279,0.07432432432432433,0.041666666666666664,0.0033783783783783786,0.04617117117117117,0.018018018018018018,0.010135135135135136,0.012387387387387387,0.01463963963963964,0.0259009009009009,0.01463963963963964,0.0,0.0,0.0,0.0,0.0045045045045045045,0.0,0.02027027027027027,0.0,0.0,0.0,0.0,0.0,0.0,0.0,0.0,0.0,0.0,0.0,0.0,0.013513513513513514,0.028153153153153154,0.0,0.0,0.0,0.0
0.2948294829482948,0.0814081408140814,0.2156215621562156,0.0231023102310231,0.0022002200220022,0.04950495049504951,0.18041804180418042,0.0,0.0352035203520352,0.0121012101210121,0.027502750275027504,0.011001100110011002,0.0,0.0,0.0,0.0,0.0011001100110011,0.0,0.0011001100110011,0.0011001100110011,0.0,0.0,0.0,0.0,0.0,0.0,0.0,0.0011001100110011,0.0,0.0176017601760176,0.0022002200220022,0.0,0.0429042904290429,0.0,0.0,0.0,0.0,0.0,0.0
0.3094170403587444,0.19282511210762332,0.19880418535127056,0.09715994020926756,0.052316890881913304,0.0,0.007473841554559043,0.013452914798206279,0.008968609865470852,0.0014947683109118087,0.004484304932735426,0.029895366218236172,0.01046337817638266,0.014947683109118086,0.016442451420029897,0.004484304932735426,0.004484304932735426,0.0014947683109118087,0.0014947683109118087,0.0,0.0,0.0029895366218236174,0.0,0.0,0.005979073243647235,0.0029895366218236174,0.0,0.016442451420029897,0.0,0.0,0.0,0.0,0.0,0.0,0.0014947683109118087,0.0,0.0,0.0,0.0
0.324435318275154,0.23408624229979466,0.049281314168377825,0.008213552361396304,0.09034907597535935,0.006160164271047228,0.049281314168377825,0.04722792607802875,0.0,0.012320328542094456,0.0,0.0,0.0513347022587269,0.0,0.022587268993839837,0.043121149897330596,0.0,0.028747433264887063,0.0,0.028747433264887063,0.0,0.0,0.0,0.0,0.0,0.0,0.0,0.0,0.0,0.0,0.0,0.0,0.0,0.0,0.0,0.0,0.0,0.004106776180698152,0.0
0.3129496402877698,0.17146282973621102,0.11870503597122302,0.026378896882494004,0.022781774580335732,0.001199040767386091,0.001199040767386091,0.013189448441247002,0.004796163069544364,0.0,0.008393285371702638,0.0,0.001199040767386091,0.0,0.0,0.0,0.0,0.0,0.1750599520383693,0.0,0.14268585131894485,0.0,0.0,0.0,0.0,0.0,0.0,0.0,0.0,0.0,0.0,0.0,0.0,0.0,0.0,0.0,0.0,0.0,0.0
0.3648351648351648,0.18021978021978022,0.13956043956043956,0.04835164835164835,0.0,0.01978021978021978,0.04395604395604396,0.002197802197802198,0.06153846153846154,0.017582417582417582,0.04725274725274725,0.0,0.01098901098901099,0.0032967032967032967,0.0,0.005494505494505495,0.002197802197802198,0.0,0.001098901098901099,0.045054945054945054,0.0,0.0,0.0,0.0,0.0,0.002197802197802198,0.0,0.0,0.0032967032967032967,0.0,0.0,0.0,0.0,0.0,0.0,0.0,0.001098901098901099,0.0,0.0
0.3979460847240051,0.16046213093709885,0.07188703465982028,0.06033376123234917,0.01668806161745828,0.10526315789473684,0.005134788189987163,0.01540436456996149,0.007702182284980745,0.008985879332477536,0.01668806161745828,0.005134788189987163,0.0038510911424903724,0.0025673940949935813,0.0,0.0,0.006418485237483954,0.005134788189987163,0.0025673940949935813,0.0,0.0012836970474967907,0.0,0.0,0.0,0.0,0.0038510911424903724,0.0025673940949935813,0.0,0.0,0.0,0.0,0.0,0.006418485237483954,0.09370988446726572,0.0,0.0,0.0,0.0,0.0
0.3745173745173745,0.08108108108108109,0.21621621621621623,0.1093951093951094,0.003861003861003861,0.014157014157014158,0.04504504504504504,0.011583011583011582,0.005148005148005148,0.018018018018018018,0.001287001287001287,0.007722007722007722,0.0,0.001287001287001287,0.0,0.01673101673101673,0.005148005148005148,0.001287001287001287,0.006435006435006435,0.0,0.015444015444015444,0.0,0.006435006435006435,0.0,0.002574002574002574,0.0,0.0,0.0,0.003861003861003861,0.0,0.0,0.0,0.0,0.0,0.0,0.0,0.05148005148005148,0.001287001287001287,0.0
0.2875751503006012,0.06312625250501001,0.03507014028056112,0.01603206412825651,0.04208416833667335,0.026052104208416832,0.13226452905811623,0.06713426853707415,0.09619238476953908,0.0,0.001002004008016032,0.0,0.001002004008016032,0.0,0.0,0.0,0.0,0.0,0.0,0.0,0.0,0.0,0.0,0.0,0.0,0.0,0.0,0.0,0.0,0.002004008016032064,0.08016032064128256,0.04308617234468938,0.10721442885771543,0.0,0.0,0.0,0.0,0.0,0.0
0.4166666666666667,0.15694444444444444,0.05138888888888889,0.044444444444444446,0.04583333333333333,0.011111111111111112,0.0375,0.030555555555555555,0.005555555555555556,0.022222222222222223,0.013888888888888888,0.018055555555555554,0.001388888888888889,0.0,0.06527777777777778,0.001388888888888889,0.0,0.0,0.0,0.0,0.0,0.0,0.0,0.009722222222222222,0.06111111111111111,0.0,0.0,0.006944444444444444,0.0,0.0,0.0,0.0,0.0,0.0,0.0,0.0,0.0,0.0,0.0
0.36083916083916084,0.08251748251748252,0.06993006993006994,0.03636363636363636,0.01818181818181818,0.009790209790209791,0.06853146853146853,0.1006993006993007,0.015384615384615385,0.004195804195804196,0.0,0.0,0.0013986013986013986,0.03496503496503497,0.0,0.004195804195804196,0.0013986013986013986,0.0,0.0,0.0,0.0,0.0,0.0,0.0013986013986013986,0.0,0.03776223776223776,0.0,0.0,0.0,0.0,0.0,0.1020979020979021,0.05034965034965035,0.0,0.0,0.0,0.0,0.0,0.0
0.2932932932932933,0.12712712712712712,0.3053053053053053,0.028028028028028028,0.01901901901901902,0.005005005005005005,0.003003003003003003,0.0,0.012012012012012012,0.002002002002002002,0.0,0.0,0.005005005005005005,0.006006006006006006,0.0,0.0,0.0,0.002002002002002002,0.0,0.0,0.0,0.0,0.001001001001001001,0.004004004004004004,0.001001001001001001,0.0,0.0,0.0,0.0,0.0,0.0,0.0,0.0,0.002002002002002002,0.0,0.0,0.17617617617617617,0.008008008008008008,0.0
0.5904522613065326,0.09798994974874371,0.11306532663316583,0.005025125628140704,0.0728643216080402,0.010050251256281407,0.005025125628140704,0.0,0.0,0.0,0.002512562814070352,0.022613065326633167,0.0,0.002512562814070352,0.0,0.0,0.0,0.0,0.0,0.0,0.0,0.0,0.0,0.0,0.0,0.0,0.0,0.020100502512562814,0.0,0.0,0.0,0.0,0.0,0.0,0.05778894472361809,0.0,0.0,0.0,0.0
0.28150134048257375,0.12689901697944594,0.04825737265415549,0.04289544235924933,0.01161751563896336,0.010723860589812333,0.01161751563896336,0.035746201966041107,0.049151027703306524,0.0017873100983020554,0.0017873100983020554,0.006255585344057194,0.0008936550491510277,0.0008936550491510277,0.004468275245755138,0.0160857908847185,0.08668453976764968,0.04736371760500447,0.0,0.0,0.0,0.06702412868632708,0.08489722966934764,0.0,0.0,0.0,0.0,0.0,0.0,0.0,0.06344950848972297,0.0,0.0,0.0,0.0,0.0,0.0,0.0,0.0
0.29436769394261425,0.05100956429330499,0.1030818278427205,0.04357066950053135,0.020191285866099893,0.01381509032943677,0.0021253985122210413,0.007438894792773645,0.0010626992561105207,0.0010626992561105207,0.0,0.0010626992561105207,0.0,0.1073326248671626,0.0,0.0010626992561105207,0.09883103081827843,0.0,0.003188097768331562,0.0,0.0,0.0,0.1126461211477152,0.0,0.0,0.1381509032943677,0.0,0.0,0.0,0.0,0.0,0.0,0.0,0.0,0.0,0.0,0.0,0.0,0.0
0.5322834645669291,0.2031496062992126,0.014173228346456693,0.06929133858267716,0.05511811023622047,0.014173228346456693,0.03464566929133858,0.012598425196850394,0.006299212598425197,0.004724409448818898,0.015748031496062992,0.0015748031496062992,0.011023622047244094,0.0015748031496062992,0.006299212598425197,0.0,0.0015748031496062992,0.0015748031496062992,0.0,0.0031496062992125984,0.0,0.0,0.0,0.0,0.0,0.0,0.0015748031496062992,0.0015748031496062992,0.0015748031496062992,0.0,0.0,0.0,0.0,0.0,0.0,0.0,0.0,0.0,0.006299212598425197
0.5033738191632928,0.08097165991902834,0.08097165991902834,0.001349527665317139,0.018893387314439947,0.005398110661268556,0.006747638326585695,0.0,0.001349527665317139,0.0,0.004048582995951417,0.001349527665317139,0.0,0.0,0.0,0.0,0.0,0.07422402159244265,0.0,0.0,0.0931174089068826,0.021592442645074223,0.0,0.0,0.0,0.001349527665317139,0.0,0.0,0.0,0.0,0.0,0.0,0.0,0.0,0.0,0.0,0.0,0.0,0.10526315789473684
0.4192495921696574,0.19249592169657423,0.0701468189233279,0.052202283849918436,0.05546492659053834,0.037520391517128875,0.01631321370309951,0.01631321370309951,0.02936378466557912,0.01631321370309951,0.0,0.0,0.0016313213703099511,0.0,0.0032626427406199023,0.0016313213703099511,0.0016313213703099511,0.0032626427406199023,0.0,0.0,0.0032626427406199023,0.008156606851549755,0.0,0.0,0.0,0.0,0.0,0.0,0.0,0.01957585644371941,0.03099510603588907,0.0,0.0032626427406199023,0.01794453507340946,0.0,0.0,0.0,0.0,0.0
0.3081081081081081,0.10540540540540541,0.05405405405405406,0.0972972972972973,0.01891891891891892,0.012612612612612612,0.2018018018018018,0.00990990990990991,0.002702702702702703,0.0018018018018018018,0.0018018018018018018,0.0009009009009009009,0.0,0.009009009009009009,0.0,0.0,0.0,0.0,0.0,0.0,0.0,0.0,0.0,0.0,0.0,0.0,0.0,0.0,0.0,0.0,0.0,0.0,0.17567567567567569,0.0,0.0,0.0,0.0,0.0,0.0
0.4117647058823529,0.21994884910485935,0.17135549872122763,0.015345268542199489,0.11508951406649616,0.0,0.0,0.02557544757033248,0.005115089514066497,0.0,0.017902813299232736,0.0076726342710997444,0.0025575447570332483,0.0,0.0,0.0,0.0025575447570332483,0.0,0.0,0.0,0.0025575447570332483,0.0,0.0,0.0,0.0,0.0,0.0,0.0,0.0,0.0,0.0025575447570332483,0.0,0.0,0.0,0.0,0.0,0.0,0.0,0.0
0.5125748502994012,0.07425149700598803,0.05269461077844311,0.027544910179640718,0.05269461077844311,0.016766467065868262,0.010778443113772455,0.025149700598802394,0.0011976047904191617,0.029940119760479042,0.0011976047904191617,0.0011976047904191617,0.0011976047904191617,0.005988023952095809,0.003592814371257485,0.0,0.026347305389221556,0.046706586826347304,0.013173652694610778,0.0011976047904191617,0.003592814371257485,0.058682634730538925,0.00718562874251497,0.0,0.0,0.0,0.0,0.0,0.0,0.026347305389221556,0.0,0.0,0.0,0.0,0.0,0.0,0.0,0.0,0.0
0.4416,0.1648,0.0384,0.0144,0.0272,0.0144,0.0352,0.0,0.0144,0.0,0.0064,0.0016,0.032,0.0,0.0,0.0576,0.0352,0.0048,0.0,0.0,0.0,0.0,0.0448,0.0576,0.0,0.0,0.0,0.0,0.0,0.0,0.0,0.0,0.0096,0.0,0.0,0.0,0.0,0.0,0.0
0.47300215982721383,0.326133909287257,0.04319654427645788,0.038876889848812095,0.017278617710583154,0.0064794816414686825,0.0021598272138228943,0.028077753779697623,0.02159827213822894,0.012958963282937365,0.008639308855291577,0.0,0.01079913606911447,0.0021598272138228943,0.0,0.0,0.0,0.0,0.0,0.0,0.0,0.0,0.0021598272138228943,0.0,0.0,0.0,0.0064794816414686825,0.0,0.0,0.0,0.0,0.0,0.0,0.0,0.0,0.0,0.0,0.0,0.0
0.3445121951219512,0.07113821138211382,0.04369918699186992,0.037601626016260166,0.02540650406504065,0.01524390243902439,0.0020325203252032522,0.052845528455284556,0.007113821138211382,0.03048780487804878,0.0040650406504065045,0.0,0.014227642276422764,0.0,0.0,0.0,0.0,0.11077235772357724,0.051829268292682924,0.0,0.03048780487804878,0.15853658536585366,0.0,0.0,0.0,0.0,0.0,0.0,0.0,0.0,0.0,0.0,0.0,0.0,0.0,0.0,0.0,0.0,0.0
0.4045393858477971,0.17890520694259013,0.08678237650200267,0.102803738317757,0.04672897196261682,0.01335113484646195,0.022696929238985315,0.07209612817089453,0.0,0.0053404539385847796,0.0013351134846461949,0.0,0.00801068090787717,0.0026702269692923898,0.0,0.0013351134846461949,0.0026702269692923898,0.0,0.0026702269692923898,0.0026702269692923898,0.0,0.012016021361815754,0.0,0.01335113484646195,0.0,0.0,0.0013351134846461949,0.0,0.0,0.0053404539385847796,0.0013351134846461949,0.012016021361815754,0.0,0.0,0.0,0.0,0.0,0.0,0.0
0.43661971830985913,0.1203585147247119,0.12419974391805377,0.12419974391805377,0.014084507042253521,0.005121638924455826,0.006402048655569782,0.0,0.015364916773367477,0.014084507042253521,0.0,0.0,0.0038412291933418692,0.024327784891165175,0.0,0.0,0.06274007682458387,0.0,0.0,0.0,0.0012804097311139564,0.0,0.04481434058898848,0.0,0.0,0.0,0.002560819462227913,0.0,0.0,0.0,0.0,0.0,0.0,0.0,0.0,0.0,0.0,0.0,0.0
0.2939729397293973,0.16605166051660517,0.07995079950799508,0.033210332103321034,0.12423124231242312,0.012300123001230012,0.033210332103321034,0.0024600246002460025,0.013530135301353014,0.0012300123001230013,0.0,0.0,0.0,0.004920049200492005,0.0024600246002460025,0.0012300123001230013,0.07380073800738007,0.0,0.0036900369003690036,0.0,0.0,0.0,0.0910209102091021,0.0,0.0,0.0012300123001230013,0.0,0.0,0.0,0.0,0.0,0.0,0.0,0.0,0.06150061500615006,0.0,0.0,0.0,0.0
0.6547231270358306,0.20195439739413681,0.08143322475570032,0.035830618892508145,0.003257328990228013,0.0,0.006514657980456026,0.0,0.0,0.0,0.0,0.0,0.0,0.0,0.0,0.0,0.0,0.0,0.006514657980456026,0.0,0.003257328990228013,0.0,0.0,0.0,0.0,0.0,0.0,0.0,0.0,0.006514657980456026,0.0,0.0,0.0,0.0,0.0,0.0,0.0,0.0,0.0
0.5381944444444444,0.14756944444444445,0.09895833333333333,0.03993055555555555,0.024305555555555556,0.027777777777777776,0.006944444444444444,0.0,0.001736111111111111,0.0,0.006944444444444444,0.0,0.003472222222222222,0.0,0.003472222222222222,0.03125,0.003472222222222222,0.0,0.0,0.0,0.0,0.0,0.0,0.03993055555555555,0.012152777777777778,0.0,0.0,0.0,0.0,0.0,0.0,0.0,0.0,0.0,0.0,0.006944444444444444,0.006944444444444444,0.0,0.0
0.5903083700440529,0.14537444933920704,0.11233480176211454,0.05286343612334802,0.006607929515418502,0.05726872246696035,0.006607929515418502,0.011013215859030838,0.0,0.004405286343612335,0.0,0.0022026431718061676,0.0022026431718061676,0.0,0.0,0.0022026431718061676,0.0022026431718061676,0.0,0.0,0.0,0.0,0.0,0.0,0.0022026431718061676,0.0,0.0,0.0022026431718061676,0.0,0.0,0.0,0.0,0.0,0.0,0.0,0.0,0.0,0.0,0.0,0.0
0.5310492505353319,0.044967880085653104,0.06852248394004283,0.08565310492505353,0.07066381156316917,0.017130620985010708,0.01284796573875803,0.059957173447537475,0.004282655246252677,0.0021413276231263384,0.027837259100642397,0.008565310492505354,0.027837259100642397,0.006423982869379015,0.004282655246252677,0.0,0.0,0.0,0.0021413276231263384,0.0,0.004282655246252677,0.0,0.0,0.0021413276231263384,0.019271948608137045,0.0,0.0,0.0,0.0,0.0,0.0,0.0,0.0,0.0,0.0,0.0,0.0,0.0,0.0
0.4636627906976744,0.11918604651162791,0.02616279069767442,0.09011627906976744,0.046511627906976744,0.014534883720930232,0.05232558139534884,0.010174418604651164,0.00436046511627907,0.015988372093023256,0.0,0.0,0.0188953488372093,0.011627906976744186,0.005813953488372093,0.0,0.0,0.005813953488372093,0.0,0.0,0.0,0.0029069767441860465,0.0,0.0,0.010174418604651164,0.005813953488372093,0.011627906976744186,0.0,0.0,0.0,0.0,0.0,0.0,0.0,0.0,0.0,0.0,0.0,0.08430232558139535
0.5263157894736842,0.04805491990846682,0.06178489702517163,0.03318077803203661,0.05377574370709382,0.03318077803203661,0.03318077803203661,0.010297482837528604,0.02402745995423341,0.019450800915331808,0.0011441647597254005,0.002288329519450801,0.0011441647597254005,0.002288329519450801,0.0011441647597254005,0.0,0.0,0.0011441647597254005,0.0,0.0011441647597254005,0.006864988558352402,0.002288329519450801,0.0,0.0,0.0,0.0011441647597254005,0.0011441647597254005,0.0,0.005720823798627002,0.0,0.0,0.0,0.0,0.0,0.0,0.0,0.0,0.0,0.12929061784897025
0.4662480376766091,0.2370486656200942,0.06907378335949764,0.07378335949764521,0.0423861852433281,0.0282574568288854,0.0423861852433281,0.0141287284144427,0.0,0.0031397174254317113,0.009419152276295133,0.0,0.007849293563579277,0.0,0.0,0.0,0.0015698587127158557,0.0,0.0015698587127158557,0.0,0.0,0.0,0.0,0.0031397174254317113,0.0,0.0,0.0,0.0,0.0,0.0,0.0,0.0,0.0,0.0,0.0,0.0,0.0,0.0,0.0
0.31065759637188206,0.19727891156462585,0.08049886621315193,0.02834467120181406,0.01927437641723356,0.015873015873015872,0.17346938775510204,0.012471655328798186,0.009070294784580499,0.005668934240362812,0.0022675736961451248,0.0045351473922902496,0.0,0.0011337868480725624,0.0,0.0,0.0,0.0,0.0,0.0,0.0,0.0,0.0,0.0,0.0,0.0,0.0,0.0,0.0,0.0011337868480725624,0.0,0.0,0.1383219954648526,0.0,0.0,0.0,0.0,0.0,0.0
0.2872444011684518,0.2921129503407984,0.02531645569620253,0.024342745861733205,0.007789678675754625,0.008763388510223954,0.008763388510223954,0.0,0.0019474196689386564,0.0,0.0019474196689386564,0.006815968841285297,0.005842259006815969,0.006815968841285297,0.0,0.017526777020447908,0.054527750730282376,0.010710808179162609,0.08179162609542356,0.0009737098344693282,0.07497565725413827,0.0,0.012658227848101266,0.0,0.0,0.0,0.0,0.0,0.0,0.0,0.0,0.0,0.0,0.0,0.0,0.0,0.0,0.0691333982473223,0.0
0.3908872901678657,0.14148681055155876,0.14628297362110312,0.027577937649880094,0.08872901678657075,0.019184652278177457,0.014388489208633094,0.007194244604316547,0.02038369304556355,0.02158273381294964,0.008393285371702638,0.007194244604316547,0.0,0.0,0.0,0.0,0.0,0.001199040767386091,0.005995203836930456,0.011990407673860911,0.0,0.002398081534772182,0.0,0.0,0.0,0.0,0.0,0.0,0.0,0.0,0.0,0.0,0.0,0.0,0.0539568345323741,0.0,0.0,0.03117505995203837,0.0
0.3421750663129973,0.2612732095490716,0.04774535809018567,0.09416445623342175,0.0649867374005305,0.011936339522546418,0.013262599469496022,0.01989389920424403,0.0,0.0,0.009283819628647215,0.010610079575596816,0.023872679045092837,0.005305039787798408,0.0,0.007957559681697613,0.0,0.0,0.0,0.002652519893899204,0.0,0.002652519893899204,0.001326259946949602,0.0,0.0,0.0,0.0,0.0,0.0,0.0,0.0,0.0,0.006631299734748011,0.033156498673740056,0.001326259946949602,0.029177718832891247,0.0,0.010610079575596816,0.0
0.29328165374677,0.25839793281653745,0.007751937984496124,0.060723514211886306,0.056847545219638244,0.03359173126614987,0.04909560723514212,0.046511627906976744,0.015503875968992248,0.031007751937984496,0.0,0.002583979328165375,0.0,0.03875968992248062,0.0,0.002583979328165375,0.05297157622739018,0.0012919896640826874,0.0,0.0,0.0,0.0,0.04780361757105943,0.0012919896640826874,0.0,0.0,0.0,0.0,0.0,0.0,0.0,0.0,0.0,0.0,0.0,0.0,0.0,0.0,0.0
0.2686230248306998,0.06659142212189616,0.033860045146726865,0.04966139954853273,0.06772009029345373,0.0056433408577878106,0.007900677200902935,0.003386004514672686,0.004514672686230248,0.009029345372460496,0.004514672686230248,0.001128668171557562,0.07787810383747178,0.060948081264108354,0.0,0.0,0.002257336343115124,0.024830699774266364,0.06772009029345373,0.0,0.04966139954853273,0.02708803611738149,0.0,0.0,0.0,0.05981941309255079,0.07674943566591422,0.0,0.0,0.0,0.0,0.0,0.0,0.0,0.0,0.0,0.0,0.0,0.030474040632054177
0.36585365853658536,0.10823170731707317,0.08689024390243902,0.07774390243902439,0.041158536585365856,0.010670731707317074,0.001524390243902439,0.0,0.006097560975609756,0.012195121951219513,0.003048780487804878,0.0,0.0,0.001524390243902439,0.11890243902439024,0.013719512195121951,0.003048780487804878,0.001524390243902439,0.0,0.0,0.0,0.007621951219512195,0.0,0.012195121951219513,0.12804878048780488,0.0,0.0,0.0,0.0,0.0,0.0,0.0,0.0,0.0,0.0,0.0,0.0,0.0,0.0
0.27973568281938327,0.24118942731277532,0.11123348017621146,0.051762114537444934,0.03634361233480176,0.012114537444933921,0.031938325991189426,0.030837004405286344,0.030837004405286344,0.007709251101321586,0.0022026431718061676,0.005506607929515419,0.0,0.0011013215859030838,0.018722466960352423,0.0022026431718061676,0.031938325991189426,0.0,0.013215859030837005,0.0,0.01762114537444934,0.004405286343612335,0.024229074889867842,0.0,0.00881057268722467,0.0022026431718061676,0.0,0.004405286343612335,0.0,0.0,0.0,0.0,0.0,0.0,0.0,0.0,0.0,0.02973568281938326,0.0
0.6909090909090909,0.11363636363636363,0.04772727272727273,0.04090909090909091,0.004545454545454545,0.0,0.006818181818181818,0.004545454545454545,0.0,0.0,0.0,0.0022727272727272726,0.0,0.0,0.0,0.0,0.0022727272727272726,0.03409090909090909,0.0,0.0,0.0,0.05227272727272727,0.0,0.0,0.0,0.0,0.0,0.0,0.0,0.0,0.0,0.0,0.0,0.0,0.0,0.0,0.0,0.0,0.0
0.2696214219759926,0.17359187442289936,0.06555863342566944,0.0221606648199446,0.01569713758079409,0.010156971375807941,0.008310249307479225,0.030470914127423823,0.006463527239150508,0.002770083102493075,0.01662049861495845,0.002770083102493075,0.0,0.0110803324099723,0.04524469067405355,0.0,0.0,0.0018467220683287165,0.12465373961218837,0.01662049861495845,0.12280701754385964,0.0,0.0,0.0,0.046168051708217916,0.007386888273314866,0.0,0.0,0.0,0.0,0.0,0.0,0.0,0.0,0.0,0.0,0.0,0.0,0.0
0.2636363636363636,0.17474747474747473,0.27070707070707073,0.020202020202020204,0.031313131313131314,0.007070707070707071,0.013131313131313131,0.00101010101010101,0.00808080808080808,0.0,0.0,0.0,0.00202020202020202,0.0,0.00404040404040404,0.005050505050505051,0.0,0.0,0.0,0.0,0.0,0.0,0.0,0.0,0.00202020202020202,0.0,0.0,0.0,0.0,0.00101010101010101,0.0,0.0,0.0,0.0,0.00101010101010101,0.0,0.19494949494949496,0.0,0.0
0.39593114241001565,0.10015649452269171,0.08294209702660407,0.08450704225352113,0.0406885758998435,0.0,0.02190923317683881,0.014084507042253521,0.014084507042253521,0.004694835680751174,0.0,0.003129890453834116,0.004694835680751174,0.010954616588419406,0.012519561815336464,0.003129890453834116,0.06416275430359937,0.0406885758998435,0.003129890453834116,0.0,0.0,0.025039123630672927,0.04538341158059468,0.0,0.0,0.0,0.003129890453834116,0.014084507042253521,0.0,0.0,0.0,0.0,0.0,0.0,0.0,0.0,0.010954616588419406,0.0,0.0
0.4883303411131059,0.0807899461400359,0.14542190305206462,0.02333931777378815,0.08258527827648116,0.0,0.03411131059245961,0.008976660682226212,0.01615798922800718,0.01436265709156194,0.012567324955116697,0.0,0.0,0.0,0.0,0.0,0.0,0.0017953321364452424,0.0,0.02872531418312388,0.03411131059245961,0.010771992818671455,0.0,0.0,0.010771992818671455,0.0,0.0,0.0,0.0,0.003590664272890485,0.0,0.0,0.0,0.0,0.0,0.0,0.0,0.003590664272890485,0.0
0.567530695770805,0.06957708049113233,0.09822646657571624,0.054570259208731244,0.010914051841746248,0.0,0.005457025920873124,0.002728512960436562,0.0,0.0,0.009549795361527967,0.001364256480218281,0.001364256480218281,0.0,0.002728512960436562,0.002728512960436562,0.0,0.0,0.04365620736698499,0.06412005457025921,0.001364256480218281,0.0,0.0,0.0,0.0,0.0,0.0,0.0,0.0,0.0,0.0,0.0,0.0,0.0,0.0,0.0,0.0,0.0,0.06412005457025921
0.33076923076923076,0.16538461538461538,0.026923076923076925,0.1076923076923077,0.0038461538461538464,0.028846153846153848,0.013461538461538462,0.0019230769230769232,0.0,0.0,0.1519230769230769,0.0,0.0,0.0,0.0,0.0,0.0,0.0,0.011538461538461539,0.0,0.007692307692307693,0.0,0.0,0.0,0.0,0.0,0.0,0.0,0.15,0.0,0.0,0.0,0.0,0.0,0.0,0.0,0.0,0.0,0.0
0.4684431977559607,0.1514726507713885,0.06311360448807854,0.07152875175315568,0.0729312762973352,0.033660589060308554,0.023842917251051893,0.03506311360448808,0.011220196353436185,0.0,0.028050490883590462,0.023842917251051893,0.001402524544179523,0.0,0.015427769985974754,0.0,0.0,0.0,0.0,0.0,0.0,0.0,0.0,0.0,0.0,0.0,0.0,0.0,0.0,0.0,0.0,0.0,0.0,0.0,0.0,0.0,0.0,0.0,0.0
0.388,0.13866666666666666,0.11066666666666666,0.06,0.02266666666666667,0.012,0.0026666666666666666,0.009333333333333334,0.013333333333333334,0.005333333333333333,0.0013333333333333333,0.005333333333333333,0.0013333333333333333,0.004,0.06933333333333333,0.0,0.0,0.0,0.0,0.07866666666666666,0.0,0.0,0.0,0.0,0.07733333333333334,0.0,0.0,0.0,0.0,0.0,0.0,0.0,0.0,0.0,0.0,0.0,0.0,0.0,0.0
0.23559150657229525,0.13144590495449948,0.05358948432760364,0.1122345803842265,0.006066734074823054,0.007077856420626896,0.0010111223458038423,0.0,0.0,0.0020222446916076846,0.0010111223458038423,0.0010111223458038423,0.0,0.0,0.0,0.0,0.0,0.0,0.0,0.39737108190091003,0.0,0.0,0.0,0.0,0.0,0.0,0.0,0.0,0.0,0.0,0.0,0.0,0.0,0.0,0.0,0.05156723963599596,0.0,0.0,0.0
0.2980671414038657,0.15666327568667346,0.0681586978636826,0.011190233977619531,0.04374364191251272,0.013224821973550356,0.021363173957273652,0.003051881993896236,0.004069175991861648,0.12105798575788403,0.07121057985757884,0.0,0.0,0.01017293997965412,0.0,0.0,0.0,0.0,0.0,0.0,0.0,0.0,0.0,0.0,0.0,0.0,0.0,0.0,0.06612410986775177,0.11190233977619532,0.0,0.0,0.0,0.0,0.0,0.0,0.0,0.0,0.0
0.3170995670995671,0.12012987012987013,0.05519480519480519,0.04220779220779221,0.05844155844155844,0.022727272727272728,0.02922077922077922,0.0021645021645021645,0.010822510822510822,0.08008658008658008,0.0010822510822510823,0.0,0.0,0.0,0.06818181818181818,0.004329004329004329,0.0010822510822510823,0.0021645021645021645,0.007575757575757576,0.0,0.0,0.0,0.0,0.0,0.07142857142857142,0.0,0.0,0.0,0.0,0.1038961038961039,0.0,0.0,0.0,0.0010822510822510823,0.0,0.0,0.0,0.0010822510822510823,0.0
0.18825722273998136,0.11090400745573159,0.08574091332712022,0.04007455731593663,0.04287045666356011,0.05032618825722274,0.02982292637465051,0.014911463187325256,0.012115563839701771,0.0,0.0195712954333644,0.007455731593662628,0.0065237651444548,0.0,0.0,0.0065237651444548,0.16309412861137,0.005591798695246971,0.007455731593662628,0.0,0.015843429636533086,0.0,0.18452935694315004,0.0,0.0,0.0,0.001863932898415657,0.0,0.0,0.0,0.0,0.0,0.0,0.0065237651444548,0.0,0.0,0.0,0.0,0.0
0.3806752037252619,0.10360884749708964,0.16530849825378346,0.08032596041909197,0.04540162980209546,0.027939464493597205,0.008149010477299184,0.023282887077997673,0.015133876600698487,0.0,0.048894062863795114,0.002328288707799767,0.0011641443538998836,0.0011641443538998836,0.0,0.004656577415599534,0.0,0.006984866123399301,0.0,0.0,0.0,0.0,0.0,0.0,0.0,0.0,0.0,0.005820721769499418,0.03259604190919674,0.0,0.02211874272409779,0.01629802095459837,0.002328288707799767,0.0034924330616996507,0.0,0.002328288707799767,0.0,0.0,0.0
0.44320297951582865,0.1042830540037244,0.0148975791433892,0.03165735567970205,0.048417132216014895,0.061452513966480445,0.0186219739292365,0.0037243947858473,0.0,0.0111731843575419,0.00186219739292365,0.00186219739292365,0.14338919925512103,0.00186219739292365,0.0,0.0,0.0,0.0,0.0,0.0,0.0,0.0,0.0,0.0,0.0,0.0,0.11359404096834265,0.0,0.0,0.0,0.0,0.0,0.0,0.0,0.0,0.0,0.0,0.0,0.0
0.44893617021276594,0.13617021276595745,0.1829787234042553,0.059574468085106386,0.036170212765957444,0.031914893617021274,0.03829787234042553,0.00851063829787234,0.0,0.0,0.002127659574468085,0.00425531914893617,0.00425531914893617,0.01276595744680851,0.010638297872340425,0.0,0.0,0.0,0.0,0.0,0.0,0.0,0.0,0.0,0.0,0.0,0.0,0.0,0.0,0.0,0.002127659574468085,0.0,0.0,0.0,0.00425531914893617,0.0,0.0,0.01702127659574468,0.0
0.3364485981308411,0.21962616822429906,0.08411214953271028,0.09501557632398754,0.04205607476635514,0.029595015576323987,0.02336448598130841,0.024922118380062305,0.00778816199376947,0.012461059190031152,0.010903426791277258,0.05763239875389408,0.0,0.006230529595015576,0.0,0.001557632398753894,0.0,0.0,0.0,0.0,0.0,0.0,0.0,0.0,0.0,0.0,0.0,0.048286604361370715,0.0,0.0,0.0,0.0,0.0,0.0,0.0,0.0,0.0,0.0,0.0
0.26825633383010433,0.17436661698956782,0.10581222056631892,0.01639344262295082,0.15201192250372578,0.019374068554396422,0.004470938897168405,0.007451564828614009,0.004470938897168405,0.00894187779433681,0.0,0.0,0.0,0.00894187779433681,0.0029806259314456036,0.04769001490312966,0.0,0.0,0.06855439642324888,0.03129657228017884,0.01788375558867362,0.0,0.0,0.0,0.0,0.0014903129657228018,0.0,0.0,0.0,0.0,0.0,0.0,0.0,0.0,0.05961251862891207,0.0,0.0,0.0,0.0
0.47619047619047616,0.13250517598343686,0.18840579710144928,0.041407867494824016,0.049689440993788817,0.008281573498964804,0.002070393374741201,0.020703933747412008,0.004140786749482402,0.0,0.004140786749482402,0.002070393374741201,0.002070393374741201,0.002070393374741201,0.0,0.004140786749482402,0.0,0.0,0.0,0.0,0.002070393374741201,0.0,0.0,0.0,0.0,0.0,0.0,0.0,0.0,0.0,0.0,0.0,0.0,0.0,0.0,0.0,0.060041407867494824,0.0,0.0
0.6005291005291006,0.21693121693121692,0.07936507936507936,0.010582010582010581,0.015873015873015872,0.015873015873015872,0.005291005291005291,0.0026455026455026454,0.007936507936507936,0.0,0.005291005291005291,0.0,0.0,0.0026455026455026454,0.0,0.015873015873015872,0.0,0.0,0.0,0.0,0.0,0.0,0.005291005291005291,0.015873015873015872,0.0,0.0,0.0,0.0,0.0,0.0,0.0,0.0,0.0,0.0,0.0,0.0,0.0,0.0,0.0
0.298787210584344,0.12899669239250275,0.04851157662624035,0.03307607497243661,0.026460859977949284,0.002205071664829107,0.026460859977949284,0.04299889746416759,0.0,0.0,0.006615214994487321,0.025358324145534728,0.013230429988974642,0.022050716648291068,0.004410143329658214,0.0,0.1378169790518192,0.0,0.0,0.0,0.0011025358324145535,0.0,0.1378169790518192,0.0,0.0,0.0,0.0,0.0,0.0,0.0,0.0,0.02866593164277839,0.014332965821389196,0.0,0.0011025358324145535,0.0,0.0,0.0,0.0
0.47462277091906724,0.07407407407407407,0.12482853223593965,0.05486968449931413,0.04526748971193416,0.012345679012345678,0.02606310013717421,0.03429355281207133,0.0054869684499314125,0.08093278463648834,0.015089163237311385,0.0,0.0,0.00411522633744856,0.0,0.0,0.0,0.0,0.0,0.0,0.0,0.00411522633744856,0.0,0.0,0.0,0.0,0.0,0.0,0.0,0.0438957475994513,0.0,0.0,0.0,0.0,0.0,0.0,0.0,0.0,0.0
0.4423076923076923,0.09134615384615384,0.06971153846153846,0.051682692307692304,0.001201923076923077,0.03245192307692308,0.010817307692307692,0.019230769230769232,0.004807692307692308,0.12139423076923077,0.0,0.019230769230769232,0.013221153846153846,0.0,0.0,0.008413461538461538,0.0,0.0,0.0,0.0,0.0,0.010817307692307692,0.0,0.0,0.0,0.0,0.0,0.0,0.0,0.10216346153846154,0.0,0.0,0.0,0.0,0.0,0.0,0.0,0.001201923076923077,0.0
0.5378323108384458,0.2903885480572597,0.053169734151329244,0.06748466257668712,0.012269938650306749,0.00408997955010225,0.00408997955010225,0.006134969325153374,0.002044989775051125,0.010224948875255624,0.006134969325153374,0.0,0.00408997955010225,0.002044989775051125,0.0,0.0,0.0,0.0,0.0,0.0,0.0,0.0,0.0,0.0,0.0,0.0,0.0,0.0,0.0,0.0,0.0,0.0,0.0,0.0,0.0,0.0,0.0,0.0,0.0
0.33570159857904086,0.11811722912966252,0.09680284191829484,0.02930728241563055,0.06127886323268206,0.0,0.0026642984014209592,0.015985790408525755,0.003552397868561279,0.0053285968028419185,0.004440497335701598,0.05595026642984014,0.09769094138543517,0.0,0.0,0.0,0.0,0.0,0.0,0.0008880994671403197,0.0,0.0,0.0,0.0,0.0,0.0,0.10390763765541741,0.0674955595026643,0.0,0.0,0.0,0.0,0.0,0.0,0.0,0.0,0.0,0.0008880994671403197,0.0
0.4623493975903614,0.1897590361445783,0.0677710843373494,0.043674698795180725,0.01355421686746988,0.015060240963855422,0.0015060240963855422,0.006024096385542169,0.007530120481927711,0.010542168674698794,0.004518072289156626,0.0,0.0,0.0,0.004518072289156626,0.07379518072289157,0.006024096385542169,0.0015060240963855422,0.0,0.0,0.0,0.0,0.007530120481927711,0.08283132530120482,0.0015060240963855422,0.0,0.0,0.0,0.0,0.0,0.0,0.0,0.0,0.0,0.0,0.0,0.0,0.0,0.0
0.30213903743315507,0.20588235294117646,0.09090909090909091,0.029411764705882353,0.06149732620320856,0.0053475935828877,0.012032085561497326,0.0,0.12566844919786097,0.014705882352941176,0.0,0.008021390374331552,0.012032085561497326,0.0,0.001336898395721925,0.0,0.0,0.017379679144385027,0.0,0.0053475935828877,0.0,0.00267379679144385,0.0,0.0,0.0,0.0,0.01871657754010695,0.0,0.0,0.0,0.08689839572192513,0.0,0.0,0.0,0.0,0.0,0.0,0.0,0.0
0.3825966850828729,0.09944751381215469,0.04281767955801105,0.052486187845303865,0.052486187845303865,0.011049723756906077,0.019337016574585635,0.011049723756906077,0.0027624309392265192,0.0013812154696132596,0.0,0.0,0.0013812154696132596,0.0,0.0013812154696132596,0.0,0.05386740331491713,0.10359116022099447,0.0,0.0013812154696132596,0.0,0.11740331491712708,0.04558011049723757,0.0,0.0,0.0,0.0,0.0,0.0,0.0,0.0,0.0,0.0,0.0,0.0,0.0,0.0,0.0,0.0
0.5297927461139896,0.12564766839378239,0.1489637305699482,0.03238341968911917,0.038860103626943004,0.006476683937823834,0.01683937823834197,0.0,0.0012953367875647669,0.012953367875647668,0.0012953367875647669,0.0,0.0,0.0,0.0,0.0,0.010362694300518135,0.0,0.0,0.0,0.0,0.0,0.0,0.0,0.0,0.0038860103626943004,0.006476683937823834,0.0,0.0,0.0,0.0,0.0,0.0,0.0,0.0,0.009067357512953367,0.05569948186528497,0.0,0.0
0.36054421768707484,0.14965986394557823,0.05697278911564626,0.05357142857142857,0.01020408163265306,0.011904761904761904,0.011054421768707483,0.1598639455782313,0.02465986394557823,0.002551020408163265,0.0017006802721088435,0.0,0.0017006802721088435,0.005952380952380952,0.0008503401360544217,0.0,0.0,0.003401360544217687,0.0,0.0008503401360544217,0.0,0.0,0.0,0.0,0.0,0.0008503401360544217,0.0,0.0,0.0,0.0,0.0,0.14370748299319727,0.0,0.0,0.0,0.0,0.0,0.0,0.0
0.34602829162132753,0.09357997823721437,0.056583242655059846,0.031556039173014146,0.017410228509249184,0.028291621327529923,0.00544069640914037,0.008705114254624592,0.00544069640914037,0.00544069640914037,0.00544069640914037,0.003264417845484222,0.00544069640914037,0.001088139281828074,0.002176278563656148,0.0,0.0,0.10990206746463548,0.08161044613710555,0.001088139281828074,0.09249183895538629,0.09793253536452666,0.0,0.0,0.0,0.0,0.0,0.0,0.0,0.0,0.0,0.0,0.0,0.001088139281828074,0.0,0.0,0.0,0.0,0.0
0.3648936170212766,0.0851063829787234,0.047872340425531915,0.013829787234042552,0.019148936170212766,0.00425531914893617,0.005319148936170213,0.0031914893617021275,0.00425531914893617,0.0010638297872340426,0.005319148936170213,0.0,0.00425531914893617,0.12340425531914893,0.0,0.009574468085106383,0.0,0.0,0.07446808510638298,0.0,0.07234042553191489,0.0,0.0,0.007446808510638298,0.0,0.15425531914893617,0.0,0.0,0.0,0.0,0.0,0.0,0.0,0.0,0.0,0.0,0.0,0.0,0.0
0.26548672566371684,0.127826941986234,0.0855457227138643,0.021632251720747297,0.02261553588987217,0.035398230088495575,0.017699115044247787,0.00688298918387414,0.0009832841691248771,0.00688298918387414,0.03343166175024582,0.058997050147492625,0.011799410029498525,0.0,0.0,0.0,0.0,0.004916420845624385,0.09144542772861357,0.0,0.09734513274336283,0.010816125860373648,0.0,0.0,0.0,0.0019665683382497543,0.00983284169124877,0.051130776794493606,0.03736479842674533,0.0,0.0,0.0,0.0,0.0,0.0,0.0,0.0,0.0,0.0
0.4125786163522013,0.08050314465408805,0.045283018867924525,0.20628930817610064,0.01761006289308176,0.022641509433962263,0.0012578616352201257,0.00880503144654088,0.0037735849056603774,0.0012578616352201257,0.0,0.0012578616352201257,0.0,0.0,0.005031446540880503,0.005031446540880503,0.0,0.0,0.0,0.0,0.0,0.0,0.0,0.0025157232704402514,0.0,0.0,0.0,0.0,0.0,0.0012578616352201257,0.0,0.0,0.0,0.0,0.0,0.18490566037735848,0.0,0.0,0.0
0.4826388888888889,0.16319444444444445,0.04861111111111111,0.10416666666666667,0.034722222222222224,0.005208333333333333,0.008680555555555556,0.013888888888888888,0.003472222222222222,0.0,0.001736111111111111,0.0,0.001736111111111111,0.03819444444444445,0.0,0.0,0.012152777777777778,0.034722222222222224,0.008680555555555556,0.006944444444444444,0.003472222222222222,0.008680555555555556,0.0,0.0,0.0,0.0,0.0,0.0,0.0,0.0,0.0,0.0,0.001736111111111111,0.0,0.0,0.017361111111111112,0.0,0.0,0.0
0.18028846153846154,0.18269230769230768,0.018028846153846152,0.018028846153846152,0.042067307692307696,0.015625,0.013221153846153846,0.24519230769230768,0.003605769230769231,0.0,0.003605769230769231,0.0,0.002403846153846154,0.006009615384615385,0.004807692307692308,0.0,0.0,0.0,0.0,0.0,0.0,0.0,0.0,0.001201923076923077,0.0,0.002403846153846154,0.0,0.0,0.0,0.0,0.0,0.2608173076923077,0.0,0.0,0.0,0.0,0.0,0.0,0.0
0.2685025817555938,0.1523235800344234,0.05249569707401033,0.03700516351118761,0.021514629948364887,0.0189328743545611,0.1729776247848537,0.00946643717728055,0.00774526678141136,0.058519793459552494,0.0,0.00774526678141136,0.016351118760757316,0.0034423407917383822,0.0,0.0,0.0,0.0,0.0,0.0,0.0,0.0,0.0,0.0,0.0,0.0,0.0,0.0,0.0,0.05249569707401033,0.0,0.0,0.11617900172117039,0.0,0.0,0.004302925989672977,0.0,0.0,0.0
0.26802030456852793,0.12588832487309645,0.05380710659898477,0.02131979695431472,0.026395939086294416,0.023350253807106598,0.02131979695431472,0.0,0.0,0.018274111675126905,0.003045685279187817,0.0,0.0,0.0010152284263959391,0.0,0.003045685279187817,0.0010152284263959391,0.1766497461928934,0.007106598984771574,0.09847715736040609,0.005076142131979695,0.14619289340101524,0.0,0.0,0.0,0.0,0.0,0.0,0.0,0.0,0.0,0.0,0.0,0.0,0.0,0.0,0.0,0.0,0.0
0.4533333333333333,0.09333333333333334,0.07515151515151515,0.06060606060606061,0.025454545454545455,0.02303030303030303,0.007272727272727273,0.0,0.01818181818181818,0.0024242424242424242,0.0048484848484848485,0.11757575757575757,0.0024242424242424242,0.0,0.0024242424242424242,0.0012121212121212121,0.0,0.0,0.0,0.0,0.0,0.0,0.0,0.0,0.0,0.0,0.0,0.11151515151515151,0.0,0.0,0.0012121212121212121,0.0,0.0,0.0,0.0,0.0,0.0,0.0,0.0
0.28841201716738196,0.18369098712446352,0.0351931330472103,0.04291845493562232,0.01888412017167382,0.014592274678111588,0.026609442060085836,0.014592274678111588,0.0008583690987124463,0.011158798283261802,0.011158798283261802,0.011158798283261802,0.0,0.1536480686695279,0.0,0.0,0.0,0.0,0.0034334763948497852,0.0,0.0,0.0,0.0,0.0,0.0,0.13047210300429185,0.0,0.0,0.0,0.0,0.0,0.0,0.0,0.0,0.0,0.0,0.0,0.05321888412017167,0.0
0.3400286944045911,0.15781922525107603,0.09469153515064563,0.0703012912482066,0.043041606886657105,0.02582496413199426,0.021520803443328552,0.05164992826398852,0.010043041606886656,0.0,0.014347202295552367,0.06743185078909612,0.0,0.0,0.0,0.0,0.0,0.007173601147776184,0.0,0.0,0.0,0.0,0.0,0.0,0.0,0.0,0.0,0.06169296987087518,0.00860832137733142,0.0,0.0,0.02582496413199426,0.0,0.0,0.0,0.0,0.0,0.0,0.0
0.3795620437956204,0.1678832116788321,0.06569343065693431,0.043795620437956206,0.020855057351407715,0.0010427528675703858,0.017726798748696558,0.0020855057351407717,0.005213764337851929,0.004171011470281543,0.0031282586027111575,0.0,0.0,0.0,0.04275286757038582,0.01981230448383733,0.0,0.0,0.0,0.0,0.0,0.0,0.06360792492179354,0.0,0.0,0.0,0.0,0.0,0.0,0.0,0.0,0.0,0.0,0.0,0.0,0.0,0.0,0.072992700729927,0.08967674661105318
0.43010752688172044,0.1597542242703533,0.0706605222734255,0.03225806451612903,0.05222734254992319,0.009216589861751152,0.006144393241167435,0.0030721966205837174,0.08294930875576037,0.0,0.0,0.0015360983102918587,0.0030721966205837174,0.03533026113671275,0.0,0.0,0.004608294930875576,0.0015360983102918587,0.0,0.0,0.0,0.0,0.0,0.0,0.0,0.03686635944700461,0.0,0.0,0.0,0.0,0.0706605222734255,0.0,0.0,0.0,0.0,0.0,0.0,0.0,0.0
0.5132013201320133,0.12046204620462046,0.09405940594059406,0.02145214521452145,0.01155115511551155,0.018151815181518153,0.0016501650165016502,0.006600660066006601,0.0016501650165016502,0.0,0.006600660066006601,0.0,0.0033003300330033004,0.11056105610561057,0.0,0.0016501650165016502,0.0,0.0,0.0,0.0,0.0,0.0,0.0,0.0,0.0,0.08415841584158416,0.0,0.0,0.0049504950495049506,0.0,0.0,0.0,0.0,0.0,0.0,0.0,0.0,0.0,0.0
0.27445652173913043,0.12681159420289856,0.09329710144927536,0.042572463768115944,0.024456521739130436,0.017210144927536232,0.01177536231884058,0.01177536231884058,0.04528985507246377,0.0018115942028985507,0.006340579710144928,0.006340579710144928,0.01177536231884058,0.0009057971014492754,0.009963768115942028,0.0,0.004528985507246377,0.0018115942028985507,0.12952898550724637,0.0,0.13043478260869565,0.0,0.0,0.0,0.0,0.0,0.0,0.0,0.0,0.0,0.04891304347826087,0.0,0.0,0.0,0.0,0.0,0.0,0.0,0.0
0.409778812572759,0.19324796274738068,0.04190919674039581,0.051222351571594875,0.0570430733410943,0.01629802095459837,0.020954598370197905,0.013969732246798603,0.0,0.004656577415599534,0.002328288707799767,0.013969732246798603,0.0011641443538998836,0.0,0.01979045401629802,0.0,0.02910360884749709,0.0,0.03259604190919674,0.0,0.03143189755529686,0.0,0.033760186263096625,0.002328288707799767,0.018626309662398137,0.0,0.0,0.0,0.005820721769499418,0.0,0.0,0.0,0.0,0.0,0.0,0.0,0.0,0.0,0.0
0.3856682769726248,0.2962962962962963,0.071658615136876,0.017713365539452495,0.018518518518518517,0.00644122383252818,0.005636070853462158,0.008856682769726247,0.001610305958132045,0.0008051529790660225,0.0,0.0,0.0024154589371980675,0.0008051529790660225,0.0008051529790660225,0.0,0.0,0.004025764895330112,0.004025764895330112,0.0,0.0,0.0,0.0,0.0,0.001610305958132045,0.0,0.0,0.0,0.0,0.0,0.0,0.0,0.0,0.0,0.0,0.0,0.12077294685990338,0.015297906602254429,0.037037037037037035
