1.4068138455626145,1.1585525786986235,0.7944360539647707,0.3972180269823853,1.903336379290596,3.674266749587064,0.5792762893493119,0.3972180269823853,0.0,0.16550751124266053,0.910291311834633,0.19860901349119267,0.0,0.0,0.0,0.0,0.0,0.0,0.0,0.0,0.0,0.0,0.0,0.0,0.0,0.0,0.0,0.4634210314794495,7.199576739055733,0.0,0.0,0.0,10.377320954914815,1.1254510764500916,0.5792762893493119,0.0,0.0,0.0,1.2909585876927523
0.8469444104076854,1.204543161468708,0.9034073711015311,0.602271580734354,0.18820986897948563,1.4680369780399882,2.898431982284079,1.204543161468708,1.5244999387338338,1.505678951835885,0.6210925676323026,0.22585184277538278,1.468036978039988,0.0,0.5646296069384569,0.301135790367177,0.31995677726512556,0.0,1.0727962531830681,1.1292592138769137,0.7904814497138397,1.2421851352646052,0.0,3.6136294844061245,1.8820986897948562,0.0,5.589833108690724,0.5269876331425598,0.0,1.1292592138769137,1.166901187672811,0.0,1.8632777028969076,0.6399135545302511,0.0,0.0,4.178259091344581,0.0,0.0
1.07296581162359,0.9963253965076194,0.7472440473807147,0.843044566275678,2.107611415689195,0.22992124534791222,0.13412072645294879,0.30656166046388295,1.034645604065605,2.682414529058975,0.2107611415689195,0.9196849813916489,0.0,1.8776901703412827,0.0,0.0,4.560104699400258,0.0,0.364041971800861,0.0,0.0,0.0,2.6440943215009907,0.0,5.748031133697805,2.4908134912690487,0.0,0.0,0.0,0.0,0.5939632171487732,0.0,0.0,0.0,12.07086538076539,0.0,0.0,0.0,0.0
1.881870556620336,1.7014172155745504,0.7733714616247956,0.5155809744165304,0.7733714616247954,1.3920686309246322,1.0827200462747137,1.0311619488330608,1.6240800694120707,0.0,0.28356953592909173,0.0,0.0,0.0,1.546742923249591,0.8249295590664486,0.0,0.0,0.0,0.5155809744165303,0.0,0.0,0.0,0.0,0.0,0.0,0.0,0.7218133641831426,0.0,0.0,0.7991505103456221,0.0,0.0,0.8764876565081016,0.0,0.0,0.0,0.0,0.0
2.2532282044095395,1.2415747248787259,0.7587401096481103,0.2759054944174946,0.9196849813916488,0.0,0.3218897434870771,0.5518109888349892,0.20692912081312098,0.0,0.0,0.0,0.0,0.0,0.0,0.0,0.0,0.0,0.43685036616103323,0.0,0.0,0.0,0.0,0.0,0.0,0.0,0.0,0.0,0.0,0.0,2.8510234423141116,0.0,0.0,0.0,0.0,0.0,0.0,10.484408787864798,13.450392852852865
2.0086175461643996,0.590769866518941,0.35446191991136466,0.5513852087510116,0.29538493325947046,1.2996937063416705,0.4135389065632587,0.4726158932151528,0.1772309599556823,0.393846577679294,0.0,0.23630794660757642,0.0,0.0,0.0,0.0,0.3347695910273999,2.835695359290917,1.4966169951813173,1.1815397330378818,0.0,0.0,0.0,0.47261589321515285,0.0,0.0,0.0,0.0,0.0,0.590769866518941,0.0,0.0,0.0,0.0,0.0,0.0,0.0,14.217861454222515,19.200020661865587
0.9612526641664125,0.5767515984998476,1.0093152973747335,1.3457537298329776,0.2403131660416031,0.5767515984998476,0.5046576486873666,0.0,0.6488455483123285,0.0,2.6434448264576345,0.0,4.3736996219571775,0.0,9.372213475622523,1.53800426266626,0.0,0.0,0.0,0.0,0.0,0.0,1.1054405637913745,0.0,13.217224132288171,0.0,3.893073289873971,0.6728768649164888,0.0,0.0,0.0,0.0,0.0,0.0,0.0,0.0,0.0,0.0,0.0
0.7433376184549007,1.7344544430614346,1.6725096415235265,0.7433376184549007,0.7226893512755977,0.4955584123032671,0.4336136107653587,0.0,1.300840832296076,0.6194480153790838,1.3627856338339845,1.9822336492130683,0.2684274733309363,0.0,1.8583440461372516,0.0,1.0530616261444425,1.486675236909801,3.530853687660778,1.2388960307581676,4.769749718418946,0.9085237558893229,3.799281160991714,0.4955584123032671,1.0324133589651394,0.0,0.0,1.7344544430614348,0.0,0.0,0.0,0.0,0.0,0.702041084096295,0.0,0.0,0.0,0.0,0.0
1.6314959601399797,1.0099736896104636,1.748031385864264,1.0099736896104636,1.2624671120130793,0.11653542572428427,0.2719159933566633,0.621522270529516,0.874015692932132,0.9711285477023687,0.8545931219780846,0.9322834057942742,2.272440801623543,1.6314959601399797,0.5826771286214213,0.0,0.0,0.6992125543457055,1.1070865443807005,0.0,0.4078739900349949,0.4272965609890423,0.0,0.0,0.48556427385118434,0.0,0.0,0.0,0.0,0.0,0.0,0.0,1.2818896829671267,0.0,0.0,0.0,0.0,0.0,0.7574802672078478
1.3611337724596402,0.24305960222493575,0.5833430453398458,1.0694622497897173,0.3645894033374036,0.8750145680097688,0.34028344311491004,0.1944476817799486,0.0,1.9444768177994858,2.6736556244742933,7.583459589417997,1.2639099315696658,0.0,0.0,4.666744362718767,0.0,0.0,0.0,0.0,0.0,0.0,0.0,1.7500291360195377,0.0,0.0,0.0,2.7222675449192804,7.7536013109754505,0.0,0.0,0.0,0.0,3.305610590259126,0.0,0.0,0.0,0.0,0.9479324486772495
1.0633857597340939,1.1393418854293862,1.4811444510582024,0.6836051312576318,0.9494515711911552,0.6836051312576318,1.1963089797008557,1.3672102625152636,0.3418025656288159,0.18989031423823102,1.0443967283102709,0.0,0.24685740850970037,0.26584643993352347,0.28483547135734655,0.0,0.9684406026149782,4.443433353174607,1.4431663882105559,0.0,0.0,5.0131042958893,0.0,0.0,0.47472578559557754,0.0,0.0,0.0,1.65204573387261,0.0,2.354639896554065,0.6076490055623394,0.0,0.0,7.975393198005704,0.0,0.0,3.60791597052639,0.0
0.9767395126446492,1.0082472388589927,0.28356953592909173,1.0082472388589927,1.4178476796454584,2.8356953592909173,0.661662250501214,0.0,6.805668862298202,0.0,0.0,0.0,0.0,0.44110816700080935,0.0,0.0,0.0,0.0,0.0,0.0,0.661662250501214,0.0,0.0,0.0,7.089238398227292,0.0,3.4028344311491003,0.0,0.0,0.0,4.883697563223246,0.0,0.0,6.427576147726079,0.0,0.0,0.0,0.0,0.0
2.298498412344501,0.3698733077335979,0.15851713188582767,0.8454247033910808,1.1888784891437074,0.6340685275433107,2.5891131541351853,0.6340685275433107,0.7133270934862245,0.0,1.4530737089534203,0.31703426377165533,0.0,0.0,2.377756978287415,0.4227123516955404,0.8982637473530233,0.9511027913149659,0.0,0.0,0.0,0.5812294835813681,0.0,0.0,0.0,0.0,0.0,0.0,0.766166137448167,0.0,0.0,0.0,0.871844225372052,0.0,0.0,0.0,0.0,0.0,4.121445429031519
1.342229136731034,1.5123708582884892,0.9074225149730936,0.3780927145721223,1.512370858288489,1.3611337724596404,0.5293298004009712,0.1512370858288489,1.0208503293447302,0.0,0.0,1.3611337724596404,0.0,0.0,0.2835695359290917,0.6049483433153956,3.2137880738630393,0.0,0.0,0.0,0.3969973503007284,0.41590198602933454,4.782872839337347,0.0,0.0,0.49152052894375897,0.0,0.0,0.0,1.1342781437163667,0.0,0.0,0.0,0.6427576147726078,3.9699735030072842,0.6805668862298201,0.0,7.902137734557356,0.0
2.021745765420376,0.5251287702390587,1.3390783641095998,0.9452317864303056,0.13128219255976467,0.15753863107171762,0.18379506958367053,0.8402060323824939,0.23630794660757642,0.0,0.0,0.0,0.0,0.7351802783346821,0.0,0.0,0.0,0.0,0.0,0.0,0.0,0.0,0.0,0.0,0.0,0.0,0.0,0.0,0.0,0.0,3.255798375482164,0.8402060323824939,0.0,0.0,0.0,11.342781437163667,1.942976449884517,0.0,20.48002203932329
1.1064129292031033,2.5570432141582837,0.6638477575218622,2.261999766370789,1.1064129292031033,0.8851303433624828,0.0,0.1966956318583295,0.0,0.4917390796458237,0.0,0.0,1.2785216070791416,0.3442173557520766,0.0,0.0,0.41797821769895016,0.0,0.0,0.0,0.0,0.0,0.5654999415926973,0.0,0.0,0.0,1.327695515043724,2.753738846016613,1.4260433309728888,0.0,0.0,0.0,0.0,2.507869306193701,6.023803725661341,0.8851303433624828,0.0,0.0,0.0
1.4281969327815567,1.8007700456810933,1.210862616923494,0.8693372634322519,0.7761939852073677,0.1862865564497683,0.0,0.9935283010654308,0.27942983467465243,0.31047759408294706,0.0,0.7451462257990732,0.0,0.0,2.328581955622103,3.974113204261723,2.6390595497050504,0.0,0.0,0.0,0.652002947574189,0.0,0.0,6.706316032191659,0.0,0.0,0.0,0.0,0.0,0.0,0.0,0.0,0.0,0.0,0.0,0.0,0.0,0.0,0.0
0.929345537918872,1.3940183068783079,0.9114735083435092,0.6433930647130651,0.44680073938407305,2.144643549043551,1.876563105413107,1.2867861294261302,0.9650895970695978,0.5361608872608876,0.5897769759869764,1.9301791941391957,0.0,0.25020841405508093,0.2680804436304438,0.28595247320580675,0.3038245027811697,0.0,1.3582742477275822,0.0,5.254376695156699,0.0,0.0,0.0,0.0,0.0,0.0,1.5012504843304855,0.0,0.0,3.3241975010175038,1.7157148392348407,1.1795539519739526,0.0,0.0,0.0,0.0,10.187056857956867,0.0
1.595078639601141,1.595078639601141,1.3775679160191672,0.38668573081239777,0.7250357452732458,0.7250357452732459,1.3534000578433922,1.3534000578433922,0.0,0.0,0.0,0.0,0.6283643125701464,0.6767000289216961,0.0,0.0,0.0,0.43502144716394753,0.0,0.0,0.0,0.0,0.0,0.5800285962185967,0.0,1.2567286251402927,0.0,0.0,0.7008678870974709,0.0,2.9968144137960833,6.9603431546231604,3.1901572792022814,0.0,0.0,0.0,0.0,1.8367572213588896,0.0
1.7854378188127995,1.0502575404781174,0.866462470894447,1.4703605566693643,2.625643851195293,0.31507726214343523,0.0,0.42010301619124696,0.23630794660757642,0.26256438511952934,0.0,0.0,0.0,0.0,0.0,0.0,0.0,0.0,0.0,0.0,0.0,0.0,0.6038980857749175,3.780927145721223,0.0,0.0,0.0,0.0,0.0,0.0,0.0,0.0,0.0,0.0,8.270778131265175,0.0,0.0,0.0,7.168007713763152
1.2716778157644835,0.7893172649572656,0.657764387464388,2.104846039886042,0.43850959164292524,0.0,0.9208701424501432,0.5262115099715104,2.17062247863248,0.43850959164292524,0.48236055080721785,0.0,0.0,8.28783128205129,0.0,0.0,0.745466305792973,0.3946586324786328,0.0,0.0,0.0,0.0,0.5042860303893641,0.0,0.0,13.68149925925927,0.0,0.0,0.0,0.6577643874643879,0.0,0.0,0.0,0.0,0.0,0.0,0.0,0.0,0.0
0.9614172622253451,0.7574802672078477,0.3059054925262462,1.0488188315185583,0.8740156929321319,0.2622047078796396,1.835432955157477,1.9811022373128324,2.8842517866760353,0.43700784646606594,0.0,0.874015692932132,0.0,1.835432955157477,0.8740156929321319,2.563779365934254,4.705117813617977,1.835432955157477,1.9374014526662258,0.0,0.0,0.9614172622253452,3.0153541406158553,1.0488188315185585,0.0,4.166141469643162,0.7866141236389187,0.0,0.42244091825053043,0.43700784646606594,0.903149549363203,0.0,1.9228345244506901,0.0,1.0196849750874872,0.0,0.0,0.0,0.0
1.635978091898606,1.6723331606074638,0.7634564428860162,1.8904635728606112,0.2726630153164343,0.2181304122531475,0.1272427404810027,0.14542027483543166,0.0,0.0,0.19995287789871855,0.0,0.0,0.2544854809620054,0.0,0.2908405496708633,0.0,0.9815868551391635,0.0,0.7271013741771583,0.0,0.0,0.0,0.0,0.9088767177214477,0.0,0.0,0.0,0.0,0.0,0.0,0.0,0.5998586336961556,5.562325512455261,2.544854809620054,6.543912367594424,2.6902750844554855,1.3814926109366008,7.798162238050023
1.5534678924811112,0.7397466154671958,0.9986579308807144,0.22192398464015872,1.3870249040009919,0.4438479692803175,1.553467892481111,1.7753918771212698,0.8322149424005952,0.18493665386679892,0.0,0.4438479692803175,0.9616706001073545,0.5178226308270371,3.3288597696023805,1.7753918771212698,0.3143923115735582,0.0,0.0,0.36987330773359783,0.0,0.0,0.4253543038936376,1.77539187712127,3.6987330773359783,0.0,0.4993289654403571,0.5178226308270371,0.0,0.0,0.0,4.7343783389900524,3.051454788802182,0.0,0.0,0.0,0.0,0.0,0.0
1.3047678033547165,1.0960049548179618,1.3308631594218108,0.9394328184153958,0.39143034100641494,0.939432818415396,0.9133374623483015,0.0,0.0,0.0,0.0,0.0,0.0,0.0,0.0,1.2525770912205278,0.0,0.4697164092076979,6.941364713847092,1.043814242683773,9.864044593361657,0.0,0.0,0.0,0.0,0.6784792577444526,0.7045746138115468,0.0,0.0,0.0,0.0,0.0,4.305733751070564,6.210694743968451,0.0,0.0,0.0,0.0,0.0
2.063095725472134,1.935744137480027,0.611287622362114,0.7131688927557994,0.3820547639763211,1.0697533391336993,0.17829222318894988,0.2037625407873713,0.0,0.0,0.5603469871652711,0.0,0.993342386338435,0.35658444637789977,0.0,0.0,0.0,0.0,0.4839360343700069,1.0188127039368564,0.0,0.5603469871652711,0.0,0.0,0.0,0.0,0.0,0.0,0.0,0.0,0.0,0.0,0.0,0.0,0.0,0.0,0.0,0.9678720687400137,9.933423863384352
0.8831508852028915,0.6488455483123285,3.4605095909990857,0.43256369887488566,1.1715266844528152,0.3244227741561643,0.2523288243436833,2.3070063939993903,0.6488455483123285,0.0,0.0,0.0,0.0,0.7569864730310499,0.2703523117968035,0.5767515984998476,0.0,0.0,0.0,0.3604697490624047,0.0,0.7930334479372904,0.0,0.4325636988748857,0.0,0.0,0.9732683224684927,0.0,0.0,0.0,0.0,0.0,0.0,0.0,0.0,1.297691096624657,30.67597564521064,0.684892523218569,0.0
0.8704925288986071,1.7014172155745504,0.8309246866759432,1.0287638977892628,1.7805529000198779,0.7122211600079513,1.107899582234591,0.31654273778131164,0.5341658700059635,0.0,0.0,0.9496282133439351,0.2571909744473157,0.8309246866759431,0.0,0.0,0.0,0.0,0.0,0.0,0.0,0.0,0.9100603711212711,0.0,0.0,0.5143819488946314,0.0,5.539497911172954,0.0,0.0,0.0,0.0,0.6528693966739553,0.0,6.231935150069574,0.7122211600079512,1.4640101622385664,20.298303060226612,2.314718770025842
0.8729286087369428,1.523657207977209,0.7618286039886046,0.9522857549857557,0.3967857312440648,1.4284286324786337,0.5555000237416908,4.190057321937325,0.14284286324786336,2.3807143874643892,0.0,0.0,0.0,2.666400113960116,0.0,0.2539428679962015,0.0,2.856857264957267,0.0,0.6348571699905038,0.0,2.0950286609686626,0.0,0.0,0.0,0.8253143209876549,0.0,1.7776000759734107,0.0,4.7614287749287785,0.0,5.07885735992403,0.0,0.0,0.0,0.5713714529914534,0.0,1.2062286229819572,0.0
1.3666001731522492,0.751630095233737,1.2299401558370244,1.3666001731522492,0.0,0.7174650909049308,1.0761976363573962,1.2299401558370242,0.0,0.17082502164403113,0.0,4.919760623348098,0.22207252813724046,0.0,0.0,0.0,0.0,0.0,0.0,0.0,1.0761976363573964,0.0,0.0,0.0,5.551813203431012,0.0,0.0,7.1746509090493085,0.9907851255353806,0.0,0.0,2.1865602770435983,7.328393428528935,0.0,0.0,0.0,0.0,1.2982701644946366,0.0
1.533729461154943,0.6952906890569075,0.3067458922309887,0.5725923321645121,0.817989045949303,0.4907934275695819,3.1492578269048166,0.1635978091898606,0.7361901413543728,0.0,0.0,0.0,0.0,0.0,0.6134917844619773,2.6175649470377698,2.7811627562276304,0.0,0.0,0.817989045949303,0.0,0.44989397527211666,4.703437014208493,0.4907934275695819,0.0,0.0,0.0,0.0,0.0,0.0,0.0,0.6543912367594424,14.846501183979848,0.0,0.0,0.0,0.0,3.88544796825919,3.987696599002853
1.654155626253035,1.6804120647649878,0.7876931553585881,0.7351802783346821,0.13128219255976467,0.47261589321515285,0.5513852087510116,0.0,0.23630794660757642,1.8379506958367051,1.7329249417888937,0.31507726214343523,1.3653348026215526,0.36759013916734107,0.787693155358588,0.42010301619124696,0.0,0.0,0.0,0.0,0.0,0.0,0.0,0.0,3.2820548139941166,1.3653348026215526,0.0,2.2055408350040464,1.52287343369327,6.301545242868704,0.0,0.0,0.0,0.0,0.0,0.0,0.0,0.0,0.0
1.2556584616786348,1.0045267693429079,0.42378473081653933,1.192875538594703,1.8050090386630375,0.4708719231294881,1.3184413847625664,1.5067901540143618,2.1189236540826966,0.15695730770982932,1.208571269365686,0.0,1.224267000136669,0.6592206923812832,0.0,0.0,0.0,1.1300926155107713,0.8946566539460273,0.0,0.0,1.3812243078464983,0.0,0.3766975385035905,0.0,0.0,0.4237847308165392,0.0,0.0,0.0,8.271650116308008,0.0,0.0,0.0,6.5922069238128325,0.0,1.161484077052737,0.0,1.8364005002050034
2.3974515310368663,1.0827200462747137,1.1600571924371934,0.1546742923249591,0.5800285962185966,0.2320114384874387,0.27068001156867844,0.0,0.696034315462316,0.7733714616247954,0.0,0.4640228769748774,0.0,0.0,0.0,0.0,0.0,0.0,0.0,0.0,0.0,0.0,0.0,0.0,0.0,0.0,0.0,0.0,0.0,0.0,0.0,0.0,0.0,1.3147314847621523,0.0,0.0,5.722948816023487,7.3470288854355585,4.5242230505050545
1.106789260131404,1.5191225139058484,0.8463682577475443,1.041684009535439,0.5425437549663744,0.39063150357578963,0.4557367541717545,2.777824025427837,0.7812630071515791,0.21701750198654973,2.1484732696668427,0.0,1.6927365154950882,1.5191225139058484,2.604210023838597,0.0,1.4757190135085383,0.0,0.0,0.0,0.0,0.47743850437040947,0.0,0.0,1.6276312648991231,0.0,2.929736276818422,0.0,1.888052267282983,0.0,0.0,6.250104057212634,0.0,0.0,0.0,0.0,0.0,0.0,0.0
1.5012504843304857,1.5012504843304857,0.25020841405508093,0.0,1.459549081987972,4.879064074074078,0.4378647245963916,0.6672224374802158,0.18765631054131068,0.6255210351377022,0.0,0.25020841405508093,0.0,1.1676392655903776,0.0,0.0,0.0,0.0,0.0,0.0,0.0,0.0,0.0,0.0,0.0,0.0,0.0,0.0,0.0,0.0,0.0,8.673891687242804,0.0,7.089238398227292,0.0,0.0,0.0,0.0,0.0
1.8077557915479596,1.1165550477207986,1.3558168436609699,1.0633857597340939,1.0633857597340939,0.1595078639601141,0.37218501590693287,0.6380314558404563,0.7177853878205134,1.0633857597340939,1.1697243357075033,1.2760629116809128,0.691200743827161,0.0,0.0,0.0,0.4519389478869899,0.9570471837606845,0.0,0.5316928798670469,0.0,2.3394486714150067,0.0,1.2760629116809128,0.6646160998338086,0.0,0.0,0.0,0.0,0.0,0.0,1.7014172155745504,0.0,0.0,0.0,0.0,0.0,0.0,0.0
0.8313743212466552,1.4307372040058717,2.7841372618492644,1.1600571924371932,0.09667143270309943,0.5800285962185967,3.3835001446084805,0.4640228769748773,1.044051473193474,0.3866857308123977,0.0,0.0,0.0,0.0,0.0,0.0,0.0,0.348017157731158,0.0,0.0,0.4060200173530177,0.0,0.0,0.4640228769748774,0.0,0.0,0.0,2.7068001156867845,1.68208292903393,0.5800285962185966,4.1955401793145155,0.0,5.742283102564106,1.3147314847621523,0.0,0.0,3.5768430100146795,0.0,0.0
2.4812334393795528,1.8045334104578563,0.6767000289216962,0.5155809744165304,0.0,0.5800285962185967,0.22556667630723204,0.7733714616247955,0.0,0.9667143270309944,0.0,0.0,0.0,0.0,0.0,0.0,0.0,0.0,0.0,0.0,0.0,0.0,0.0,0.0,0.0,0.0,0.0,0.0,0.0,0.9667143270309945,1.9978762758640554,2.0623238976661216,0.0,0.0,0.0,0.0,0.0,0.0,1.256728625140293
0.9385041580571363,1.9072826437935348,1.5894022031612793,1.0293271410949236,0.3027432767926245,0.454114915188937,0.5298007343870931,0.3632919321511495,0.13623447455668106,0.605486553585249,2.497632033539153,0.726583864302299,0.7871325196608239,0.0,0.4541149151889369,0.0,0.2573317852737309,0.0,0.8628183388589802,0.0,0.0,0.33301760447188705,0.6963095366230366,0.0,2.2705745759446843,0.0,0.0,0.0,2.1948887567465283,0.0,3.754016632228545,0.0,1.998105626831322,1.0293271410949236,3.1788044063225582,2.724689491133622,2.8003753103317774,5.176910033153881,0.0
1.033003309455977,1.2152980111246787,1.0330033094559772,0.08101986740831192,0.8101986740831192,0.6076490055623394,0.28356953592909173,0.16203973481662384,0.0,0.0,0.6684139061185733,0.4861192044498716,0.0,0.28356953592909173,0.911473508343509,0.972238408899743,13.4290430229277,0.36458940333740364,1.924221850947408,0.0,2.552125823361825,0.4456092707457156,13.975927127933806,0.0,0.5063741713019495,0.0,0.0,0.0,0.0,0.0,0.0,0.0,0.0,0.0,0.0,0.0,0.0,0.0,0.0
1.6434143559526906,1.0150500433825442,1.595078639601141,0.5800285962185966,0.9667143270309944,0.14500714905464918,0.8458750361521201,0.9667143270309944,3.6976823008935535,0.2416785817577486,0.5316928798670469,0.0,0.0,0.33835001446084806,1.0875536179098686,0.7733714616247955,0.0,0.0,0.0,0.0,0.0,1.0633857597340939,0.0,0.0,0.0,2.5134572502805854,0.0,0.0,0.0,0.0,5.9936288275921665,0.0,0.0,0.0,0.0,0.0,0.0,0.0,0.0
1.546742923249591,1.2521252235830025,2.154391928811931,0.5155809744165304,0.9206803114580898,1.3257796484996498,1.0311619488330608,0.0,0.6628898242498248,0.0,0.8101986740831192,0.22096327474994162,0.2393768809791034,0.5155809744165304,0.5524081868748539,0.5892353993331776,0.0,0.0,0.0,0.36827212458323594,0.0,0.8101986740831192,0.4235129432707214,0.0,0.0,0.0,0.0,0.0,0.0,0.0,1.7124653793120475,2.3569415973327104,0.0,0.6260626117915011,1.288952436041326,0.0,4.769124013352906,0.0,0.0
1.2742681677826273,1.3640053626968969,0.6461078033827407,0.9332668271084031,0.8076347542284257,0.21536926779424687,0.376896218639932,1.722954142353975,0.32305390169137027,4.486859745713476,0.0,0.0,0.4666334135542015,1.2563207287997733,0.0,0.2871590237256625,0.6102129254170328,0.0,0.0,0.35894877965707805,0.0,0.3948436576227859,0.41279109660563984,0.0,0.0,1.3999002406626047,3.8766468202964433,0.0,0.0,9.691617050741108,1.1127412169369422,2.871590237256625,0.0,0.0,0.0,0.0,0.0,0.0,0.6999501203313023
1.5588901189819178,2.0933667312042896,1.2025723775003367,1.3361915305559295,0.7794450594909588,0.26723830611118593,0.3117780237963836,0.35631774148158124,0.6012861887501683,0.890794353703953,0.2449684472685871,0.26723830611118593,0.5790163299075695,0.6235560475927672,1.002143647916947,0.35631774148158124,0.37858760032418004,0.0,0.4231273180093777,0.0,0.0,0.4899368945371742,2.0488270135190922,0.0,0.0,0.0,0.0,0.0,0.0,0.0,0.0,0.0,0.0,0.7571752006483601,0.0,0.0,0.0,2.538763908056266,0.0
1.2521252235830025,1.5835701357079146,0.33144491212491245,0.5155809744165304,0.5524081868748539,0.0,0.1288952436041326,0.1473088498332944,0.1657224560624562,0.18413606229161797,0.0,0.8838530989997665,0.7181306429373102,0.0,7.733714616247956,0.0,1.2521252235830023,0.0,0.0,0.7365442491664719,0.0,3.645894033374036,4.235129432707214,0.8838530989997665,6.444762180206629,1.4362612858746204,2.9830042091242115,1.5467429232495913,0.0,0.0,0.0,0.0,0.0,0.0,0.0,0.0,2.7252137219159462,0.6997170367081484,2.872522571749241
0.9310330256899363,1.277888466633246,2.081132645659858,0.9492885752132684,2.464499185649831,0.4381331885599701,0.2555776933266492,0.29208879237331337,0.32859989141997753,0.18255549523332082,0.20081104475665293,0.21906659427998504,0.0,0.0,0.0,0.0,1.551721709483227,0.0,0.0,0.0,0.0,0.8032441790266117,5.0385316684396555,0.0,0.0,0.0,0.0,0.0,0.0,0.0,0.0,0.0,1.2048662685399174,1.2413773675865816,14.695717366282327,0.0,6.75455332363287,0.0,0.0
1.0633857597340939,1.0074180881691415,1.231288774428951,2.0894597384248863,0.37311781043301534,0.6716120587794278,0.5223649346062216,0.7462356208660308,1.0074180881691415,0.37311781043301534,0.6156443872144753,0.0,1.45515946068876,1.3059123365155538,1.6790301469485691,0.2984942483464123,0.31715013886806304,0.6716120587794278,0.0,0.0,0.3917737009546662,0.0,0.0,0.0,4.663972630412692,0.0,0.5037090440845707,0.5223649346062216,3.787145775895106,0.0,5.204993455540565,5.372896470235421,0.0,1.9029008332083783,0.0,0.0,1.3805358986021568,0.0,0.0
1.5340647025672174,1.255143847554996,1.394604275061107,0.7437889466992569,0.6973021375305534,1.5340647025672176,0.0,0.5578417100244427,0.627571923777498,0.4648680916870355,1.0227098017114784,2.789208550122214,1.2086570383862925,1.3016306567236997,0.0,0.37189447334962844,0.39513787793398025,1.673525130073328,0.0,0.0,0.4881114962713874,0.0,0.5345983054400909,1.1156834200488854,0.0,0.0,0.0,0.0,0.0,0.0,0.0,0.7437889466992569,0.0,0.7902757558679605,0.0,0.0,0.0,1.7664987484107353,0.9064927787897195
2.021020449439383,0.9400095113671548,1.1280114136405859,0.7520076090937238,0.5875059446044717,0.14100142670507324,3.619036618763546,0.0,0.6345064201728295,2.350023778417887,0.5170052312519351,1.1280114136405859,0.3055030911943253,0.0,0.0,0.0,0.7990080846620815,0.0,0.0,0.0,0.0,0.0,0.5405054690361141,0.0,0.0,0.0,0.0,0.0,0.0,0.0,0.0,0.0,0.0,0.0,0.0,0.0,0.0,0.0,0.0
1.9833936642231413,1.1948154603753864,1.6488453353180335,0.5735114209801855,1.4337785524504636,0.28675571049009274,1.5054674800729868,0.38234094732012364,0.0,0.7168892762252318,0.52571880256517,0.0,0.621304039395201,0.0,0.7168892762252318,0.38234094732012364,1.6249490261105255,0.0,0.0,0.0,0.0,0.0,0.0,0.0,0.0,0.0,0.0,0.0,0.0,0.0,0.0,0.0,0.0,0.0,0.0,0.0,0.0,0.0,1.8639121181856029
0.6860553288607057,1.4026020056707762,0.36589617539237645,0.914740438480941,3.8876468635439987,1.0976885261771294,0.4268788712911058,0.8537577425822116,1.0976885261771292,0.6098269589872939,0.5031072411645175,0.18294808769618823,0.0,1.2806366138733176,0.0,0.7317923507847528,1.8142352029871995,0.0,0.5793356110379293,0.0,1.9209549208099763,0.0,1.4026020056707762,0.0,0.0,0.3963875233417411,0.0,0.0,0.0,0.914740438480941,0.0,0.0,0.0,0.0,23.478337921010816,0.0,0.0,0.0,0.0
1.0025185613654757,1.288952436041326,0.8163365428261732,1.432169373379251,0.787693155358588,0.5155809744165305,1.1027704175020232,1.3748825984440811,1.5467429232495913,1.1457354987034007,1.7329249417888937,0.0,2.4203662410109343,0.0,0.0,0.6874412992220406,1.4608127608468362,0.0,0.0,0.0,0.9022667052289283,0.6301545242868705,0.9881968676316834,1.031161948833061,0.0,0.0,1.546742923249591,0.0,4.983949419359794,3.4372064961102025,0.8879450114951356,0.4582941994813603,0.4726158932151528,0.4869375869489453,0.0,0.0,0.5299026681503228,2.1768974475364615,0.0
1.4273634358846898,1.3131743610139146,1.8841197353677908,1.5986470481908526,0.0,0.6851344492246512,0.5994926430715697,0.4567562994831007,0.0,2.8547268717693792,0.3140199558946318,0.0,0.0,0.39966176204771314,0.4282090307654069,0.9135125989662014,2.4265178410039727,0.0,0.0,0.0,0.0,0.0,0.0,0.0,0.7136817179423448,2.226686959980116,0.0,0.7993235240954263,0.0,0.8564180615308138,1.7699306604970153,0.0,0.0,0.0,0.0,1.0277016738369766,2.112497885109341,0.0,0.0
0.6876028220836997,1.5031317506015762,1.1993072478204068,0.44774137251961843,0.7195843486922439,0.7675566386050603,1.4551594606887601,0.5117044257367068,0.719584348692244,0.31981526608544175,0.17589839634699297,3.2621157140715065,0.6236397688666114,4.029672352676566,0.2398614495640813,0.0,0.0,0.0,4.861192044498715,0.0,6.716120587794277,0.0,0.0,0.0,2.798383578247615,7.067917380488263,0.0,0.0,0.0,0.0,0.0,0.0,0.0,0.0,0.559676715649523,0.0,0.0,1.2152980111246787,0.0
1.009679408232372,2.7927302780895396,0.5155809744165305,1.546742923249591,0.8593016240275506,0.3866857308123978,0.0,0.3437206496110203,0.0,0.0,0.4726158932151529,0.5155809744165305,0.0,0.30075556840964274,0.9667143270309945,0.0,0.0,0.0,0.0,0.0,0.0,0.4726158932151529,0.0,0.0,0.0,0.0,0.0,0.0,0.0,0.0,0.0,0.0,0.0,2.191219141270254,0.0,2.320114384874387,0.0,26.122769370437542,0.0
2.4663400814000833,0.929345537918872,0.4289287098087102,0.14297623660290337,0.0,0.0,0.0,1.429762366029034,0.0,0.0,0.0,0.4289287098087102,1.858691075837744,2.0016673124406474,0.0,2.859524732058068,1.2152980111246787,0.0,0.0,0.0,0.0,0.0,0.0,0.0,1.787202957536292,8.364109841269848,0.0,0.0,0.0,0.0,0.0,0.0,0.0,0.0,0.0,0.0,0.0,0.0,0.0
2.017959953355862,0.5935176333399593,0.2967588166699797,1.5827136889065583,1.0881156611232587,1.1870352666799189,0.13848744777932387,0.0,0.0,0.0,0.0,0.0,1.2859548722365786,0.5539497911172955,0.890276450009939,0.0,0.0,0.0,0.0,0.0,0.41546234333797155,2.6114775866958215,0.45503018556063557,0.0,0.0,0.0,0.0,0.0,0.0,0.0,0.0,0.0,0.0,0.0,12.463870300139147,2.136663480023854,0.0,0.0,9.258875080103367
0.8777152302567124,1.4178476796454584,1.5697599310360435,0.6751655617359326,1.6879139043398312,0.3038245027811697,1.8904635728606114,0.6751655617359326,1.6710347652964332,0.0,0.37134105895476294,0.4050993370415596,0.8777152302567124,0.23630794660757642,3.038245027811697,2.7006622469437302,0.0,0.0,0.320703641824568,0.3375827808679663,0.0,0.0,0.0,2.025496685207798,0.0,0.0,0.0,0.0,0.0,0.0,7.325546344834869,0.0,0.0,0.0,5.316928798670469,0.0,0.0,0.641407283649136,0.0
1.3432241175588553,1.3112425909503111,1.055390378081958,1.4071871707759438,0.47972289912816257,0.38377831930253015,1.119353431299046,1.1513349579075902,1.0074180881691415,0.15990763304272088,0.7035935853879719,0.19188915965126507,0.20787992295553714,1.5670948038186647,3.118198844333057,0.0,0.0,1.7270024368613854,0.6076490055623394,0.0,1.6790301469485693,0.7035935853879719,0.735575111996516,0.38377831930253015,5.59676715649523,0.8315196918221486,0.0,0.0,0.0,0.0,0.0,0.0,0.0,0.0,0.0,0.0,0.0,0.0,0.0
0.8074522378997866,1.1535031969996952,1.6869984256120543,0.7497770780498018,0.2162818494374428,1.297691096624657,0.7065207081623133,0.3460509590999085,0.0,1.5860668958745807,0.9516401375247484,0.5190764386498627,0.9372213475622523,3.431672011074093,0.0,2.3070063939993903,0.0,0.0,1.0958280371497102,0.0,1.21117835684968,0.0,0.33163216913741234,2.42235671369936,0.7209394981248093,4.12377392927391,2.335843973924382,0.0,0.0,0.0,0.0,0.0,0.0,0.0,0.0,2.595382193249314,6.935437971960666,4.931226167173697,2.811664042686757
1.2459873548399485,0.9881968676316832,0.644476218020663,0.7733714616247955,0.537063515017219,0.25779048720826525,0.0,0.17186032480551014,1.1600571924371934,1.074127030034438,0.4726158932151529,0.5155809744165305,0.0,0.9022667052289282,0.3222381090103315,0.3437206496110203,6.573657423810762,2.7068001156867845,3.2653461713046927,0.4296508120137753,5.413600231373569,3.7809271457212232,7.905574941053467,0.0,0.0,0.0,0.0,0.0,0.0,0.0,0.0,0.0,0.0,0.0,0.0,0.0,0.0,0.0,0.0
1.12783338153616,1.7400857886557901,0.5316928798670469,0.9667143270309944,0.16111905450516573,0.8700428943278951,0.22556667630723204,0.7733714616247955,3.6251787263662294,1.772309599556823,0.0,0.0,0.20945477085671546,0.0,0.0,0.2577904872082652,0.27390239265878175,0.0,0.0,1.2889524360413258,0.0,0.0,0.0,0.0,0.0,0.0,3.915193024475527,0.0,7.008678870974709,3.3835001446084805,5.9936288275921665,3.093485846499182,1.5950786396011407,0.0,0.0,0.0,0.0,0.0,0.0
1.1172280766826557,1.3729790821883237,0.8076347542284259,1.1845309728683577,0.20190868855710642,0.4845808525370555,1.601808929219711,0.8614770711769875,0.3634356394027916,1.2114521313426385,0.29613274321708943,0.4845808525370555,0.0,0.9422405465998301,3.2305390169137027,0.21536926779424687,2.288298470313873,1.4537425576111664,1.2787550275283408,0.0,0.8480164919398471,0.5922654864341789,1.5479666122711495,0.6461078033827407,2.6921158474280853,0.6999501203313023,0.36343563940279155,0.0,0.0,4.038173771142129,0.8345559127027067,2.5844312135309626,1.3325973444769024,0.45765969406277457,0.0,0.0,0.0,0.5115020110113363,0.0
1.9252879018343596,0.9402568822911987,1.7461913528265125,0.8954827450392369,0.22387068625980922,0.5372896470235422,0.6268379215274659,0.5372896470235422,0.40296723526765665,0.8954827450392369,1.4775465293147412,0.0,0.582063784275504,0.31341896076373293,0.0,0.0,0.7611603332833514,0.0,0.0,0.0,0.0,0.0,0.5149025783975613,0.0,1.6790301469485691,0.582063784275504,1.8133525587044548,0.0,1.9476749704603404,1.3432241175588553,0.0,0.0,0.0,0.0,0.0,0.8059344705353133,0.8283215391612941,0.0,1.7461913528265123
0.8545931219780846,1.6314959601399797,0.4661417028971371,0.776902838161895,0.3884514190809475,0.5826771286214213,0.6797899833916582,1.55380567632379,0.34960627717285275,0.19422570954047375,4.700262170879465,0.6992125543457056,2.524934224026159,2.175327946853306,0.0,0.310761135264758,0.0,0.0,1.4761153925076007,0.0,1.2236219701049846,0.0,0.0,0.0,0.48556427385118434,2.0199473792209273,3.6708659103149537,3.2629919202799593,9.012072922677982,0.0,0.0,0.0,0.0,0.0,0.6797899833916582,0.0,1.4372702505995056,0.0,0.0
1.652805295129563,0.5347311248948586,0.5833430453398458,0.0972238408899743,0.3645894033374036,1.0208503293447302,3.0625509880341903,2.3333721813593833,0.6562609260073266,0.0,0.0,0.8750145680097688,1.5798874144620823,0.34028344311491004,0.36458940333740364,0.7777907271197944,1.2396039713471723,0.0,0.46181324422737796,8.264026475647814,0.0,0.0,0.0,0.0,0.0,0.6319549657848329,0.0,0.0,0.0,0.0,0.0,5.444535089838561,2.406290062026864,0.0,0.0,0.0,0.0,0.0,0.0
1.1096199232007935,0.5121322722465201,0.34142151483101346,3.3573115625049654,0.9246832693339946,1.5363968167395605,0.3983251006361823,0.3414215148310134,2.304595225109341,0.14225896451292225,0.0,0.17071075741550673,2.958986461868783,0.7966502012723646,0.0,0.0,0.0,0.25606613612326007,0.0,1.138071716103378,0.29874382547713674,0.0,0.0,1.0242645444930405,0.0,0.7397466154671958,8.066083287882691,0.0,0.0,0.0,3.5280223199204723,0.4552286864413512,0.0,0.0,0.0,7.681984083697802,0.0,0.0,1.1096199232007937
1.3708100788989268,1.2901741919048724,0.8466768134375725,1.4514459658929812,0.705564011197977,2.05621511834839,0.2822256044791908,0.16127177398810905,0.18143074573662268,0.0,0.44349737846729986,0.0,1.572399796384063,0.0,0.0,0.0,1.3708100788989268,0.0,3.830204632217589,0.8063588699405451,5.080060880625434,1.7739895138691995,0.9273127004316271,0.0,0.0,0.5241332654613544,0.544292237209868,0.0,0.0,0.0,0.0,0.0,0.0,4.797835276146244,0.0,0.0,0.0,0.0,0.0
1.6300073689354724,1.2108626169234937,0.3725731128995366,0.8072417446156624,0.46571639112442065,1.1177193386986097,1.304005895148378,0.2483820752663577,0.5588596693493049,0.15523879704147353,0.17076267674562093,0.0,0.0,0.21733431585806298,1.8628655644976826,2.9805849031962923,1.3195297748525252,0.0,0.0,0.0,0.0,0.0,6.426886197517006,1.1177193386986097,0.38809699260368385,0.0,0.0,0.0,0.0,0.0,2.40620135414284,0.0,0.0,0.0,0.0,0.0,0.0,1.7697222862727988,9.081469626926205
0.9831302306975586,0.5617887032557477,2.528049164650865,0.24076658710960616,0.4012776451826769,0.2407665871096062,0.0,0.0,3.250348925979683,0.0,0.2207027048504723,4.574565155082517,0.0,0.28089435162787385,1.5047911694350387,9.630663484384247,0.0,0.0,0.3812137629235431,0.0,0.0,0.0,0.0,3.3707322195344864,2.507985282391731,0.0,0.0,0.0,0.0,0.0,0.6219803500331492,0.0,0.0,0.0,0.0,0.0,7.423636435879524,0.0,0.0
0.9852839807705729,2.114755861166108,0.6488455483123285,0.5767515984998476,0.3604697490624047,0.5767515984998476,0.5046576486873666,0.384501065666565,0.0,0.4806263320832062,2.6434448264576345,7.497770780498019,0.0,0.0,3.2442277415616427,0.76900213133313,0.4085323822707253,0.0,0.0,0.0,0.0,0.0,0.0,0.0,0.0,0.6248142317081682,0.0,8.747399243914355,0.0,0.0,0.0,0.0,0.0,0.0,0.0,0.0,0.0,0.9131900309580919,0.0
1.5760896081773177,1.4811444510582021,0.5127038484432239,0.6076490055623394,0.7595612569529241,0.11393418854293864,0.13292321996676174,0.15191225139058484,1.0254076968864476,0.18989031423823102,1.0443967283102709,0.4557367541717546,7.6525796638007115,1.5950786396011407,0.0,0.0,0.6456270684099855,0.0,0.0,0.0,0.0,0.0,0.43674772274793144,0.4557367541717546,0.9494515711911551,0.0,7.690557726648357,0.0,0.0,0.0,0.0,0.0,0.0,0.6456270684099855,0.0,0.0,0.0,0.7215831941052779,0.0
2.2868510962023523,1.006214482329035,1.0976885261771294,1.6465327892656938,0.22868510962023525,0.5488442630885647,0.3201591534683294,0.7317923507847528,0.0,0.4573702192404705,0.5031072411645175,1.646532789265694,0.0,1.2806366138733176,0.6860553288607057,0.0,0.7775293727087998,0.0,0.0,0.0,0.0,0.0,0.0,0.0,0.0,0.0,0.0,0.0,0.0,0.0,0.0,0.0,0.0,0.0,0.0,0.0,0.0,0.0,0.0
1.2269835689239543,1.4723802827087453,1.9018245318321296,1.8813748056833968,0.6134917844619773,0.12269835689239547,0.4294442491233841,0.6543912367594424,0.5521426060157796,0.817989045949303,0.0,0.0,0.26584643993352347,1.1451846643290242,0.0,0.9815868551391637,0.0,0.3680950706771864,0.0,0.817989045949303,0.0,0.44989397527211666,0.0,0.0,0.0,0.5316928798670469,0.0,0.0,0.0,0.0,0.6339415106107099,3.271956183797212,0.0,0.0,0.0,2.2085704240631183,0.0,3.88544796825919,7.975393198005706
0.8991229187995591,1.2795210767532188,1.5561742825376985,0.9682862202456789,1.2103577753070986,0.4149798086767197,0.48414311012283956,1.1066128231379189,0.7780871412688491,0.5187247608458995,0.19019907897682983,0.6224697130150795,0.0,5.325574211351235,0.0,0.2766532057844797,2.3515522491680776,2.801113708567857,0.985577045607209,0.0,1.8155366629606482,4.945176053397575,0.0,0.0,0.0,3.5964916751982368,0.0,0.0,0.5014339354843695,0.0,0.5360155862074295,0.0,0.0,0.0,0.0,0.0,0.0,0.0,0.0
1.130688655919796,1.0050565830398186,1.6152695084568518,0.8614770711769875,0.9871091440569647,0.10768463389712343,0.25126414575995465,0.2871590237256625,0.9691617050741109,4.486859745713476,0.7896873152455718,1.0768463389712344,2.0998503609939068,0.753792437279864,2.422904262685277,1.14863609490265,0.3051064627085164,0.0,0.0,0.0,0.0,0.0,0.0,0.0,2.243429872856738,0.0,0.4845808525370554,2.010113166079637,0.0,6.461078033827405,0.0,0.0,0.0,0.0,0.0,0.0,0.0,0.0,0.0
0.9667143270309944,1.460812760846836,1.9978762758640556,0.7733714616247955,0.21482540600688765,0.12889524360413263,0.0,0.0,0.3866857308123978,0.0,0.9452317864303058,3.609066820915713,0.5585460556179079,0.6015111368192855,0.0,1.3748825984440811,0.0,2.320114384874387,0.0,0.0,0.0,4.726158932151528,0.4940984338158417,1.5467429232495913,0.0,0.0,0.0,0.6015111368192855,0.0,0.0,0.0,0.0,0.0,0.0,0.0,0.0,11.12795603115678,10.612375056740252,0.0
1.9126670040854843,2.4550651097216667,0.856418061530814,0.3425672246123255,0.4282090307654069,1.0277016738369766,0.39966176204771314,0.0,1.2846270922962209,0.0,0.0,0.6851344492246512,0.0,0.0,0.0,0.4567562994831007,0.0,0.0,0.0,0.0,0.0,0.0,0.0,0.0,0.0,0.0,0.0,0.0,0.0,0.0,2.654895990745523,0.0,0.0,0.0,0.0,0.0,0.0,0.0,4.4533739199602325
0.9850310195431606,1.4775465293147412,1.2760629116809128,0.7163861960313895,2.6864482351177106,0.13432241175588555,0.31341896076373293,1.7909654900784737,0.8059344705353133,0.44774137251961843,2.708835303743692,0.2686448235117711,0.0,0.31341896076373293,0.3358060293897138,2.865544784125558,0.0,0.0,0.0,0.0,0.47012844114559943,0.4925155097715803,0.0,8.596634352376675,0.0,0.0,0.0,0.0,0.0,0.0,0.0,0.0,0.0,0.0,0.0,0.0,2.4849646174838824,0.0,0.0
0.8800433873661466,0.42372459391703354,0.8800433873661467,1.7600867747322932,0.4074274941509938,1.1733911831548622,0.3422390950868348,0.6518839906415901,1.0267172852605044,4.889129929811926,1.6134128768379357,0.0,0.0,0.9126375868982262,1.4667389789435776,0.0,0.5541013920453516,0.0,3.096448955547553,0.0,5.133586426302522,0.0,0.0,0.3911303943849541,1.2222824824529814,0.42372459391703354,0.0,0.0,1.8904635728606112,15.645215775398162,0.0,0.0,0.0,0.0,0.0,0.0,0.0,0.0,0.0
1.8700921981530616,1.1733911831548622,0.22001084684153668,0.14667389789435778,0.6416983032878153,0.9900488107869152,1.4117362672331937,1.0267172852605044,0.4950244053934575,0.0,0.20167660960474196,0.0,0.23834508407833138,0.2566793213151261,0.8250406756557624,2.64013016209844,0.0,0.0,0.0,1.1000542342076831,0.7700379639453784,0.0,2.1084372822313933,0.8800433873661467,0.0,0.0,0.0,0.0,0.0,0.0,0.0,0.5866955915774311,0.0,0.0,0.0,1.32006508104922,4.070200666568428,1.393402029996399,12.155599287994901
1.0118560533152612,0.6370945520873866,0.8432133777627178,0.749523002455749,1.0305941283766549,0.3372853511050871,0.0,1.648950605402648,0.0,2.0611882567533097,0.206118825675331,2.4734259081039722,0.0,0.0,1.967497881446341,0.0,11.46770193757296,0.0,0.0,0.0,0.0,0.0,14.222198971597837,0.0,0.0,0.0,0.0,0.0,0.5434041767804181,2.810711259209059,0.0,0.0,0.0,0.0,0.6558326271487804,0.0,0.0,0.0,0.0
1.3570827790892246,0.972238408899743,0.5468841050061055,1.2963178785329907,0.6076490055623393,0.1215298011124679,0.0,0.6481589392664954,0.911473508343509,0.2025496685207798,0.6684139061185733,0.0,0.7899437072310411,1.134278143716367,0.6076490055623394,0.0,10.330033094559768,0.0,0.0,0.0,0.0,0.0,13.510062890336014,0.0,1.012748342603899,0.0,0.0,0.0,0.0,0.0,0.0,0.0,0.0,0.0,0.0,0.0,0.7494337735268852,0.0,2.3698311216931236
0.7913568444532791,1.2529816703843588,0.3956784222266396,0.32973201852219963,0.8243300463054991,2.176231322246518,1.5002806842760084,0.0,1.1870352666799189,2.3081241296553974,1.4508208814976784,5.341658700059635,0.0,0.0,1.2364950694582486,2.1102849185420776,1.4013610787193485,0.0,0.3132454175960897,0.9891960555665988,0.3462186194483096,1.813526101872098,0.7583836426010593,2.3740705333598378,0.41216502315274955,0.42865162407885954,0.0,3.692998607448636,0.4781114268571895,0.989196055566599,2.5554231435470474,0.5275712296355194,0.0,0.0,0.5770310324138493,0.0,0.0,0.6264908351921794,0.0
1.5263910426805174,1.9130767734929155,1.6485023260949592,1.546742923249591,0.10175940284536783,0.36633385024332427,0.28492632796702994,0.16281504455258852,0.1831669251216621,0.0,0.22387068625980924,0.0,0.0,0.5698526559340599,0.0,0.9768902673155313,0.0,0.3663338502433242,0.0,0.0,0.42738949195054493,0.0,0.46809325308869204,0.0,0.0,0.5291488947959128,0.0,0.0,0.0,0.0,0.0,0.0,0.0,2.0758918180455037,0.7123158199175749,0.0,9.036234972668664,5.413600231373569,0.0
0.85468388165544,1.2323348991310994,1.9677605647415943,0.6360438189063738,1.09320031374533,0.8348075123146158,0.27826917077153857,0.3180219094531869,0.0,0.19876369340824182,0.0,0.23851643208989023,0.0,0.0,0.0,0.0,0.0,7.155492962696706,5.6647652621348925,6.360438189063738,4.5914413177303866,5.247361505977585,0.0,0.0,0.0,0.0,0.0,0.0,0.0,0.0,0.0,0.0,0.0,0.0,0.6956729269288464,0.0,0.0,0.0,0.0
1.4396607208707732,0.47988690695692443,0.523512989407554,0.34900865960503596,0.32719561837972116,0.6543912367594424,0.7634564428860161,7.154677521903237,1.7668563392504946,0.0,0.0,0.0,0.0,0.0,0.0,0.0,0.0,0.0,0.0,0.0,0.0,0.0,0.0,0.0,0.0,0.0,0.0,0.610765154308813,0.0,0.6543912367594423,20.962332617527473,2.7920692768402877,0.0,0.0,0.0,0.0,0.0,0.0,5.104251646723651
2.1267715194681878,1.4048399027679774,1.7560498784599718,0.7804666126488763,0.5853499594866571,0.7024199513839887,1.3658165721355335,0.4682799675893258,0.0,0.0,0.0,0.0,1.0146065964435391,0.0,0.0,0.0,0.0,0.35120997569199436,0.0,0.3902333063244381,0.40974497164066004,0.0,0.0,0.0,0.0,0.0,0.0,0.5463266288542135,0.0,0.0,0.0,0.0,0.0,0.0,0.0,0.0,0.0,0.0,0.0
1.3304033293589543,0.749523002455749,1.1804987288678048,0.5996184019645993,1.0305941283766549,1.1242845036836238,0.1311665254297561,0.8994276029468988,0.5059280266576306,0.0,0.0,0.22485690073672474,0.0,0.0,0.8432133777627177,4.497138014734494,6.370945520873867,0.3372853511050871,0.0,0.0,0.0,0.0,7.7575630754170035,4.497138014734495,1.4053556296045293,0.0,0.0,0.0,0.0,0.0,0.0,0.0,0.0,0.6370945520873866,0.0,0.0,0.6933087772715678,0.0,2.1923547821830662
0.8885178792444874,1.7014172155745504,1.5312754940170954,1.2855152295452157,1.1342781437163667,0.5671390718581835,0.3969973503007284,0.1512370858288489,0.6805668862298201,1.1342781437163667,0.6238529790440018,1.134278143716367,0.24576026447187949,0.0,0.0,0.3024741716576978,0.9641364221589118,0.0,3.951068867278678,0.0,6.748954955112382,0.41590198602933454,0.0,0.0,0.4726158932151528,0.0,0.0,2.646649002004856,0.0,0.0,0.0,0.0,0.0,0.0,0.0,0.0,0.0,7.183761576870324,0.0
1.482663573572108,1.2152980111246787,0.7291788066748073,0.3888953635598972,0.3645894033374036,0.7291788066748073,0.17014172155745502,0.1944476817799486,1.0937682100122108,0.0,0.2673655624474293,0.2916715226699229,5.687594692063496,0.34028344311491004,0.0,0.0,0.0,0.0,0.0,11.666860906796915,0.0,0.0,0.0,2.3333721813593833,0.0,0.0,7.218870186080592,0.0,0.0,0.0,0.0,0.0,0.0,0.0,0.0,0.0,0.0,0.0,0.0
1.2624671120130795,0.776902838161895,0.7574802672078478,2.2530182306694955,0.19422570954047375,0.0,0.5438319867133266,2.486089082118064,0.0,0.0,0.0,2.7968502173828225,0.0,0.2719159933566633,0.0,4.350655893706612,0.0,0.34960627717285275,0.0,3.10761135264758,0.0,0.0,0.0,2.7968502173828225,0.0,0.0,0.0,1.6314959601399797,0.0,0.0,0.0,3.729133623177096,0.0,0.0,0.0,10.488188315185583,2.8745405011990113,0.0,0.0
1.2337116173538405,1.4362612858746204,0.6628898242498249,0.8101986740831191,0.8286122803122808,0.552408186874854,1.0311619488330608,0.1473088498332944,1.9886694727494745,0.5524081868748539,1.012748342603899,0.0,0.0,0.0,2.76204093437427,2.9461769966658875,0.9390939176872518,1.3257796484996496,0.6997170367081484,1.8413606229161796,0.7733714616247955,1.6203973481662384,0.0,3.0934858464991826,4.603401557290449,0.0,0.0,0.0,0.0,0.0,1.1416435862080316,0.0,0.0,0.0,0.0,0.0,0.0,0.0,0.0
1.0949714753697601,1.1370857628839817,0.8844000377986525,0.6738286002275446,1.0528571878555384,0.7580571752559878,0.44220001889932614,1.3476572004550893,0.37902858762799385,0.631714312713323,0.9265143253128739,1.010742900341317,0.0,0.0,3.7902858762799383,0.3369143001137723,0.0,0.37902858762799385,9.201971821857407,0.0,5.74860024569124,0.0,0.9686286128270954,0.0,2.632142969638846,1.0949714753697601,0.0,0.0,0.0,1.2634286254266462,0.0,0.0,0.0,0.0,0.0,0.0,0.0,0.0,0.0
1.2459873548399485,1.575386310717176,0.644476218020663,1.6613164731199312,2.6495133407516143,0.08593016240275507,0.20050371227309513,0.5728677493517004,2.1912191412702544,0.2864338746758502,0.0,0.17186032480551014,0.0,0.0,0.21482540600688765,0.0,0.24346879347447264,0.0,0.0,0.0,0.0,0.0,0.0,0.0,0.0,0.37236403707860527,0.0,0.8020148490923805,0.0,1.288952436041326,7.547532597708654,0.0,0.0,0.0,8.521407771606544,0.0,0.0,2.1768974475364615,0.0
1.0976885261771292,1.3721106577214115,0.27442213154428235,1.738006833113788,0.5717127740505881,0.5488442630885647,2.4011936510124703,1.4635847015695056,1.646532789265694,0.0,0.2515536205822588,0.823266394632847,0.5945812850126116,5.1225464554932705,0.0,0.0,0.0,0.4116331973164235,0.0,0.0,0.9604774604049882,0.0,1.0519515042530823,0.0,1.1434255481011761,6.540394135138729,0.0,0.6403183069366588,0.0,0.0,0.0,0.0,0.7546608617467763,2.332588118126399,0.0,0.0,0.0,0.0,0.0
1.1145647535180876,2.5475765794699146,0.6823865837865843,0.4549243891910562,2.388353043253045,0.13647731675731686,0.6368941448674786,0.18196975567642248,3.4801715773115802,0.0,0.7506252421652428,0.8188639005439013,0.591401705948373,0.0,0.0,0.0,0.38668573081239777,0.40943195027195056,0.4321781697315034,0.0,0.0,0.5004168281101619,0.0,0.0,0.0,0.0,0.0,0.0,0.0,0.0,0.0,0.0,0.0,0.0,3.1844707243373933,0.0,0.0,6.050494376241048,0.0
2.1383932217603636,0.6973021375305534,2.1616366263447158,0.836762565036664,0.3486510687652767,0.8367625650366642,0.16270383209046246,0.18594723667481422,0.0,0.0,0.0,0.0,0.3021642595965731,0.0,0.0,0.0,0.39513787793398025,0.0,0.0,0.0,0.0,0.0,0.0,0.0,0.0,1.2086570383862925,0.627571923777498,0.0,0.0,0.0,0.0,0.0,0.0,0.0,0.0,5.857337955256648,11.180077605073205,0.0,0.0
1.4853642358190517,1.260309048573741,1.9579801290342047,1.1702869736756165,1.575386310717176,0.5401324493887462,1.1027704175020232,0.9002207489812435,0.2025496685207798,0.0,0.7426821179095259,0.2700662246943731,0.0,0.31507726214343523,0.0,1.4403531983699895,1.1477814549510854,0.4050993370415596,0.0,0.0,0.0,0.0,0.0,1.0802648987774923,0.0,0.0,0.0,0.0,0.0,0.0,0.0,2.160529797554984,0.0,0.0,0.0,2.4305960222493574,0.0,0.0,0.8777152302567125
0.9237492458296169,1.6326730856523461,0.9022667052289283,0.6015111368192854,3.3297937931067585,0.0,1.203022273638571,0.3437206496110203,0.5800285962185967,0.0,0.4726158932151529,0.7733714616247956,0.27927302780895397,1.203022273638571,0.0,1.0311619488330608,0.0,0.0,0.0,0.4296508120137753,0.0,0.0,0.4940984338158417,2.062323897666122,0.0,0.0,0.5800285962185967,1.203022273638571,0.0,0.0,0.0,0.0,0.0,0.0,21.05288978867499,0.0,0.0,1.6326730856523464,0.0
1.1239932382681614,0.3967034958593511,0.7272897424088104,0.7934069917187022,2.3141037258462145,1.5868139834374044,0.15427358172308098,0.17631266482637828,0.0,2.203908310329728,0.48485982827254026,5.818317939270483,2.5785727230857822,0.0,0.0,0.0,0.0,3.173627966874809,0.0,0.0,0.462820745169243,0.9697196565450805,0.0,0.0,0.5509770775824321,0.0,0.0,11.724792210954154,0.0,0.0,0.0,0.7052506593055131,0.7272897424088103,0.0,1.5427358172308099,0.0,0.0,0.0,0.0
0.939736252788269,0.7913568444532791,1.3354146750149087,0.09891960555665989,0.3709485208374746,3.8578646167097363,0.1731093097241548,0.0,5.786796925064603,0.0,0.0,0.0,0.0,0.0,0.0,0.0,0.0,0.0,0.0,0.0,0.0,0.0,0.0,0.0,0.0,0.6429774361182893,0.0,0.0,0.0,0.7418970416749492,17.632419690474627,0.0,0.0,14.293883002937354,0.0,0.0,0.915006351399104,0.0,0.0
1.5139729460620996,1.7783174287078631,0.2883757992499238,0.48062633208320626,2.162818494374428,0.8651273977497714,0.841096081145611,0.0,0.21628184943744283,0.7209394981248094,1.0573779305830537,2.018630594749467,0.6248142317081682,0.3364384324582444,0.7209394981248094,0.0,0.0,0.0,0.0,0.0,0.5046576486873666,0.5286889652915269,0.0,0.0,0.0,0.0,0.0,0.6728768649164888,1.393816363041298,1.4418789962496188,0.0,0.76900213133313,0.0,0.8170647645414506,0.0,0.0,0.0,0.0,9.372213475622523
1.286565487085694,0.9452317864303056,1.1027704175020234,1.0502575404781174,0.5251287702390587,0.9452317864303057,0.7351802783346821,0.21005150809562348,1.4178476796454584,2.1005150809562347,0.28882082363148226,2.520618097147482,0.0,2.5731309741713875,0.0,0.0,2.678156728219199,0.0,1.995489326908423,0.0,1.1027704175020232,0.0,1.8116942573247525,0.0,0.0,7.5093414144185395,0.0,0.0,0.0,0.0,0.0,0.0,0.0,0.0,0.0,0.0,0.0,0.0,0.0
1.2013823850430985,1.0715032082816822,0.8279797518540274,1.0390334140913284,0.24352345642765508,0.0,0.22728855933247807,0.38963753028424813,0.5844562954263722,1.6234897095177006,0.8929193402347354,0.0,0.21105366223730107,0.22728855933247807,10.471508626389168,0.0,0.0,0.0,0.0,0.0,0.0,0.35716773609389413,0.0,0.3896375302842482,16.234897095177004,0.0,0.0,0.0,0.0,3.8963753028424812,0.0,0.0,0.0,0.0,0.0,0.0,0.0,0.0,0.0
1.287256445993903,0.559676715649523,1.399191789123808,0.97010630712584,0.09327945260825383,0.11193534312990462,0.2611824673031108,0.0,1.1753211028639985,4.2908548199796765,0.4104295914763169,4.477413725196185,0.24252657678146,0.0,0.0,0.0,0.0,0.0,0.0,0.0,0.3917737009546662,0.0,0.0,0.0,0.0,0.0,0.0,22.984057122673747,2.1640833005114892,0.0,0.0,0.0,0.0,0.0,0.0,0.0,0.0,0.0,0.0
1.3361915305559295,2.316065319630278,0.4008574591667789,1.158032659815139,1.002143647916947,0.8017149183335578,0.1558890118981918,0.7126354829631625,0.6012861887501683,0.0,0.9798737890743484,0.5344766122223719,0.0,0.0,0.0,1.0689532244447435,0.0,0.0,0.0,0.0,0.0,2.449684472685871,0.0,0.0,0.0,0.0,0.0,0.0,0.0,0.0,0.0,0.0,0.0,0.0,0.0,0.0,0.0,19.463856628431373,0.0
1.0175940284536784,1.0175940284536784,0.5495007753649864,1.221112834144414,0.9158346256083105,0.85477898390109,0.28492632796702994,0.16281504455258852,0.0,0.4070376113814713,0.0,0.0,2.91031892137752,0.0,1.5263910426805176,0.0,7.9575853025077645,0.0,2.7068001156867845,1.6281504455258853,0.8547789839010899,1.3432241175588555,14.510890845749454,0.0,0.0,0.0,0.0,0.0,0.0,0.0,0.0,0.0,2.014836176338283,0.0,0.0,0.0,0.0,0.0,0.0
1.5725219719704175,0.7733714616247955,0.2320114384874387,3.402834431149101,1.5467429232495908,0.4640228769748774,0.5413600231373569,0.0,0.0,0.0,0.0,0.0,0.33512763337074475,0.3609066820915713,0.0,0.0,0.0,0.0,0.0,0.0,0.0,0.0,0.0,0.0,0.0,0.6702552667414895,0.0,0.0,1.495184825807938,2.3201143848743864,3.1966020413824885,4.124647795332243,0.0,0.0,0.0,16.704823571095584,0.0,0.0,0.0
0.7333694894717889,1.885807258641743,1.8858072586417431,0.33525462375853204,1.6762731187926603,0.2514409678188991,2.3467823663097245,0.16762731187926602,0.0,0.0,1.3829253230039447,0.0,0.0,0.0,0.3143012097736238,1.3410184950341282,0.0,0.3771614517283486,1.5924594628530273,0.0,0.0,0.0,0.0,0.0,0.0,1.0895775272152293,0.0,0.0,0.0,0.6286024195472476,0.0,0.0,6.223163953517751,0.0,10.267172852605045,0.0,9.303315809299264,0.0,0.0
1.2152980111246787,1.4915021045621057,1.615793946608948,0.0,0.34525511679678367,0.2485836840936843,0.29001429810929835,0.3314449121249124,0.2485836840936843,1.7953266073432752,0.0,3.148726665186668,1.0771959644059652,0.5800285962185967,0.20715307007807024,0.2209632747499416,0.23477347942181295,0.0,0.0,0.0,0.0,0.0,1.588173537265205,5.966008418248423,2.416785817577486,0.7181306429373102,0.7457510522810529,6.9603431546231604,0.0,1.657224560624562,0.0,0.0,0.0,0.0,0.0,0.4971673681873686,1.5329327185777197,0.5247877775311113,3.231587893217896
2.210723026815616,0.6716120587794276,0.41975753673714233,1.3432241175588553,0.2798383578247615,0.0,0.0,0.0,0.0,0.0,0.30782219360723767,0.6716120587794278,0.36378986517219,0.3917737009546662,0.4197575367371423,0.8954827450392369,0.0,0.0,7.975393198005705,1.6790301469485691,7.051926617183991,0.0,0.0,0.0,2.0987876836857113,0.0,0.0,0.0,0.0,0.0,0.0,0.0,0.0,0.0,0.0,0.0,0.0,0.0,1.09136959551657
1.199717267392311,1.4723802827087453,0.9815868551391638,1.0906520612657373,1.2269835689239545,1.1451846643290244,0.0,1.7450432980251795,0.7361901413543728,1.9086411072150402,0.2999293168480778,0.3271956183797212,0.0,1.1451846643290242,0.0,2.6175649470377698,0.46352712603793833,0.4907934275695818,0.0,0.0,0.0,0.0,0.0,1.3087824735188849,0.0,1.4178476796454584,0.0,0.0,0.7907227444176596,6.543912367594424,0.8452553474809464,0.0,0.0,0.0,1.9086411072150402,0.0,0.0,0.0,0.0
1.6827203230957088,0.8881023927449576,0.8413601615478546,0.7478756991536485,1.1685557799275756,1.402266935913091,0.6543912367594424,0.37393784957682424,0.6310201211608909,1.4022669359130908,1.2854113579203332,0.0,0.0,2.6175649470377698,0.35056673397827276,0.7478756991536485,0.7946179303507515,0.0,0.4440511963724788,0.0,0.0,0.0,0.0,1.1218135487304728,0.0,5.468841050061054,0.0,0.0,0.0,0.0,0.0,0.0,0.0,4.767707582104509,0.0,0.0,0.0,0.0,0.0
1.919040347799202,1.5035780044612304,0.9496282133439351,0.15827136889065582,0.09891960555665989,1.068331740011927,0.5539497911172955,0.0,0.7122211600079512,1.5827136889065583,0.21762313222465177,0.0,0.2571909744473157,0.0,0.5935176333399593,0.31654273778131164,0.3363266588926436,0.3561105800039756,0.0,0.39567842222663957,0.0,0.0,0.45503018556063557,0.0,0.9891960555665988,0.5143819488946314,0.0,0.0,1.1474674244572547,9.49628213343935,0.0,0.0,0.0,0.0,0.0,0.0,0.0,3.007156008922461,1.5431458466838945
1.1540620648276987,0.7254104407488392,0.49459802778329953,1.9124457074287582,2.472990138916497,0.5935176333399594,0.0,0.2637856148177597,0.0,0.16486600926109982,1.088115661123259,0.1978392111133198,1.2859548722365786,3.4621861944830963,0.0,0.0,3.923811020414176,0.0,3.132454175960897,0.0,7.963028247311122,0.0,1.5167672852021186,0.0,0.0,0.0,0.4451382250049695,0.0,0.0,0.0,0.0,0.0,0.0,0.0,1.7310930972415481,2.9675881666997967,0.0,0.0,0.0
1.3087824735188849,1.6827203230957088,1.3321535891174365,0.4674223119710303,0.817989045949303,0.2804533871826182,0.6543912367594424,2.4305960222493574,0.21034004038696366,0.4674223119710303,0.0,2.804533871826182,0.6076490055623394,0.0,0.0,0.0,2.7811627562276304,0.0,0.0,0.9348446239420606,0.9815868551391637,0.0,0.0,0.0,0.0,0.0,0.0,6.543912367594424,0.0,0.0,0.0,2.991502796614594,0.0,0.0,0.0,0.0,0.0,0.0,0.0
0.9780874367607708,1.6377278010878022,0.9553412173012181,2.274621945955281,0.7961176810843482,1.3647731675731687,0.15922353621686966,0.7278790227056899,3.889603527583531,0.22746219459552808,0.0,0.0,0.0,0.0,0.0,0.0,0.0,0.0,0.0,0.0,0.0,0.0,0.0,0.0,0.0,0.0,0.0,0.0,0.0,0.0,11.987257655184333,0.0,0.0,0.0,3.9805884054217415,4.094319502719506,0.0,0.0,0.0
1.2683291970646646,0.49495773543986915,1.43847091862212,0.6186971692998364,1.2373943385996728,1.2992640555296566,0.32481601388241416,2.8460069787792475,0.27841372618492644,0.7733714616247954,0.0,0.9280457539497547,4.42368476049383,0.0,0.9280457539497546,0.0,0.525892593904861,1.1136549047397057,2.9388115541742232,0.0,1.2992640555296566,1.7014172155745502,0.0,0.0,0.0,0.8043063200897874,2.505723535664338,0.43308801850988554,0.0,0.4640228769748773,0.0,1.9798309417594766,0.0,0.0,1.6240800694120707,0.0,0.0,0.0,0.0
0.6503350927299417,1.6170494197609362,0.4745688514515792,0.7733714616247955,0.43941560319590656,2.1091948953403516,0.8612545822639769,0.7030649651134505,3.6383611944621066,0.7030649651134505,2.9001429810929835,0.0,0.0,0.0,0.7909480857526319,0.0,0.5976052203464329,0.0,0.0,0.7030649651134505,0.0,0.3866857308123978,4.04262354940234,0.0,4.394156031959065,0.0,0.47456885145157907,0.0,6.626387296194271,0.5272987238350879,0.0,1.1249039441815207,0.0,1.7928156610392987,0.0,0.0,0.0,8.014940602293336,0.0
1.0779526879496295,1.281889682967127,1.311023539398198,0.6992125543457055,0.8740156929321319,0.3496062771728528,0.20393699501749746,0.5826771286214213,2.490944724856576,1.0196849750874872,1.7625983140797994,0.3496062771728528,0.37874013360392383,0.0,3.7145666949615608,0.2330708514485685,0.0,0.7866141236389187,0.8303149082855253,0.0,0.0,0.0,1.0051180468719518,0.0,3.2775588484954943,0.37874013360392383,1.179921185458378,3.670865910314954,5.069291019006365,0.43700784646606594,0.903149549363203,0.0,0.0,0.0,0.0,0.5244094157592791,0.0,1.6606298165710507,0.0
1.2253004638911371,1.0852661251607214,1.8904635728606114,1.4703605566693643,0.7001716936520783,0.9452317864303057,3.1857812061169564,0.0,0.15753863107171764,0.0,0.3850944315086431,1.260309048573741,0.0,0.7351802783346821,0.787693155358588,0.0,0.0,0.3150772621434353,0.33258155448473725,0.0,0.0,0.0,0.40259872384994505,0.0,0.0,0.0,0.0,0.0,0.0,0.0,0.0,0.0,12.130474592522255,0.0,0.6126502319455686,0.0,1.295317633256345,0.0,0.0
1.9476749704603402,1.0298051567951225,0.9402568822911989,1.7909654900784737,0.7835474019093321,0.13432241175588555,0.15670948038186647,0.35819309801569477,0.20148361763382833,0.44774137251961843,0.7387732646573706,0.0,0.291031892137752,0.0,0.6716120587794276,0.0,0.0,0.0,0.0,0.0,0.0,0.0,0.0,0.0,1.119353431299046,0.0,0.0,0.0,0.0,0.0,0.0,0.0,0.0,0.0,0.7835474019093324,13.700885999100326,0.0,2.5521258233618256,2.6192870292397683
0.989599809058667,1.0764068098532869,0.9375156085818952,1.041684009535439,1.2152980111246785,2.39587322193151,0.6076490055623394,0.41667360381417556,0.7812630071515791,0.5208420047677194,0.0,0.0,1.8055856165280944,0.48611920444987156,3.906315035757896,0.0,0.0,0.6250104057212634,4.288265839254223,1.0416840095354387,2.552125823361825,0.0,0.0,0.4166736038141757,3.0382450278116964,0.4513964041320236,1.4062734128728425,0.0,0.0,2.083368019070878,1.076406809853287,0.0,0.0,0.0,1.822947016687018,0.0,0.0,0.0,0.0
1.2760629116809126,1.5879894012029137,1.1909920509021854,0.6805668862298201,0.5671390718581834,0.6805668862298202,0.1984986751503642,0.2268556287432734,0.0,0.0,0.9357794685660027,0.0,0.0,0.7939947006014568,0.0,0.0,1.4462046332383676,10.718928458119668,5.3878211826527425,0.0,0.0,3.1192648952200086,0.0,0.0,0.0,0.0,0.0,0.0,0.822351654194366,0.0,0.0,0.0,0.0,0.0,0.0,0.0,1.0492072829376393,0.0,1.1059211901234578
1.2864374068978306,0.6224697130150794,1.7429151964422225,2.074899043383598,0.4149798086767195,0.0,3.3405874598475926,0.49797577041206353,0.0,1.659919234706878,0.0,0.0,0.0,0.0,0.0,0.0,0.0,0.0,0.0,0.0,0.0,0.0,0.0,0.0,0.0,0.0,0.0,0.0,0.0,11.826924547286508,0.0,0.0,6.162450158849285,0.0,0.0,4.481781933708572,2.3031379381557935,0.0,0.0
1.1761690978877097,0.9022667052289282,1.0633857597340939,0.7089238398227292,0.6444762180206629,0.1933428654061989,1.8045334104578563,0.644476218020663,0.29001429810929835,1.6111905450516573,0.0,0.1933428654061989,1.2567286251402927,0.0,3.866857308123978,2.0623238976661216,1.095609570635127,1.1600571924371934,0.0,0.0,0.0,0.7089238398227293,8.152624157961387,3.0934858464991826,6.041964543943714,0.0,0.0,0.0,0.0,0.0,0.0,0.0,0.0,0.0,0.0,0.0,0.0,0.6122524071196298,0.0
1.3071863973316666,0.954453559956455,2.178643995552778,0.8299596173534391,0.9337045695226189,1.7429151964422225,0.14524293303685185,2.1578950051189416,0.0,0.20748990433835976,0.0,0.0,0.2697368756398677,0.2904858660737037,0.0,0.0,0.0,0.0,0.0,0.0,2.1786439955527777,1.8259111581775662,0.47722677997822754,0.0,0.0,5.394737512797355,3.3613364502814287,0.0,0.0,0.0,0.0,0.0,0.0,0.0,0.0,0.0,6.141701168415449,0.0,0.0
1.3292321996676173,0.9382815527065534,2.62718834757835,0.9382815527065534,0.5473309057454895,0.6567970868945875,2.7366545287274477,0.0,0.140742232905983,0.15638025878442555,0.17201828466286814,0.1876563105413107,0.0,0.0,0.0,0.0,0.0,0.281484465811966,0.0,0.0,0.0,0.3440365693257363,0.0,0.0,0.0,0.0,0.0,1.313594173789175,0.0,5.160548539886044,0.0,0.0,0.0,0.0,0.0,0.0,10.993532192545118,0.0,4.879064074074078
1.4044717581393693,1.0031941129566924,2.2872825775412586,0.24076658710960616,0.5015970564783462,0.6019164677740155,0.7022358790696848,1.1235774065114954,0.36114988066440923,1.2038329355480308,0.0,0.2407665871096062,2.08664375494992,0.0,0.0,0.9630663484384246,0.0,0.0,0.0,0.0,0.0,0.0,0.0,0.0,0.0,0.0,4.875523388969524,1.1235774065114954,0.0,0.0,0.6219803500331492,0.0,0.0,0.0,0.0,0.0,13.36254558458314,0.0,3.1299656324248804
1.2323348991310994,0.8348075123146157,1.192582160449451,2.146647888809012,0.2981455401123627,0.8348075123146158,1.94788419540077,0.4770328641797804,0.17888732406741767,1.7888732406741763,2.18640062749066,0.47703286417978047,0.25839280143071436,0.0,0.0,0.3180219094531869,0.0,0.0,0.0,0.0,0.0,0.0,0.45715649483895626,1.4310985925393414,0.0,0.0,1.073323944404506,0.0,3.458488265303408,0.5962910802247255,0.0,0.6360438189063738,9.182882635460771,1.3515931151760445,0.0,1.4310985925393414,0.0,0.755302034951319,0.0
1.608482661782663,0.9650895970695978,0.05361608872608877,0.714881183014517,0.3574405915072584,0.5361608872608877,2.1267715194681878,1.143809892823227,0.0,4.289287098087101,0.7863693013159686,1.0723217745217755,0.0,2.0016673124406474,0.2680804436304438,0.0,0.0,0.0,0.33956856193189555,0.0,0.0,0.3931846506579843,0.41105668023334724,0.0,0.0,3.252709382716052,0.0,0.0,0.0,9.650895970695977,0.0,0.0,3.5386618559218586,0.0,0.0,0.0,0.0,0.0,0.0
1.2980295658726029,0.8387267964099895,1.0184539670692732,0.23963622754571132,1.3978779940166493,0.718908682637134,0.8387267964099896,2.0768473053961647,0.7189086826371339,0.5990905688642783,0.6589996257507061,0.0,2.5960591317452058,0.2795755988033299,0.0,0.0,0.6789693113795153,1.7972717065928348,5.691360404210644,1.5975748503047418,3.774270583844953,0.4393330838338041,0.0,0.9585449101828454,0.0,0.0,4.852633607800653,0.0,0.0,0.0,0.0,0.0,0.0,0.0,0.0,0.0,0.0,0.0,0.0
0.8566163064524646,1.565540146275194,1.4621554196343791,1.4178476796454584,0.812308566463544,0.35446191991136466,0.4135389065632587,3.0720033058984932,0.0,0.14769246662973523,0.9747702797562527,0.17723095995568233,0.9600010330932792,0.0,0.0,0.0,0.0,0.5316928798670469,0.0,0.0,0.0,0.0,0.0,0.0,0.0,0.0,8.37416285790599,0.0,0.4283081532262322,1.772309599556823,0.0,2.835695359290917,1.9495405595125053,0.0,5.6861599652448085,0.0,0.0,1.683694119578982,5.760006198559676
1.3185983420702765,0.8081731773979114,1.0208503293447302,1.0208503293447302,0.5316928798670469,0.5104251646723651,1.042118044539412,0.5104251646723651,0.9570471837606845,0.8507086077872751,0.46788973428300135,0.5104251646723651,0.0,0.0,0.9570471837606844,1.3611337724596402,5.78481853295347,1.5312754940170952,4.444952475688512,1.7014172155745502,1.7864880763532778,1.4036692028490039,2.445787247388416,0.0,0.0,0.0,0.0,0.0,0.0,0.0,0.0,0.6805668862298201,0.0,0.0,0.0,2.296913241025643,0.7869054622032294,0.0,0.0
1.463218805394113,0.9187652964102571,0.4593826482051286,0.47639682036087405,0.2552125823361825,3.36880608683761,0.8336944356315297,0.0,0.30625509880341906,0.510425164672365,0.0,0.20417006586894607,0.6635527140740746,0.0,4.083401317378921,0.0,0.0,0.30625509880341906,0.0,0.0,0.35729761527065557,0.0,0.0,4.900081580854705,0.42535430389363754,0.0,0.0,0.0,0.0,0.0,0.0,0.0,12.352288985071233,1.1569637065906941,0.0,0.0,0.0,0.0,9.289737997037046
1.7244093401093414,0.843044566275678,0.7472440473807147,1.4561678872034438,0.479002594474817,0.0,0.5364829058117951,0.15328083023194147,1.034645604065605,0.5748031133697805,5.4797896807919075,0.9196849813916489,0.0,0.0,0.0,0.0,0.0,0.3448818680218683,0.364041971800861,0.0,0.0,0.0,0.0,0.0,0.0,0.0,0.0,0.5364829058117951,6.667716115089454,1.149606226739561,0.5939632171487732,0.0,0.0,0.0,0.0,6.897637360437366,0.0,0.0,0.7472440473807147
1.894760080980749,0.9667143270309944,0.34801715773115804,1.4694057770871116,0.7733714616247954,2.6681315426055447,0.4060200173530177,0.3093485846499182,0.174008578865579,0.9667143270309944,0.0,0.4640228769748774,0.0,0.0,0.0,0.0,0.3286828711905381,0.0,0.0,0.7733714616247954,0.0,0.42535430389363754,0.0,0.0,0.0,0.0,1.566077209790211,0.0,0.0,0.0,0.0,0.0,0.6380314558404563,9.203120393335066,0.0,0.0,0.0,2.9388115541742232,1.5080743501683513
1.1249039441815207,1.7576624127836262,0.8436779581361408,0.49214547557941535,0.2636493619175439,1.1600571924371934,0.8612545822639769,0.8436779581361407,0.9491377029031582,0.0,2.7068001156867845,2.1091948953403516,0.22849611366187142,0.7382182133691231,0.0,1.406129930226901,0.0,0.31637923430105275,0.0,0.0,0.0,0.0,0.4042623549402341,2.9528728534764928,0.0,2.284961136618714,0.0,2.460727377897077,4.077776797658013,0.0,2.724376739814621,3.937163804635323,0.0,0.0,0.0,0.0,0.0,0.0,0.0
0.94267710592644,1.7474014646441327,2.2762203289443312,1.0116534795308136,0.5748031133697805,0.0,0.48283461523061566,1.1036219776699785,0.0,0.4598424906958244,0.0,0.0,4.184566665332002,0.3218897434870771,0.0,1.1036219776699785,1.1725983512743523,1.6554329665049679,0.0,1.8393699627832976,0.0,0.5058267397654068,0.0,0.5518109888349894,0.5748031133697805,0.0,6.828660986832992,0.0,0.0,0.0,0.0,0.0,0.0,0.0,0.0,0.0,1.7014172155745502,0.8737007323220665,0.0
1.153795075339017,1.3776657615988261,0.3099747963597359,0.6888328807994131,0.5166246605995597,0.41329972847964785,1.32600329553887,1.7909654900784737,3.4097227599570945,2.0664986423982388,0.0,0.0,0.22387068625980924,2.893098099357535,1.5498739817986793,1.1021326092790609,0.0,0.0,0.0,0.3444164403997065,0.0,0.0,0.0,3.306397827837183,0.0,0.0,0.0,0.0,0.0,1.0332493211991196,8.541527721912722,3.306397827837183,0.0,0.0,0.0,0.0,0.0,0.0,0.0
2.0292131928870782,1.3267932415030896,0.643884955435323,0.624373290119101,0.4877916329055476,0.0,0.0,0.0,0.0,0.7804666126488762,0.429256636956882,0.46827996758932583,0.0,0.0,0.0,0.0,0.0,0.0,0.7414432820164325,0.0,1.2292349149219801,0.0,0.0,0.0,0.0,0.0,0.0,0.0,0.0,0.0,0.0,0.0,0.0,0.0,0.0,0.0,0.0,0.0,32.721062735304145
1.0439098300686342,0.9036831364773252,0.4206800807739273,0.6232297492947071,0.23371115598551515,3.8328629581624485,1.0906520612657373,0.49858379943576564,0.9815868551391635,2.9603413091498583,0.0,0.0,0.0,1.3087824735188849,2.103400403869636,0.7478756991536485,0.5297452869005009,0.0,0.0,0.0,0.0,0.0,0.0,7.85269484111331,3.895185933091919,0.0,0.0,0.0,0.0,1.8696892478841212,0.9660061114067959,0.0,0.0,3.7082170083035066,0.0,5.048160969287127,0.0,0.0,0.6076490055623395
0.972238408899743,1.3773377459413025,0.36458940333740364,0.5671390718581834,0.9114735083435089,1.5798874144620827,0.7089238398227292,1.1342781437163667,0.36458940333740364,1.8229470166870179,0.4456092707457156,0.4861192044498716,0.2633145690770137,0.0,1.822947016687018,0.0,6.5423542932211864,3.2813046300366326,0.0,1.2152980111246785,0.0,3.564874165965725,1.8634569503911744,0.0,4.557367541717545,0.0,0.5468841050061054,0.0,0.0,3.645894033374036,0.0,0.0,0.0,0.0,0.0,0.0,0.0,0.0,0.0
1.4325404017143233,0.5730161606857294,1.388462235507729,0.5289379944791348,1.8733220637802688,1.0578759889582698,0.9256414903384859,0.8815633241318912,0.7934069917187022,0.22039083103297283,0.0,0.5289379944791349,2.8650808034286466,0.0,0.0,0.0,0.7493288255121077,2.3802209751561065,0.0,0.0,0.0,1.4545794848176206,0.0,0.0,0.0,0.0,5.9505524378902654,0.0,0.0,2.644689972395674,0.0,1.4105013186110262,0.7272897424088103,0.0,0.0,0.0,4.892676448931996,0.0,0.8595242410285941
1.2333693570150084,1.0119953698584685,1.9449286014467444,0.44274797431308,0.7906213827019285,1.517993054787703,0.0,0.12649942123230856,2.134677733295207,0.3162485530807714,0.0,1.3282439229392402,0.2055615595025014,0.22137398715654,0.23718641481057856,0.2529988424646171,0.0,0.0,2.10305287798713,0.0,0.0,0.34787340838884856,0.0,0.0,2.3718641481057854,2.87786183303502,0.0,5.31297569175696,0.0,0.0,4.901852572751958,0.0,0.0,1.0752450804746227,0.0,0.0,5.265538408794844,1.2017445017069315,0.0
1.9763937352633665,1.288952436041326,0.7733714616247956,0.0,0.4296508120137753,0.25779048720826525,0.0,0.3437206496110203,0.0,0.21482540600688765,0.0,0.0,0.0,0.0,0.0,0.0,0.0,0.0,0.0,0.0,0.0,0.0,0.0,0.5155809744165305,0.0,0.0,0.0,0.0,1.2459873548399485,0.0,0.6659587586213518,0.0,0.0,2.9216255216936724,0.0,0.0,11.12795603115678,11.428711599566423,15.918562585110376
1.5640830905505956,1.2970445141151279,0.7438931772130882,0.534077152870935,0.7629673612441928,0.8011157293064026,1.06815430574187,0.3051869444976772,2.403347187919208,0.5722255209331447,0.4196320486843061,0.0,0.0,0.2670385764354675,0.28611276046657236,0.6103738889953544,0.0,0.0,0.0,0.0,0.0,0.0,0.8774124654308219,7.782267084690768,0.0,0.0,0.0,0.0,0.5531513369020399,2.8611276046657235,8.278195869499493,0.0,0.0,0.0,0.0,0.0,0.0,0.0,0.0
1.1744857644824322,1.2697143399810076,1.0475143304843315,1.1427429059829068,1.1110000474833814,0.0,0.0,0.507885735992403,2.5711715384615403,0.3174285849952519,3.142542991452994,0.3809143019943023,0.0,0.0,0.0,0.0,0.0,0.0,0.0,0.0,0.0,0.0,0.0,0.0,0.0,0.0,0.0,0.0,13.808143447293459,0.0,0.0,0.0,0.0,0.0,14.443000617283962,0.0,0.0,0.0,0.0
2.1355236656388388,1.1202747098433254,1.1552832945259293,0.6301545242868705,1.4003433873041566,0.42010301619124707,0.49012018555645487,1.260309048573741,0.47261589321515285,0.5251287702390587,0.19254721575432154,0.42010301619124707,0.0,0.0,0.2625643851195294,0.0,0.29757296980213327,0.3150772621434353,0.0,0.0,0.0,0.0,0.0,0.0,0.0,0.0,0.0,0.0,0.0,2.6256438511952935,0.0,1.1202747098433254,0.5776416472629646,0.0,0.0,1.2603090485737412,0.0,0.6651631089694745,1.3653348026215528
1.2808066399771243,0.7273716720857742,1.1384947910907772,1.2017445017069315,2.2137398715653998,0.7589965273938515,1.54961791009578,0.0,0.42693554665904143,0.3162485530807714,0.5218101125832728,1.1384947910907772,0.8222462380100056,0.0,0.0,0.0,0.0,0.0,0.0,0.0,0.0,3.4787340838884857,0.0,0.37949826369692574,0.0,0.0,0.0,2.2137398715654,0.0,0.0,0.0,0.0,6.261721350999273,0.0,13.282439229392399,1.138494791090777,0.0,0.0,0.0
1.2086570383862925,0.9297361833740712,1.255143847554996,0.4648680916870356,1.3946042750611067,2.789208550122214,0.0,0.37189447334962844,2.09190641259166,0.929736183374071,1.2783872521393478,0.0,0.3021642595965731,0.0,3.13785961888749,0.7437889466992569,1.1854136338019408,0.836762565036664,0.4416246871026838,0.0,0.0,3.579484305990174,1.603794916320273,2.231366840097771,1.7432553438263834,0.0,0.0,0.0,0.0,0.0,0.0,0.0,0.0,0.0,0.0,0.0,0.0,0.0,0.0
1.4374041993647062,1.056052064839376,0.7920390486295321,1.7600867747322932,1.9067606726266508,0.3520173549464587,0.4106869141042018,0.4693564732619449,0.0,0.0,0.0,0.0,0.0,6.570990625667228,0.4400216936830733,0.0,0.0,0.0,0.0,4.106869141042018,0.0,0.0,0.0,0.0,0.0,6.101634152405284,0.0,0.0,0.0,0.0,0.0,0.0,0.0,0.0,0.0,0.0,0.0,0.0,3.4321692107279724
1.3481174658924033,1.0227098017114782,1.603794916320273,0.5578417100244427,1.5108212979828655,1.394604275061107,0.4881114962713874,0.5578417100244427,0.0,1.1621702292175888,0.5113549008557392,0.0,0.6043285191931462,2.6032613134473994,0.0,2.9751557867970275,0.0,0.0,0.4416246871026838,0.0,0.0,0.0,0.0,3.347050260146657,0.5810851146087944,3.0216425959657314,0.0,0.0,0.0,0.0,0.0,0.0,0.0,0.0,0.8135191604523123,1.673525130073328,0.0,0.0,3.625971115158878
0.7506252421652428,1.434528240582464,1.301083753086421,0.6672224374802158,3.085903773345998,0.3002500968660971,1.4011671187084531,1.4678893624564746,0.15012504843304855,0.16680560937005393,0.0,0.20016673124406476,0.0,0.0,3.2527093827160516,0.0,0.0,0.9007502905982913,0.0,0.33361121874010785,0.0,0.7339446812282374,0.0,0.0,3.7531262108262133,0.0,0.0,0.46705570623615106,0.0,0.0,0.0,0.0,0.0,0.0,21.017506780626796,0.0,0.0,0.0,0.0
1.5557706056810088,1.0261465697044954,1.5888721079295414,2.0522931394089907,0.49652253372798155,0.19860901349119267,0.926842062958899,0.2648120179882568,0.0,0.8275375562133026,0.0,0.0,0.0,1.1585525786986237,0.4965225337279816,0.0,0.5627255382250458,1.1916540809471559,0.0,0.0,0.3475657736095871,0.0,0.38066727585811927,0.0,0.0,0.0,0.8937405607103668,0.0,0.9599435652074311,1.9860901349119264,0.5130732848522477,3.1777442158590823,1.0923495742015594,0.0,2.3171051573972474,3.5749622428414676,0.0,0.0,2.5819171753855046
2.3458934335952133,1.1858362411580199,1.3147314847621525,1.0311619488330608,0.9022667052289282,0.30934858464991827,1.0827200462747137,0.4124647795332243,0.2320114384874387,0.25779048720826514,0.0,0.6186971692998365,0.0,0.3609066820915713,0.0,0.0,0.0,0.4640228769748774,0.0,0.0,0.5413600231373569,0.0,0.0,0.0,0.0,0.0,0.0,0.0,0.0,0.0,0.0,0.0,0.0,0.0,0.0,0.0,0.0,0.0,0.0
1.1003373884507226,1.937907639360974,0.7883014126214133,0.4598424906958244,0.5748031133697805,0.8868390891990899,1.6094487174353855,1.3138356877023554,0.4434195445995449,0.0,0.0,0.39415070631070664,0.0,0.2299212453479122,0.7390325743325749,0.2627671375404711,0.558380167273501,0.0,1.2481439033172377,0.0,0.3448818680218683,0.0,0.0,0.0,0.0,0.0,0.0,0.0,0.0,0.0,0.0,4.2042742006475375,5.961529432949437,1.116760334547002,0.0,0.0,0.0,19.970302453075803,0.0
2.007883670553817,1.3209760990485637,1.4266541869724492,0.8454247033910808,0.13209760990485636,0.15851713188582767,0.18493665386679892,0.4227123516955404,0.7133270934862245,0.7925856594291383,0.29061474179068403,1.2681370550866213,1.3738151430105063,0.0,0.39629282971456914,0.0,2.2456593683825585,0.0,0.0,0.0,0.0,0.0,1.8229470166870183,1.2681370550866213,0.6604880495242819,0.0,0.0,0.0,0.0,0.0,0.0,0.0,0.0,0.0,1.8493665386679892,0.0,0.0,0.0,0.0
1.0190780197451734,1.595078639601141,0.7975393198005705,0.3544619199113646,0.996924149750713,0.13292321996676174,0.31015417992244404,0.0,0.1993848299501426,0.44307739988920575,1.4621554196343791,0.0,0.0,0.31015417992244404,10.301549547424035,0.0,3.012926319246599,0.0,0.0,0.0,0.0,0.48738513987812637,10.70031920732432,0.0,6.092314248476579,0.0,0.0,0.0,0.0,0.0,0.0,0.0,0.0,0.0,0.0,0.0,0.0,0.0,0.0
0.9314327822488414,0.8072417446156624,0.7917178649115153,0.8693372634322519,0.9314327822488413,1.3040058951483782,1.4126730530774094,0.8693372634322519,0.13971491733732622,0.9314327822488413,0.17076267674562093,0.0,0.0,8.04136968674833,2.5614401511843137,0.0,0.0,1.9560088427225668,7.3738428594699945,0.9314327822488413,2.608011790296756,1.0245760604737255,0.0,0.0,0.38809699260368385,0.4036208723078312,0.0,0.0,0.0,0.0,0.0,0.4967641505327154,0.0,0.52781190994101,0.5433357896451575,1.6765790080479146,0.0,0.0,0.605431308461747
1.1716346095273849,1.5282190559052846,0.5348766695668496,1.477278420708442,0.7004337339565888,3.132849064605834,0.17829222318894988,0.4075250815747426,0.0,0.12735158799210705,0.42026024037395326,0.7641095279526424,0.3311141287794784,0.7131688927557995,0.19102738198816058,0.0,0.216497699586582,1.3753971503147562,0.0,0.5094063519684282,0.2674383347834248,2.5215614422437196,0.0,0.0,0.0,0.0,0.0,0.7131688927557995,0.0,3.8205476397632117,0.0,0.0,1.681040961495813,3.0309677942121476,0.0,1.3753971503147562,0.9424017511415922,1.9357441374800275,6.9533967043690454
1.252661542211036,0.9085237558893229,0.8259306871721118,0.6607445497376894,0.4129653435860558,2.0648267179302797,0.4817929008503985,1.2113650078524305,1.115006427682351,1.3765511452868526,0.0,0.6607445497376895,3.9369362755203996,0.0,0.0,1.3214890994753787,2.34013694698765,0.7433376184549005,0.2615447176045021,0.0,0.8672272215307173,0.6056825039262154,2.5328541073278097,0.33037227486884474,0.0,0.0,3.3450192830470526,0.38543432068031885,0.3991998321331873,0.0,2.133654275194622,0.0,0.0,4.21224650457777,0.0,0.0,1.018647847512271,0.0,0.0
1.5093217234935528,0.8537577425822116,0.5945812850126118,0.7317923507847528,0.30491347949364694,0.4573702192404705,0.5335985891138822,0.8537577425822116,0.13721106577214115,2.8966780551896463,1.3416193097720468,2.378325140050447,1.9819376167087053,0.8537577425822116,0.0,0.0,3.3692939484047995,5.7628647624299285,0.0,0.30491347949364694,0.32015915346832935,4.360262756759153,0.35065050141769405,0.0,0.0,0.0,0.0,0.0,0.0,0.0,0.0,0.0,0.0,0.0,0.0,0.0,0.0,0.5793356110379293,0.0
1.6019837419370766,1.8781878353745034,1.4086408765308778,1.1048163737497079,1.3810204671871347,0.33144491212491245,0.5800285962185967,0.4419265494998832,0.2485836840936843,0.27620409343742697,0.0,0.0,0.0,0.0,0.0,0.0,0.0,0.0,0.0,0.0,0.0,0.0,0.0,0.0,0.0,0.0,0.0,0.0,0.0,0.0,0.0,0.8838530989997664,0.0,0.0,4.833571635154971,0.0,1.02195514571848,9.446179995560003,0.0
1.0359182308848738,0.7847865385491468,1.2242670001366691,0.9417438462589761,0.470871923129488,1.1300926155107713,0.988831038571925,0.6278292308393174,0.4237847308165392,0.31391461541965865,0.3453060769616246,0.3766975385035905,0.20404450002277816,0.2197402307937611,3.0606675003416726,6.027160616057447,0.8004822693201297,0.28252315387769283,0.0,0.6278292308393173,0.32961034619064167,0.6906121539232492,1.4440072309304302,7.53395077007181,6.278292308393174,0.0,0.0,0.0,0.0,0.47087192312948806,3.4059735773032975,0.0,0.0,0.0,0.0,0.0,0.0,0.0,1.2242670001366691
1.2002571941553137,2.2741715257679633,1.200257194155314,1.6845715005688617,1.1581429066410922,1.010742900341317,1.474000062997754,0.0,0.9475714690699847,0.4211428751422154,0.0,0.7580571752559878,0.0,0.0,0.0,0.0,0.0,0.0,0.0,0.4211428751422154,0.0,0.0,0.0,0.0,0.0,0.0,0.0,0.0,0.0,0.0,0.0,0.0,0.0,0.0,0.0,0.0,1.558228638026197,8.001714627702093,0.0
1.2433433498429407,0.9597738139138489,1.5050998445467176,1.047025978815108,0.4362608245062949,0.261756494703777,0.15269128857720324,0.523512989407554,1.963173710278327,0.21813041225314744,0.23994345347846222,2.094051957630216,0.8507086077872752,3.969973503007284,0.0,0.34900865960503596,0.0,1.5705389682226618,0.0,0.0,0.9161477314632194,0.0,0.0,0.0,0.0,6.238529790440017,3.533712678500989,2.443060617235252,0.0,0.0,4.057225667908543,0.6980173192100719,0.0,0.0,0.0,0.0,0.0,0.0,0.0
1.6879139043398315,0.540132449388746,0.5063741713019495,1.6203973481662381,0.3375827808679663,0.4050993370415596,0.11815397330378821,0.1350331123471865,0.0,0.16879139043398314,0.0,0.0,0.0,0.7089238398227292,0.0,0.0,0.5738907274755427,3.3420695305928665,8.658998329263335,0.0,9.570471837606846,2.2280463537285775,0.0,0.0,0.0,0.0,0.0,0.0,0.0,0.0,0.0,0.0,0.0,0.0,0.0,9.11473508343509,0.0,0.0,0.0
0.7235408262108268,1.008572060778728,0.4604350712250716,0.6139134283000954,3.7273315289648647,2.4995046723646746,0.4604350712250716,1.052423019943021,2.17062247863248,2.6310575498575517,0.7235408262108268,0.0,0.0,1.5347835707502386,2.959939743589746,0.0,2.236398917378919,0.0,2.0829205603038954,0.0,0.0,0.0,0.0,0.0,1.6444109686609698,0.5700624691358029,0.0,0.0,0.6358389078822416,0.6577643874643879,0.0,0.0,0.0,0.0,3.8369589268755964,0.0,0.0,0.0,0.0
0.8352411785547792,2.0107658002244686,0.4176205892773897,0.8043063200897873,0.9280457539497546,1.3920686309246322,0.43308801850988554,2.7222675449192804,1.1136549047397057,0.9280457539497546,1.5312754940170954,0.37121830157990193,1.005382900112234,0.0,0.0,0.49495773543986915,0.525892593904861,0.5568274523698529,3.82045502042649,0.0,4.547424194353798,0.0,0.0,0.0,0.0,0.0,0.0,0.43308801850988554,0.8971108954847629,1.8560915078995093,0.47949030620737326,3.4647041480790843,0.0,0.0,0.0,0.0,0.0,1.7632869325045342,0.0
1.7540383665717012,0.9208701424501432,1.315528774928776,0.5262115099715104,2.52143015194682,0.0,0.6139134283000954,0.17540383665717013,0.5919879487179492,0.0,0.7235408262108268,1.5786345299145315,0.0,0.0,1.3155287749287758,0.35080767331434026,0.3727331528964865,0.0,0.0,0.0,0.4604350712250716,0.9647211016144357,0.0,0.0,0.0,0.0,0.0,0.0,0.0,0.0,0.0,0.0,0.0,0.0,13.045660351377027,0.0,0.0,0.0,0.8550937037037044
1.5191225139058484,0.735575111996516,0.6236397688666115,0.2558522128683534,1.119353431299046,0.8635012184306928,1.3432241175588555,0.0,4.173589222415015,0.0,0.7035935853879719,0.7675566386050603,0.0,1.3432241175588555,1.9188915965126505,0.2558522128683534,1.6310578570357528,0.2878337394768976,0.6076490055623394,0.0,0.0,0.0,0.367787555998258,0.0,1.9988454130340108,2.078799229555371,0.0,0.0,0.0,0.0,9.914273248648694,0.5117044257367068,1.0553903780819578,0.0,0.559676715649523,0.0,0.0,0.0,0.0
1.5662270879804483,0.8902764500099392,0.8902764500099392,0.2637856148177597,0.8243300463054991,1.4837940833498986,0.0,1.7146064963154382,0.4451382250049695,0.0,0.3627052203744196,0.0,0.0,2.308124129655398,0.989196055566599,0.0,0.0,0.0,3.758945011153076,12.529816703843586,0.0,0.3627052203744196,0.0,0.0,0.0,0.8573032481577191,0.0,0.0,0.0,0.0,0.0,0.0,0.0,0.0,0.0,0.0,0.6100042342660693,0.0,1.9289323083548682
1.2307205747176315,0.9068467392656232,0.9716215063560251,0.3454654244821421,0.9716215063560247,0.6477476709040166,0.3022822464218744,0.0,0.0,0.21591589030133881,0.47501495866294546,0.0,2.245525259133924,0.0,2.9148645190680744,0.0,1.8352850675613803,0.0,7.794563639878333,0.43183178060267763,13.60270108898435,0.0,0.4966065476930794,0.0,3.77852808027343,0.0,0.0,0.0,0.0,0.0,0.0,0.0,0.0,0.7341140270245521,0.0,0.0,0.0,0.0,0.0
1.429614050430898,1.0942724830458725,2.117946741379108,0.8471786965516432,0.7942300280171655,0.9530760336205988,0.2470937864942293,0.7059822471263694,0.6353840224137325,1.2354689324711463,1.3590158257182612,0.4235893482758217,0.0,0.0,0.0,0.0,0.0,0.6353840224137325,3.3534156738502547,0.0,1.8532033987067196,0.0,0.0,0.0,0.0,0.0,0.0,0.4941875729884586,0.0,0.0,0.5471362415229363,0.0,0.0,0.0,0.0,0.0,4.571235050143241,2.6827325390802037,1.3766653818964205
1.133039848799646,0.8544234925374379,1.6159748663208064,2.30322854510092,0.6501048312784853,0.7801257975341824,0.6501048312784853,0.0,0.1671698137573248,2.7861635626220798,0.4086373225179051,0.0,0.0,0.0,0.0,0.29719078001302185,0.0,0.3343396275146496,0.0,0.0,0.0,0.0,2.563270477612314,0.0,0.0,1.4488050525634815,0.0,0.0,0.0,3.900628987670912,0.0,1.1887631200520874,0.0,0.0,0.0,7.355471805322292,11.683312539261923,0.0,0.0
1.037449521691799,1.763664186876058,1.3227481401570438,0.933704569522619,0.25936238042294973,0.7780871412688493,0.9077683314803241,0.2074899043383598,1.867409139045238,0.0,1.141194473860979,0.6224697130150795,1.6858554727491732,2.1786439955527777,0.0,0.8299596173534391,0.4409160467190145,0.0,0.0,0.0,0.0,0.5705972369304895,0.0,0.0,0.0,4.720395323697685,0.0,2.1786439955527777,0.0,0.0,9.64828055173373,0.0,0.0,0.0,0.0,0.0,0.0,0.0,0.0
1.4362612858746204,2.7988681468325938,0.7181306429373103,0.2209632747499416,0.36827212458323594,0.7733714616247956,0.0,1.1784707986663552,0.0,0.0,0.0,0.0,0.2393768809791034,0.2577904872082652,0.27620409343742697,0.0,0.0,0.0,0.0,0.0,0.0,0.0,0.0,0.0,0.0,0.0,2.9830042091242115,0.0,0.0,4.9716736818736855,0.0,0.0,2.4305960222493574,0.0,0.0,0.0,0.0,13.994340734162968,0.0
1.1619434642948148,0.954453559956455,1.3694333686331748,1.0789475025594708,1.659919234706878,0.49797577041206353,0.43572879911055556,0.8299596173534391,2.240890966854286,0.0,0.22823889477219578,0.0,0.0,3.1953445268107408,0.933704569522619,0.0,0.0,0.0,0.0,0.4149798086767195,0.43572879911055556,0.45647778954439155,0.0,0.0,1.5561742825376983,5.394737512797355,0.0,2.904858660737037,0.0,0.6224697130150794,5.7889683310402384,1.3279353877655027,0.6847166843165872,0.0,0.0,0.0,0.0,0.0,1.6184212538392064
1.3827772423397404,0.5410867470025071,1.2174451807556412,0.7214489960033429,1.2024149933389046,0.18036224900083572,1.3677470549230042,0.9619319946711238,0.13527168675062679,0.45090562250208926,0.3306641231681988,2.3447092370108646,0.0,1.6833809906744668,2.705433735012536,0.0,3.066158233014207,0.0,1.7134413655079395,0.0,1.26253574300585,0.0,4.148331727019222,0.0,4.133301539602485,2.7354941098460084,0.0,0.0,0.0,0.0,0.0,0.0,0.0,0.0,0.5260565595857708,0.0,1.6683508032577303,0.0,0.0
1.9883426039998442,1.2081068986328167,0.30202672465820424,0.8054045990885444,0.12584446860758505,0.30202672465820424,3.171280608911144,1.2081068986328167,0.0,0.5033778744303402,0.27685783093668714,0.30202672465820424,0.32719561837972116,1.4094580484049528,0.0,0.0,0.0,0.0,0.0,0.0,0.0,0.0,0.0,0.0,0.0,0.6543912367594423,0.6795601304809593,2.114187072607429,0.0,0.0,0.0,0.8054045990885444,8.305734928100614,0.0,0.0,0.0,0.0,0.0,1.9631737102783273
1.3068114155768382,1.2811876623302336,1.1530688960972104,0.30748503895925605,0.76871259739814,0.3074850389592561,1.2555639090836288,1.2299401558370242,0.0,0.2562375324660467,0.0,0.3074850389592561,2.331761545441025,1.0761976363573962,3.8435629869907006,0.0,0.4356038051922794,1.3836826753166522,0.0,0.0,0.5380988181786982,7.892115999954239,0.0,0.0,5.1247506493209345,0.0,1.3836826753166522,0.0,0.0,0.0,0.0,0.0,0.0,0.0,0.0,0.0,0.0,0.0,0.0
1.9615853820337654,1.1150064276823508,1.1769512292202593,0.8259306871721117,0.0,0.7433376184549007,1.011765091785837,0.9911168246065342,0.7433376184549005,0.0,0.22713093897233072,0.24777920615163354,0.0,0.0,0.3097240076895419,0.0,0.0,0.7433376184549005,0.0,0.8259306871721116,0.0,0.0,0.0,0.0,1.5486200384477096,0.0,0.0,0.0,1.796399244599343,0.0,0.0,0.0,3.4069640845849607,0.0,0.0,3.716688092274503,0.0,0.0,7.247541779935282
1.1600571924371932,1.595078639601141,0.7975393198005705,0.4833571635154972,4.591893053397223,0.43502144716394753,0.16917500723042403,0.0,0.21751072358197376,0.2416785817577486,0.5316928798670469,0.29001429810929835,0.0,0.0,0.0,0.0,0.0,0.0,0.0,0.0,0.0,0.0,0.0,0.0,0.0,0.0,0.0,0.0,0.0,0.0,0.0,0.0,0.0,1.6434143559526906,24.530376048411483,0.0,0.0,0.9183786106794448,0.0
1.3549592744998937,1.3721106577214115,0.6174497959746352,0.5488442630885646,0.3430276644303528,2.8814323812149643,1.6808355557087291,0.0,1.6979869389302469,0.0,0.37733043087338813,0.20581659865821175,1.7837438550378348,0.0,0.0,0.0,0.0,0.9261746939619527,0.9776288436265057,0.0,2.161074285911223,0.0,0.0,0.0,0.42878458053794105,0.0,1.389262040942929,0.0,0.0,0.0,7.975393198005705,0.0,0.0,5.831470295315999,0.0,0.0,0.0,0.0,0.0
1.0838354858828263,0.6952906890569075,0.8588884982467682,3.844548515961724,0.6134917844619773,0.4907934275695819,0.4294442491233841,0.9815868551391637,0.1840475353385932,0.4089945229746515,1.5746289134524083,0.0,0.0,1.4314808304112803,0.0,0.0,0.6952906890569076,0.0,0.7770895936518379,0.0,1.7177769964935363,0.44989397527211666,0.0,0.0,0.0,0.0,0.0,0.0,3.558252349879468,0.0,0.0,0.0,0.0,2.0858720671707225,0.0,18.404753533859317,0.0,0.0,0.0
1.552543209211777,1.4462046332383678,0.5104251646723651,1.1059211901234576,0.21267715194681877,0.38281887350427385,0.2977480127255463,0.17014172155745502,0.0,3.1901572792022814,1.4036692028490039,0.25521258233618255,0.0,0.5954960254510926,0.0,0.0,0.0,0.0,0.0,0.0,0.0,3.7431178742640108,0.0,0.0,0.0,0.0,0.0,0.0,6.784401147103519,5.742283102564107,0.0,0.0,0.0,0.0,0.0,0.0,0.0,0.0,9.95329071111112
1.231288774428951,1.4775465293147412,0.8730956764132562,0.6268379215274658,0.7835474019093321,0.2686448235117711,1.0969663626730652,3.761027529164795,0.0,0.22387068625980922,0.0,0.2686448235117711,0.0,1.2536758430549317,0.0,3.5819309801569474,0.0,1.6118689410706266,0.0,0.0,0.47012844114559943,0.0,0.0,4.83560682321188,0.0,0.0,0.0,0.0,0.0,0.0,0.0,7.880248156345285,0.0,0.0,0.0,0.0,0.0,0.0,3.4923827056530246
1.3165728453850687,1.1747880774205228,0.9114735083435092,0.7291788066748073,0.1012748342603899,0.0,0.14178476796454587,0.16203973481662384,0.18229470166870182,4.456092707457155,6.015725155067159,0.2430596022249358,0.0,0.0,0.0,0.3240794696332477,0.0,1.0937682100122108,3.848443701894816,0.0,0.4253543038936376,0.0,0.0,0.0,0.0,0.0,0.0,0.0,4.699152309682091,5.468841050061054,0.0,0.0,0.0,0.0,0.0,0.0,0.0,4.6181324422737795,0.0
1.2741891041747733,0.9369037530696862,0.8432133777627178,0.3747615012278745,0.28107112592090583,0.8994276029468989,0.39349957628926824,0.0,0.0,6.933087772715677,0.206118825675331,0.8994276029468989,3.410329661173658,0.0,0.0,0.29980920098229963,0.0,0.0,0.0,0.0,0.0,0.0,0.0,0.0,0.0,0.0,4.047424213261045,0.5246661017190244,0.0,19.1128365626216,0.0,0.0,0.0,0.0,0.0,0.0,0.0,0.0,0.0
1.617232509595601,1.7280018595679025,1.129847369717475,2.038156039490347,0.5538467498615072,0.0,0.15507708996122202,0.5316928798670469,0.1993848299501426,0.0,0.0,0.26584643993352347,0.0,1.5507708996122205,0.0,0.7089238398227292,0.3766157899058249,0.0,0.0,0.44307739988920575,0.9304625397673322,0.0,0.0,0.5316928798670469,0.0,0.0,0.0,0.0,0.0,0.0,0.0,0.0,0.0,0.0,0.0,6.380314558404563,0.0,7.576623538105419,0.0
1.51435040129672,1.3807312482411271,1.3361915305559295,0.35631774148158124,0.5567464710649705,0.26723830611118593,0.0,0.7126354829631625,1.4030011070837258,1.5588901189819175,2.694652919954458,0.8017149183335578,0.0,0.0,0.6680957652779648,0.35631774148158124,0.37858760032418004,2.0042872958338944,0.8462546360187554,0.0,0.46766703569457535,1.4698106836115223,0.0,0.0,0.0,0.0,0.6012861887501683,0.6235560475927672,0.0,0.0,2.0710968723616907,0.0,0.0,0.0,0.0,0.0,0.0,0.0,7.816720453752189
1.1231265327528632,0.9080597498852936,1.7922231905630799,1.5293637892804945,0.0,0.28675571049009274,0.1672741644525541,0.0,0.0,0.0,0.0,0.0,0.0,0.0,3.584446381126159,2.6763866312408653,2.031186282638157,0.0,0.9080597498852937,1.4337785524504636,8.029159893722596,0.0,0.0,0.0,0.0,0.0,0.0,0.0,0.0,0.0,0.0,0.0,0.0,0.0,0.8363708222627705,6.021869920291947,14.146615050844574,0.0,0.9319560590928014
1.6479695543523132,1.2025723775003367,0.26723830611118593,0.890794353703953,0.6680957652779647,1.6034298366671156,1.403001107083726,1.2471120951855341,1.803858566250505,1.113492942129941,0.0,0.0,0.28950816495378473,1.8706681427783012,0.3340478826389824,1.425270965926325,0.37858760032418004,0.0,0.0,0.0,0.0,0.0,0.5122067533797731,3.741336285556603,0.0,0.0,0.0,0.0,0.0,0.6680957652779648,2.0710968723616907,0.0,0.0,0.7571752006483601,0.0,0.0,0.0,0.0,1.7370489897227086
1.2806366138733174,1.5093217234935528,0.27442213154428235,1.829480876961882,0.22868510962023525,0.27442213154428235,2.0810344975441404,0.1829480876961882,2.8814323812149643,0.914740438480941,0.7546608617467763,0.0,0.5945812850126116,0.3201591534683294,0.3430276644303529,2.1953770523542584,0.7775293727087998,0.823266394632847,0.0,0.0,0.0,0.0,0.0,0.0,1.1434255481011761,0.0,5.557048163771716,0.6403183069366588,0.0,0.0,3.5446191991136464,2.1953770523542584,0.0,0.0,0.0,0.0,0.0,0.0,0.0
1.708688229316322,0.8725216490125898,0.3271956183797212,2.472144672202338,0.817989045949303,0.2181304122531475,0.5089709619240108,0.14542027483543166,0.0,0.18177534354428956,0.19995287789871855,0.0,0.0,0.2544854809620054,0.0,0.2908405496708633,0.0,0.0,0.0,0.0,0.0,0.0,0.0,0.0,0.0,0.0,0.0,0.0,0.0,0.0,0.0,0.0,0.5998586336961556,0.0,19.722624774555417,6.543912367594424,0.0,0.0,9.924933757518211
1.2179748789905922,1.76137905577101,1.3491414044203485,0.07495230024557491,0.3747615012278745,0.22485690073672474,0.1311665254297561,2.5483782083495465,1.3491414044203485,2.6233305085951213,0.824475302701324,0.22485690073672474,0.0,0.7869991525785365,0.0,0.0,0.0,0.0,0.7120468523329616,0.0,0.3934995762892683,0.0,0.0,0.0,0.0,0.0,2.529640133288153,4.197328813752195,0.5434041767804181,1.6864267555254353,0.5808803269032056,1.7988552058937977,0.0,0.0,0.0,0.0,4.8531614409009745,3.560234261664808,0.0
1.0311619488330608,0.6874412992220406,0.3222381090103315,0.7733714616247955,1.3963651390447698,1.4178476796454587,0.7518889210241068,0.3437206496110203,0.3866857308123978,0.21482540600688765,4.2535430389363755,6.7025526674148965,0.0,0.0,0.0,0.3437206496110203,0.0,1.1600571924371934,0.0,0.4296508120137753,0.0,0.0,2.470492169079208,0.0,0.0,0.0,0.0,10.827200462747138,8.721911483879639,0.0,0.0,0.0,0.0,0.0,0.0,0.0,0.0,0.0,0.0
