0.33073929961089493,0.13618677042801555,0.0622568093385214,0.023346303501945526,0.08949416342412451,0.14396887159533073,0.019455252918287938,0.011673151750972763,0.0,0.0038910505836575876,0.019455252918287938,0.0038910505836575876,0.0,0.0,0.0,0.0,0.0,0.0,0.0,0.0,0.0,0.0,0.0,0.0,0.0,0.0,0.0,0.0038910505836575876,0.058365758754863814,0.0,0.0,0.0,0.07392996108949416,0.007782101167315175,0.0038910505836575876,0.0,0.0,0.0,0.007782101167315175
0.19911504424778761,0.1415929203539823,0.07079646017699115,0.035398230088495575,0.008849557522123894,0.05752212389380531,0.09734513274336283,0.035398230088495575,0.03982300884955752,0.035398230088495575,0.01327433628318584,0.004424778761061947,0.02654867256637168,0.0,0.008849557522123894,0.004424778761061947,0.004424778761061947,0.0,0.01327433628318584,0.01327433628318584,0.008849557522123894,0.01327433628318584,0.0,0.035398230088495575,0.017699115044247787,0.0,0.048672566371681415,0.004424778761061947,0.0,0.008849557522123894,0.008849557522123894,0.0,0.01327433628318584,0.004424778761061947,0.0,0.0,0.02654867256637168,0.0,0.0
0.25225225225225223,0.11711711711711711,0.05855855855855856,0.04954954954954955,0.0990990990990991,0.009009009009009009,0.0045045045045045045,0.009009009009009009,0.02702702702702703,0.06306306306306306,0.0045045045045045045,0.018018018018018018,0.0,0.03153153153153153,0.0,0.0,0.06306306306306306,0.0,0.0045045045045045045,0.0,0.0,0.0,0.02702702702702703,0.0,0.05405405405405406,0.02252252252252252,0.0,0.0,0.0,0.0,0.0045045045045045045,0.0,0.0,0.0,0.08108108108108109,0.0,0.0,0.0,0.0
0.44242424242424244,0.2,0.06060606060606061,0.030303030303030304,0.03636363636363636,0.05454545454545454,0.03636363636363636,0.030303030303030304,0.04242424242424243,0.0,0.006060606060606061,0.0,0.0,0.0,0.024242424242424242,0.012121212121212121,0.0,0.0,0.0,0.006060606060606061,0.0,0.0,0.0,0.0,0.0,0.0,0.0,0.006060606060606061,0.0,0.0,0.006060606060606061,0.0,0.0,0.006060606060606061,0.0,0.0,0.0,0.0,0.0
0.5297297297297298,0.14594594594594595,0.05945945945945946,0.016216216216216217,0.043243243243243246,0.0,0.010810810810810811,0.016216216216216217,0.005405405405405406,0.0,0.0,0.0,0.0,0.0,0.0,0.0,0.0,0.0,0.005405405405405406,0.0,0.0,0.0,0.0,0.0,0.0,0.0,0.0,0.0,0.0,0.0,0.021621621621621623,0.0,0.0,0.0,0.0,0.0,0.0,0.06486486486486487,0.08108108108108109
0.4722222222222222,0.06944444444444445,0.027777777777777776,0.032407407407407406,0.013888888888888888,0.05092592592592592,0.013888888888888888,0.013888888888888888,0.004629629629629629,0.009259259259259259,0.0,0.004629629629629629,0.0,0.0,0.0,0.0,0.004629629629629629,0.037037037037037035,0.018518518518518517,0.013888888888888888,0.0,0.0,0.0,0.004629629629629629,0.0,0.0,0.0,0.0,0.0,0.004629629629629629,0.0,0.0,0.0,0.0,0.0,0.0,0.0,0.08796296296296297,0.11574074074074074
0.22598870056497175,0.06779661016949153,0.07909604519774012,0.07909604519774012,0.011299435028248588,0.022598870056497175,0.01694915254237288,0.0,0.01694915254237288,0.0,0.05649717514124294,0.0,0.07909604519774012,0.0,0.14689265536723164,0.022598870056497175,0.0,0.0,0.0,0.0,0.0,0.0,0.011299435028248588,0.0,0.12429378531073447,0.0,0.03389830508474576,0.005649717514124294,0.0,0.0,0.0,0.0,0.0,0.0,0.0,0.0,0.0,0.0,0.0
0.17475728155339806,0.20388349514563106,0.13106796116504854,0.043689320388349516,0.03398058252427184,0.019417475728155338,0.014563106796116505,0.0,0.03398058252427184,0.014563106796116505,0.02912621359223301,0.038834951456310676,0.0048543689320388345,0.0,0.02912621359223301,0.0,0.014563106796116505,0.019417475728155338,0.043689320388349516,0.014563106796116505,0.05339805825242718,0.009708737864077669,0.038834951456310676,0.0048543689320388345,0.009708737864077669,0.0,0.0,0.014563106796116505,0.0,0.0,0.0,0.0,0.0,0.0048543689320388345,0.0,0.0,0.0,0.0,0.0
0.3835616438356164,0.1187214611872146,0.136986301369863,0.0593607305936073,0.0593607305936073,0.0045662100456621,0.0091324200913242,0.0182648401826484,0.0228310502283105,0.0228310502283105,0.0182648401826484,0.0182648401826484,0.0410958904109589,0.0273972602739726,0.0091324200913242,0.0,0.0,0.0091324200913242,0.0136986301369863,0.0,0.0045662100456621,0.0045662100456621,0.0,0.0,0.0045662100456621,0.0,0.0,0.0,0.0,0.0,0.0,0.0,0.0091324200913242,0.0,0.0,0.0,0.0,0.0,0.0045662100456621
0.32,0.02857142857142857,0.045714285714285714,0.06285714285714286,0.017142857142857144,0.03428571428571429,0.011428571428571429,0.005714285714285714,0.0,0.045714285714285714,0.05714285714285714,0.14857142857142858,0.022857142857142857,0.0,0.0,0.06857142857142857,0.0,0.0,0.0,0.0,0.0,0.0,0.0,0.017142857142857144,0.0,0.0,0.0,0.022857142857142857,0.06285714285714286,0.0,0.0,0.0,0.0,0.022857142857142857,0.0,0.0,0.0,0.0,0.005714285714285714
0.25,0.13392857142857142,0.11607142857142858,0.04017857142857143,0.044642857142857144,0.026785714285714284,0.04017857142857143,0.04017857142857143,0.008928571428571428,0.004464285714285714,0.022321428571428572,0.0,0.004464285714285714,0.004464285714285714,0.004464285714285714,0.0,0.013392857142857142,0.05803571428571429,0.017857142857142856,0.0,0.0,0.05357142857142857,0.0,0.0,0.004464285714285714,0.0,0.0,0.0,0.013392857142857142,0.0,0.017857142857142856,0.004464285714285714,0.0,0.0,0.05357142857142857,0.0,0.0,0.022321428571428572,0.0
0.22962962962962963,0.11851851851851852,0.022222222222222223,0.05925925925925926,0.06666666666666667,0.1111111111111111,0.022222222222222223,0.0,0.17777777777777778,0.0,0.0,0.0,0.0,0.007407407407407408,0.0,0.0,0.0,0.0,0.0,0.0,0.007407407407407408,0.0,0.0,0.0,0.06666666666666667,0.0,0.02962962962962963,0.0,0.0,0.0,0.037037037037037035,0.0,0.0,0.044444444444444446,0.0,0.0,0.0,0.0,0.0
0.5403726708074534,0.043478260869565216,0.012422360248447204,0.049689440993788817,0.055900621118012424,0.024844720496894408,0.08695652173913043,0.018633540372670808,0.018633540372670808,0.0,0.031055900621118012,0.006211180124223602,0.0,0.0,0.037267080745341616,0.006211180124223602,0.012422360248447204,0.012422360248447204,0.0,0.0,0.0,0.006211180124223602,0.0,0.0,0.0,0.0,0.0,0.0,0.006211180124223602,0.0,0.0,0.0,0.006211180124223602,0.0,0.0,0.0,0.0,0.0,0.024844720496894408
0.31555555555555553,0.17777777777777778,0.07111111111111111,0.022222222222222223,0.07111111111111111,0.05333333333333334,0.017777777777777778,0.0044444444444444444,0.02666666666666667,0.0,0.0,0.02666666666666667,0.0,0.0,0.0044444444444444444,0.008888888888888889,0.044444444444444446,0.0,0.0,0.0,0.0044444444444444444,0.0044444444444444444,0.04888888888888889,0.0,0.0,0.0044444444444444444,0.0,0.0,0.0,0.008888888888888889,0.0,0.0,0.0,0.0044444444444444444,0.02666666666666667,0.0044444444444444444,0.0,0.04888888888888889,0.0
0.47530864197530864,0.06172839506172839,0.10493827160493827,0.05555555555555555,0.006172839506172839,0.006172839506172839,0.006172839506172839,0.024691358024691357,0.006172839506172839,0.0,0.0,0.0,0.0,0.012345679012345678,0.0,0.0,0.0,0.0,0.0,0.0,0.0,0.0,0.0,0.0,0.0,0.0,0.0,0.0,0.0,0.0,0.024691358024691357,0.006172839506172839,0.0,0.0,0.0,0.07407407407407407,0.012345679012345678,0.0,0.12345679012345678
0.26011560693641617,0.30057803468208094,0.05202312138728324,0.1329479768786127,0.05202312138728324,0.03468208092485549,0.0,0.005780346820809248,0.0,0.011560693641618497,0.0,0.0,0.023121387283236993,0.005780346820809248,0.0,0.0,0.005780346820809248,0.0,0.0,0.0,0.0,0.0,0.005780346820809248,0.0,0.0,0.0,0.011560693641618497,0.023121387283236993,0.011560693641618497,0.0,0.0,0.0,0.0,0.017341040462427744,0.04046242774566474,0.005780346820809248,0.0,0.0,0.0
0.3357664233576642,0.2116788321167883,0.0948905109489051,0.051094890510948905,0.0364963503649635,0.0072992700729927005,0.0,0.029197080291970802,0.0072992700729927005,0.0072992700729927005,0.0,0.014598540145985401,0.0,0.0,0.0364963503649635,0.058394160583941604,0.0364963503649635,0.0,0.0,0.0,0.0072992700729927005,0.0,0.0,0.06569343065693431,0.0,0.0,0.0,0.0,0.0,0.0,0.0,0.0,0.0,0.0,0.0,0.0,0.0,0.0,0.0
0.2184873949579832,0.1638655462184874,0.07142857142857142,0.037815126050420166,0.02100840336134454,0.08403361344537816,0.06302521008403361,0.037815126050420166,0.025210084033613446,0.012605042016806723,0.012605042016806723,0.037815126050420166,0.0,0.004201680672268907,0.004201680672268907,0.004201680672268907,0.004201680672268907,0.0,0.01680672268907563,0.0,0.058823529411764705,0.0,0.0,0.0,0.0,0.0,0.0,0.012605042016806723,0.0,0.0,0.025210084033613446,0.012605042016806723,0.008403361344537815,0.0,0.0,0.0,0.0,0.06302521008403361,0.0
0.375,0.1875,0.10795454545454546,0.022727272727272728,0.03409090909090909,0.028409090909090908,0.045454545454545456,0.03977272727272727,0.0,0.0,0.0,0.0,0.011363636363636364,0.011363636363636364,0.0,0.0,0.0,0.005681818181818182,0.0,0.0,0.0,0.0,0.0,0.005681818181818182,0.0,0.011363636363636364,0.0,0.0,0.005681818181818182,0.0,0.022727272727272728,0.05113636363636364,0.022727272727272728,0.0,0.0,0.0,0.0,0.011363636363636364,0.0
0.41975308641975306,0.12345679012345678,0.06790123456790123,0.08641975308641975,0.12345679012345678,0.012345679012345678,0.0,0.012345679012345678,0.006172839506172839,0.006172839506172839,0.0,0.0,0.0,0.0,0.0,0.0,0.0,0.0,0.0,0.0,0.0,0.0,0.006172839506172839,0.037037037037037035,0.0,0.0,0.0,0.0,0.0,0.0,0.0,0.0,0.0,0.0,0.05555555555555555,0.0,0.0,0.0,0.043209876543209874
0.29896907216494845,0.09278350515463918,0.05154639175257732,0.12371134020618557,0.020618556701030927,0.0,0.030927835051546393,0.015463917525773196,0.05670103092783505,0.010309278350515464,0.010309278350515464,0.0,0.0,0.13917525773195877,0.0,0.0,0.010309278350515464,0.005154639175257732,0.0,0.0,0.0,0.0,0.005154639175257732,0.0,0.0,0.12371134020618557,0.0,0.0,0.0,0.005154639175257732,0.0,0.0,0.0,0.0,0.0,0.0,0.0,0.0,0.0
0.22602739726027396,0.08904109589041095,0.023972602739726026,0.06164383561643835,0.0410958904109589,0.010273972602739725,0.06164383561643835,0.05821917808219178,0.07534246575342465,0.010273972602739725,0.0,0.017123287671232876,0.0,0.030821917808219176,0.0136986301369863,0.03767123287671233,0.06506849315068493,0.023972602739726026,0.023972602739726026,0.0,0.0,0.010273972602739725,0.030821917808219176,0.010273972602739725,0.0,0.03767123287671233,0.00684931506849315,0.0,0.003424657534246575,0.003424657534246575,0.00684931506849315,0.0,0.0136986301369863,0.0,0.00684931506849315,0.0,0.0,0.0,0.0
0.38461538461538464,0.19658119658119658,0.05982905982905983,0.1111111111111111,0.01282051282051282,0.008547008547008548,0.004273504273504274,0.004273504273504274,0.0,0.0,0.004273504273504274,0.0,0.0,0.004273504273504274,0.0,0.004273504273504274,0.0,0.01282051282051282,0.0,0.008547008547008548,0.0,0.0,0.0,0.0,0.008547008547008548,0.0,0.0,0.0,0.0,0.0,0.0,0.0,0.004273504273504274,0.038461538461538464,0.017094017094017096,0.042735042735042736,0.017094017094017096,0.008547008547008548,0.04700854700854701
0.3652173913043478,0.08695652173913043,0.0782608695652174,0.013043478260869565,0.06521739130434782,0.017391304347826087,0.05217391304347826,0.05217391304347826,0.021739130434782608,0.004347826086956522,0.0,0.008695652173913044,0.017391304347826087,0.008695652173913044,0.05217391304347826,0.02608695652173913,0.004347826086956522,0.0,0.0,0.004347826086956522,0.0,0.0,0.004347826086956522,0.017391304347826087,0.034782608695652174,0.0,0.004347826086956522,0.004347826086956522,0.0,0.0,0.0,0.034782608695652174,0.021739130434782608,0.0,0.0,0.0,0.0,0.0,0.0
0.3067484662576687,0.12883435582822086,0.10429447852760736,0.05521472392638037,0.018404907975460124,0.03680981595092025,0.03067484662576687,0.0,0.0,0.0,0.0,0.0,0.0,0.0,0.0,0.018404907975460124,0.0,0.006134969325153374,0.08588957055214724,0.012269938650306749,0.11042944785276074,0.0,0.0,0.0,0.0,0.006134969325153374,0.006134969325153374,0.0,0.0,0.0,0.0,0.0,0.03067484662576687,0.04294478527607362,0.0,0.0,0.0,0.0,0.0
0.48502994011976047,0.2275449101796407,0.04790419161676647,0.041916167664670656,0.017964071856287425,0.041916167664670656,0.005988023952095809,0.005988023952095809,0.0,0.0,0.011976047904191617,0.0,0.017964071856287425,0.005988023952095809,0.0,0.0,0.0,0.0,0.005988023952095809,0.011976047904191617,0.0,0.005988023952095809,0.0,0.0,0.0,0.0,0.0,0.0,0.0,0.0,0.0,0.0,0.0,0.0,0.0,0.0,0.0,0.005988023952095809,0.059880239520958084
0.2076271186440678,0.07627118644067797,0.2711864406779661,0.025423728813559324,0.05508474576271186,0.012711864406779662,0.00847457627118644,0.06779661016949153,0.01694915254237288,0.0,0.0,0.0,0.0,0.012711864406779662,0.00423728813559322,0.00847457627118644,0.0,0.0,0.0,0.00423728813559322,0.0,0.00847457627118644,0.0,0.00423728813559322,0.0,0.0,0.00847457627118644,0.0,0.0,0.0,0.0,0.0,0.0,0.0,0.0,0.00847457627118644,0.19491525423728814,0.00423728813559322,0.0
0.20465116279069767,0.2,0.06511627906976744,0.06046511627906977,0.08372093023255814,0.027906976744186046,0.037209302325581395,0.009302325581395349,0.013953488372093023,0.0,0.0,0.018604651162790697,0.004651162790697674,0.013953488372093023,0.0,0.0,0.0,0.0,0.0,0.0,0.0,0.0,0.009302325581395349,0.0,0.0,0.004651162790697674,0.0,0.046511627906976744,0.0,0.0,0.0,0.0,0.004651162790697674,0.0,0.04186046511627907,0.004651162790697674,0.009302325581395349,0.12558139534883722,0.013953488372093023
0.20522388059701493,0.1791044776119403,0.05970149253731343,0.055970149253731345,0.018656716417910446,0.055970149253731345,0.018656716417910446,0.12313432835820895,0.0037313432835820895,0.055970149253731345,0.0,0.0,0.0,0.04477611940298507,0.0,0.0037313432835820895,0.0,0.03731343283582089,0.0,0.007462686567164179,0.0,0.022388059701492536,0.0,0.0,0.0,0.007462686567164179,0.0,0.014925373134328358,0.0,0.03731343283582089,0.0,0.03731343283582089,0.0,0.0,0.0,0.0037313432835820895,0.0,0.007462686567164179,0.0
0.321285140562249,0.08835341365461848,0.0963855421686747,0.08032128514056225,0.0,0.028112449799196786,0.03614457831325301,0.03614457831325301,0.0,0.004016064257028112,0.0,0.0963855421686747,0.004016064257028112,0.0,0.0,0.0,0.0,0.0,0.0,0.0,0.012048192771084338,0.0,0.0,0.0,0.05220883534136546,0.0,0.0,0.060240963855421686,0.008032128514056224,0.0,0.0,0.01606425702811245,0.05220883534136546,0.0,0.0,0.0,0.0,0.008032128514056224,0.0
0.3605769230769231,0.08173076923076923,0.02403846153846154,0.03365384615384615,0.038461538461538464,0.019230769230769232,0.10576923076923077,0.004807692307692308,0.019230769230769232,0.0,0.0,0.0,0.0,0.0,0.009615384615384616,0.038461538461538464,0.038461538461538464,0.0,0.0,0.009615384615384616,0.0,0.004807692307692308,0.04807692307692308,0.004807692307692308,0.0,0.0,0.0,0.0,0.0,0.0,0.0,0.004807692307692308,0.10576923076923077,0.0,0.0,0.0,0.0,0.02403846153846154,0.02403846153846154
0.3888888888888889,0.19753086419753085,0.06172839506172839,0.043209876543209874,0.006172839506172839,0.018518518518518517,0.018518518518518517,0.0,0.006172839506172839,0.043209876543209874,0.037037037037037035,0.006172839506172839,0.024691358024691357,0.006172839506172839,0.012345679012345678,0.006172839506172839,0.0,0.0,0.0,0.0,0.0,0.0,0.0,0.0,0.030864197530864196,0.012345679012345678,0.0,0.018518518518518517,0.012345679012345678,0.04938271604938271,0.0,0.0,0.0,0.0,0.0,0.0,0.0,0.0,0.0
0.2952029520295203,0.11808118081180811,0.033210332103321034,0.07011070110701106,0.08487084870848709,0.01845018450184502,0.04428044280442804,0.04428044280442804,0.055350553505535055,0.0036900369003690036,0.025830258302583026,0.0,0.02214022140221402,0.01107011070110701,0.0,0.0,0.0,0.014760147601476014,0.01107011070110701,0.0,0.0,0.014760147601476014,0.0,0.0036900369003690036,0.0,0.0,0.0036900369003690036,0.0,0.0,0.0,0.06273062730627306,0.0,0.0,0.0,0.04428044280442804,0.0,0.007380073800738007,0.0,0.01107011070110701
0.5636363636363636,0.12727272727272726,0.09090909090909091,0.00909090909090909,0.02727272727272727,0.00909090909090909,0.00909090909090909,0.0,0.01818181818181818,0.01818181818181818,0.0,0.00909090909090909,0.0,0.0,0.0,0.0,0.0,0.0,0.0,0.0,0.0,0.0,0.0,0.0,0.0,0.0,0.0,0.0,0.0,0.0,0.0,0.0,0.0,0.00909090909090909,0.0,0.0,0.03636363636363636,0.045454545454545456,0.02727272727272727
0.2602040816326531,0.17857142857142858,0.0663265306122449,0.061224489795918366,0.025510204081632654,0.015306122448979591,0.015306122448979591,0.08163265306122448,0.02040816326530612,0.00510204081632653,0.04591836734693878,0.0,0.030612244897959183,0.025510204081632654,0.04081632653061224,0.0,0.02040816326530612,0.0,0.0,0.0,0.0,0.00510204081632653,0.0,0.0,0.015306122448979591,0.0,0.025510204081632654,0.0,0.015306122448979591,0.0,0.0,0.04591836734693878,0.0,0.0,0.0,0.0,0.0,0.0,0.0
0.35294117647058826,0.17647058823529413,0.0196078431372549,0.0,0.06862745098039216,0.19117647058823528,0.014705882352941176,0.0196078431372549,0.004901960784313725,0.014705882352941176,0.0,0.004901960784313725,0.0,0.0196078431372549,0.0,0.0,0.0,0.0,0.0,0.0,0.0,0.0,0.0,0.0,0.0,0.0,0.0,0.0,0.0,0.0,0.0,0.06372549019607843,0.0,0.049019607843137254,0.0,0.0,0.0,0.0,0.0
0.425,0.13125,0.10625,0.0625,0.05,0.00625,0.0125,0.01875,0.01875,0.025,0.025,0.025,0.0125,0.0,0.0,0.0,0.00625,0.0125,0.0,0.00625,0.0,0.025,0.0,0.0125,0.00625,0.0,0.0,0.0,0.0,0.0,0.0,0.0125,0.0,0.0,0.0,0.0,0.0,0.0,0.0
0.19545454545454546,0.16818181818181818,0.21818181818181817,0.06818181818181818,0.004545454545454545,0.022727272727272728,0.11363636363636363,0.013636363636363636,0.02727272727272727,0.00909090909090909,0.0,0.0,0.0,0.0,0.0,0.0,0.0,0.004545454545454545,0.0,0.0,0.004545454545454545,0.0,0.0,0.004545454545454545,0.0,0.0,0.0,0.022727272727272728,0.013636363636363636,0.004545454545454545,0.031818181818181815,0.0,0.04090909090909091,0.00909090909090909,0.0,0.0,0.022727272727272728,0.0,0.0
0.5833333333333334,0.21212121212121213,0.05303030303030303,0.030303030303030304,0.0,0.022727272727272728,0.007575757575757576,0.022727272727272728,0.0,0.022727272727272728,0.0,0.0,0.0,0.0,0.0,0.0,0.0,0.0,0.0,0.0,0.0,0.0,0.0,0.0,0.0,0.0,0.0,0.0,0.0,0.007575757575757576,0.015151515151515152,0.015151515151515152,0.0,0.0,0.0,0.0,0.0,0.0,0.007575757575757576
0.2206405693950178,0.22419928825622776,0.12455516014234876,0.060498220640569395,0.014234875444839857,0.017793594306049824,0.017793594306049824,0.010676156583629894,0.0035587188612099642,0.014234875444839857,0.05338078291814947,0.014234875444839857,0.014234875444839857,0.0,0.0071174377224199285,0.0,0.0035587188612099642,0.0,0.010676156583629894,0.0,0.0,0.0035587188612099642,0.0071174377224199285,0.0,0.021352313167259787,0.0,0.0,0.0,0.017793594306049824,0.0,0.028469750889679714,0.0,0.014234875444839857,0.0071174377224199285,0.021352313167259787,0.017793594306049824,0.017793594306049824,0.03202846975088968,0.0
0.24285714285714285,0.14285714285714285,0.08095238095238096,0.004761904761904762,0.0380952380952381,0.023809523809523808,0.009523809523809525,0.004761904761904762,0.0,0.0,0.014285714285714285,0.009523809523809525,0.0,0.004761904761904762,0.014285714285714285,0.014285714285714285,0.18571428571428572,0.004761904761904762,0.023809523809523808,0.0,0.02857142857142857,0.004761904761904762,0.14285714285714285,0.0,0.004761904761904762,0.0,0.0,0.0,0.0,0.0,0.0,0.0,0.0,0.0,0.0,0.0,0.0,0.0,0.0
0.38636363636363635,0.11931818181818182,0.125,0.03409090909090909,0.045454545454545456,0.005681818181818182,0.028409090909090908,0.028409090909090908,0.09659090909090909,0.005681818181818182,0.011363636363636364,0.0,0.0,0.005681818181818182,0.017045454545454544,0.011363636363636364,0.0,0.0,0.0,0.0,0.0,0.011363636363636364,0.0,0.0,0.0,0.022727272727272728,0.0,0.0,0.0,0.0,0.045454545454545456,0.0,0.0,0.0,0.0,0.0,0.0,0.0,0.0
0.36363636363636365,0.1471861471861472,0.16883116883116883,0.030303030303030304,0.04329004329004329,0.05194805194805195,0.03463203463203463,0.0,0.017316017316017316,0.0,0.017316017316017316,0.004329004329004329,0.004329004329004329,0.008658008658008658,0.008658008658008658,0.008658008658008658,0.0,0.0,0.0,0.004329004329004329,0.0,0.008658008658008658,0.004329004329004329,0.0,0.0,0.0,0.0,0.0,0.0,0.0,0.012987012987012988,0.017316017316017316,0.0,0.004329004329004329,0.008658008658008658,0.0,0.030303030303030304,0.0,0.0
0.29957805907172996,0.16033755274261605,0.05063291139240506,0.05485232067510549,0.0379746835443038,0.008438818565400843,0.012658227848101266,0.05063291139240506,0.008438818565400843,0.10548523206751055,0.0,0.0,0.008438818565400843,0.02109704641350211,0.0,0.004219409282700422,0.008438818565400843,0.0,0.0,0.004219409282700422,0.0,0.004219409282700422,0.004219409282700422,0.0,0.0,0.012658227848101266,0.03375527426160337,0.0,0.0,0.0759493670886076,0.008438818565400843,0.02109704641350211,0.0,0.0,0.0,0.0,0.0,0.0,0.004219409282700422
0.36649214659685864,0.24607329842931938,0.09424083769633508,0.07853403141361257,0.03664921465968586,0.010471204188481676,0.010471204188481676,0.010471204188481676,0.015706806282722512,0.020942408376963352,0.005235602094240838,0.005235602094240838,0.010471204188481676,0.010471204188481676,0.015706806282722512,0.005235602094240838,0.005235602094240838,0.0,0.005235602094240838,0.0,0.0,0.005235602094240838,0.020942408376963352,0.0,0.0,0.0,0.0,0.0,0.0,0.0,0.0,0.0,0.0,0.005235602094240838,0.0,0.0,0.0,0.015706806282722512,0.0
0.2943722943722944,0.18614718614718614,0.025974025974025976,0.030303030303030304,0.025974025974025976,0.0,0.004329004329004329,0.004329004329004329,0.004329004329004329,0.004329004329004329,0.0,0.017316017316017316,0.012987012987012988,0.0,0.12121212121212122,0.0,0.017316017316017316,0.0,0.0,0.008658008658008658,0.0,0.03896103896103896,0.04329004329004329,0.008658008658008658,0.06060606060606061,0.012987012987012988,0.025974025974025976,0.012987012987012988,0.0,0.0,0.0,0.0,0.0,0.0,0.0,0.0,0.017316017316017316,0.004329004329004329,0.017316017316017316
0.21888412017167383,0.15021459227467812,0.1630901287553648,0.055793991416309016,0.11587982832618025,0.017167381974248927,0.008583690987124463,0.008583690987124463,0.008583690987124463,0.004291845493562232,0.004291845493562232,0.004291845493562232,0.0,0.0,0.0,0.0,0.02145922746781116,0.0,0.0,0.0,0.0,0.008583690987124463,0.05150214592274678,0.0,0.0,0.0,0.0,0.0,0.0,0.0,0.0,0.0,0.008583690987124463,0.008583690987124463,0.09871244635193133,0.0,0.04291845493562232,0.0,0.0
0.25,0.11842105263157894,0.09649122807017543,0.12280701754385964,0.017543859649122806,0.02631578947368421,0.017543859649122806,0.021929824561403508,0.02631578947368421,0.008771929824561403,0.013157894736842105,0.0,0.02631578947368421,0.021929824561403508,0.02631578947368421,0.0043859649122807015,0.0043859649122807015,0.008771929824561403,0.0,0.0,0.0043859649122807015,0.0,0.0,0.0,0.043859649122807015,0.0,0.0043859649122807015,0.0043859649122807015,0.03070175438596491,0.0,0.039473684210526314,0.039473684210526314,0.0,0.013157894736842105,0.0,0.0,0.008771929824561403,0.0,0.0
0.36065573770491804,0.14754098360655737,0.1092896174863388,0.04371584699453552,0.03278688524590164,0.060109289617486336,0.0,0.01639344262295082,0.01639344262295082,0.01092896174863388,0.02185792349726776,0.0546448087431694,0.02185792349726776,0.02185792349726776,0.0,0.00546448087431694,0.00546448087431694,0.02185792349726776,0.0,0.0,0.00546448087431694,0.0,0.00546448087431694,0.01092896174863388,0.0,0.0,0.0,0.0,0.0,0.0,0.0,0.00546448087431694,0.0,0.00546448087431694,0.0,0.0,0.0,0.01092896174863388,0.00546448087431694
0.47513812154696133,0.11049723756906077,0.08839779005524862,0.04419889502762431,0.027624309392265192,0.0055248618784530384,0.12154696132596685,0.0,0.016574585635359115,0.055248618784530384,0.011049723756906077,0.022099447513812154,0.0055248618784530384,0.0,0.0,0.0,0.011049723756906077,0.0,0.0,0.0,0.0,0.0,0.0055248618784530384,0.0,0.0,0.0,0.0,0.0,0.0,0.0,0.0,0.0,0.0,0.0,0.0,0.0,0.0,0.0,0.0
0.46629213483146065,0.1404494382022472,0.12921348314606743,0.033707865168539325,0.06741573033707865,0.011235955056179775,0.05056179775280899,0.011235955056179775,0.0,0.016853932584269662,0.011235955056179775,0.0,0.011235955056179775,0.0,0.011235955056179775,0.0056179775280898875,0.02247191011235955,0.0,0.0,0.0,0.0,0.0,0.0,0.0,0.0,0.0,0.0,0.0,0.0,0.0,0.0,0.0,0.0,0.0,0.0,0.0,0.0,0.0,0.011235955056179775
0.16129032258064516,0.16487455197132617,0.02867383512544803,0.053763440860215055,0.1827956989247312,0.043010752688172046,0.014336917562724014,0.025089605734767026,0.02867383512544803,0.014336917562724014,0.010752688172043012,0.0035842293906810036,0.0,0.021505376344086023,0.0,0.010752688172043012,0.025089605734767026,0.0,0.007168458781362007,0.0,0.021505376344086023,0.0,0.014336917562724014,0.0,0.0,0.0035842293906810036,0.0,0.0,0.0,0.007168458781362007,0.0,0.0,0.0,0.0,0.15770609318996415,0.0,0.0,0.0,0.0
0.2356902356902357,0.15151515151515152,0.06397306397306397,0.08417508417508418,0.037037037037037035,0.020202020202020204,0.037037037037037035,0.04040404040404041,0.04040404040404041,0.026936026936026935,0.037037037037037035,0.0,0.04377104377104377,0.0,0.0,0.010101010101010102,0.020202020202020204,0.0,0.0,0.0,0.010101010101010102,0.006734006734006734,0.010101010101010102,0.010101010101010102,0.0,0.0,0.013468013468013467,0.0,0.04040404040404041,0.026936026936026935,0.006734006734006734,0.003367003367003367,0.003367003367003367,0.003367003367003367,0.0,0.0,0.003367003367003367,0.013468013468013467,0.0
0.33557046979865773,0.15436241610738255,0.1476510067114094,0.09395973154362416,0.0,0.026845637583892617,0.020134228187919462,0.013422818791946308,0.0,0.06711409395973154,0.006711409395973154,0.0,0.0,0.006711409395973154,0.006711409395973154,0.013422818791946308,0.03355704697986577,0.0,0.0,0.0,0.0,0.0,0.0,0.0,0.006711409395973154,0.020134228187919462,0.0,0.006711409395973154,0.0,0.006711409395973154,0.013422818791946308,0.0,0.0,0.0,0.0,0.006711409395973154,0.013422818791946308,0.0,0.0
0.16165413533834586,0.17669172932330826,0.09398496240601503,0.02631578947368421,0.03383458646616541,0.03007518796992481,0.04887218045112782,0.015037593984962405,0.018796992481203006,0.007518796992481203,0.0037593984962406013,0.06390977443609022,0.011278195488721804,0.06766917293233082,0.0037593984962406013,0.0,0.0,0.0,0.06015037593984962,0.0,0.07518796992481203,0.0,0.0,0.0,0.02631578947368421,0.06390977443609022,0.0,0.0,0.0,0.0,0.0,0.0,0.0,0.0,0.0037593984962406013,0.0,0.0,0.007518796992481203,0.0
0.23737373737373738,0.3282828282828283,0.04040404040404041,0.09090909090909091,0.04040404040404041,0.015151515151515152,0.0,0.010101010101010102,0.0,0.0,0.010101010101010102,0.010101010101010102,0.0,0.005050505050505051,0.015151515151515152,0.0,0.0,0.0,0.0,0.0,0.0,0.005050505050505051,0.0,0.0,0.0,0.0,0.0,0.0,0.0,0.0,0.0,0.0,0.0,0.015151515151515152,0.0,0.015151515151515152,0.0,0.16161616161616163,0.0
0.5798319327731093,0.1092436974789916,0.03361344537815126,0.008403361344537815,0.0,0.0,0.0,0.04201680672268908,0.0,0.0,0.0,0.008403361344537815,0.03361344537815126,0.03361344537815126,0.0,0.04201680672268908,0.01680672268907563,0.0,0.0,0.0,0.0,0.0,0.0,0.0,0.01680672268907563,0.07563025210084033,0.0,0.0,0.0,0.0,0.0,0.0,0.0,0.0,0.0,0.0,0.0,0.0,0.0
0.4744186046511628,0.06976744186046512,0.023255813953488372,0.09302325581395349,0.05116279069767442,0.046511627906976744,0.004651162790697674,0.0,0.0,0.0,0.0,0.0,0.023255813953488372,0.009302325581395349,0.013953488372093023,0.0,0.0,0.0,0.0,0.0,0.004651162790697674,0.027906976744186046,0.004651162790697674,0.0,0.0,0.0,0.0,0.0,0.0,0.0,0.0,0.0,0.0,0.0,0.08372093023255814,0.013953488372093023,0.0,0.0,0.05581395348837209
0.20634920634920634,0.16666666666666666,0.12301587301587301,0.03968253968253968,0.07936507936507936,0.011904761904761904,0.06349206349206349,0.01984126984126984,0.04365079365079365,0.0,0.007936507936507936,0.007936507936507936,0.015873015873015872,0.003968253968253968,0.047619047619047616,0.03968253968253968,0.0,0.0,0.003968253968253968,0.003968253968253968,0.0,0.0,0.0,0.01984126984126984,0.0,0.0,0.0,0.0,0.0,0.0,0.05555555555555555,0.0,0.0,0.0,0.03571428571428571,0.0,0.0,0.003968253968253968,0.0
0.3157894736842105,0.15413533834586465,0.08270676691729323,0.08270676691729323,0.022556390977443608,0.015037593984962405,0.03759398496240601,0.03383458646616541,0.02631578947368421,0.0037593984962406013,0.015037593984962405,0.0037593984962406013,0.0037593984962406013,0.02631578947368421,0.04887218045112782,0.0,0.0,0.022556390977443608,0.007518796992481203,0.0,0.018796992481203006,0.007518796992481203,0.007518796992481203,0.0037593984962406013,0.05263157894736842,0.007518796992481203,0.0,0.0,0.0,0.0,0.0,0.0,0.0,0.0,0.0,0.0,0.0,0.0,0.0
0.18983050847457628,0.13559322033898305,0.13220338983050847,0.04406779661016949,0.010169491525423728,0.05084745762711865,0.023728813559322035,0.010169491525423728,0.0,0.03728813559322034,0.020338983050847456,0.010169491525423728,0.01694915254237288,0.0576271186440678,0.0,0.03389830508474576,0.0,0.0,0.013559322033898305,0.0,0.013559322033898305,0.0,0.003389830508474576,0.023728813559322035,0.006779661016949152,0.03728813559322034,0.020338983050847456,0.0,0.0,0.0,0.0,0.0,0.0,0.0,0.0,0.01694915254237288,0.04406779661016949,0.030508474576271188,0.01694915254237288
0.29292929292929293,0.11616161616161616,0.050505050505050504,0.045454545454545456,0.025252525252525252,0.010101010101010102,0.0,0.005050505050505051,0.030303030303030304,0.025252525252525252,0.010101010101010102,0.010101010101010102,0.0,0.015151515151515152,0.005050505050505051,0.005050505050505051,0.09090909090909091,0.03535353535353535,0.04040404040404041,0.005050505050505051,0.06060606060606061,0.04040404040404041,0.08080808080808081,0.0,0.0,0.0,0.0,0.0,0.0,0.0,0.0,0.0,0.0,0.0,0.0,0.0,0.0,0.0,0.0
0.26515151515151514,0.20454545454545456,0.041666666666666664,0.056818181818181816,0.007575757575757576,0.03409090909090909,0.007575757575757576,0.022727272727272728,0.0946969696969697,0.041666666666666664,0.0,0.0,0.003787878787878788,0.0,0.0,0.003787878787878788,0.003787878787878788,0.0,0.0,0.015151515151515152,0.0,0.0,0.0,0.0,0.0,0.0,0.03409090909090909,0.0,0.056818181818181816,0.026515151515151516,0.045454545454545456,0.022727272727272728,0.011363636363636364,0.0,0.0,0.0,0.0,0.0,0.0
0.2626582278481013,0.16139240506329114,0.06329113924050633,0.06962025316455696,0.00949367088607595,0.0189873417721519,0.05379746835443038,0.02531645569620253,0.00949367088607595,0.028481012658227847,0.006329113924050633,0.00949367088607595,0.0,0.015822784810126583,0.05063291139240506,0.0031645569620253164,0.03164556962025317,0.0189873417721519,0.015822784810126583,0.0,0.00949367088607595,0.006329113924050633,0.015822784810126583,0.006329113924050633,0.02531645569620253,0.006329113924050633,0.0031645569620253164,0.0,0.0,0.03164556962025317,0.006329113924050633,0.0189873417721519,0.00949367088607595,0.0031645569620253164,0.0,0.0,0.0,0.0031645569620253164,0.0
0.45263157894736844,0.11052631578947368,0.1368421052631579,0.05263157894736842,0.010526315789473684,0.021052631578947368,0.021052631578947368,0.015789473684210527,0.010526315789473684,0.021052631578947368,0.031578947368421054,0.0,0.010526315789473684,0.005263157894736842,0.0,0.0,0.010526315789473684,0.0,0.0,0.0,0.0,0.0,0.005263157894736842,0.0,0.015789473684210527,0.005263157894736842,0.015789473684210527,0.0,0.015789473684210527,0.010526315789473684,0.0,0.0,0.0,0.0,0.0,0.005263157894736842,0.005263157894736842,0.0,0.010526315789473684
0.2009132420091324,0.1917808219178082,0.0365296803652968,0.045662100456621,0.0182648401826484,0.0228310502283105,0.0228310502283105,0.045662100456621,0.0091324200913242,0.0045662100456621,0.1004566210045662,0.0136986301369863,0.045662100456621,0.0365296803652968,0.0,0.0045662100456621,0.0,0.0,0.0182648401826484,0.0,0.0136986301369863,0.0,0.0,0.0,0.0045662100456621,0.0182648401826484,0.0319634703196347,0.0273972602739726,0.0730593607305936,0.0,0.0,0.0,0.0,0.0,0.0045662100456621,0.0,0.0091324200913242,0.0,0.0
0.38857142857142857,0.06285714285714286,0.045714285714285714,0.005714285714285714,0.017142857142857144,0.04,0.10285714285714286,0.06857142857142857,0.017142857142857144,0.0,0.0,0.017142857142857144,0.02857142857142857,0.005714285714285714,0.005714285714285714,0.011428571428571429,0.017142857142857144,0.0,0.005714285714285714,0.09714285714285714,0.0,0.0,0.0,0.0,0.0,0.005714285714285714,0.0,0.0,0.0,0.0,0.0,0.04,0.017142857142857144,0.0,0.0,0.0,0.0,0.0,0.0
0.2608695652173913,0.06020066889632107,0.026755852842809364,0.19732441471571907,0.043478260869565216,0.06020066889632107,0.013377926421404682,0.010033444816053512,0.06020066889632107,0.0033444816053511705,0.0,0.0033444816053511705,0.05351170568561873,0.013377926421404682,0.0,0.0,0.0,0.0033444816053511705,0.0,0.013377926421404682,0.0033444816053511705,0.0,0.0,0.010033444816053512,0.0,0.006688963210702341,0.07023411371237458,0.0,0.0,0.0,0.026755852842809364,0.0033444816053511705,0.0,0.0,0.0,0.05016722408026756,0.0,0.0,0.006688963210702341
0.3222748815165877,0.15165876777251186,0.06635071090047394,0.08530805687203792,0.03317535545023697,0.08056872037914692,0.009478672985781991,0.004739336492890996,0.004739336492890996,0.0,0.009478672985781991,0.0,0.02843601895734597,0.0,0.0,0.0,0.018957345971563982,0.0,0.04739336492890995,0.009478672985781991,0.05687203791469194,0.018957345971563982,0.009478672985781991,0.0,0.0,0.004739336492890996,0.004739336492890996,0.0,0.0,0.0,0.0,0.0,0.0,0.03317535545023697,0.0,0.0,0.0,0.0,0.0
0.38321167883211676,0.14233576642335766,0.029197080291970802,0.04744525547445255,0.021897810218978103,0.043795620437956206,0.043795620437956206,0.0072992700729927005,0.014598540145985401,0.0036496350364963502,0.0036496350364963502,0.0,0.0,0.0036496350364963502,0.029197080291970802,0.043795620437956206,0.01824817518248175,0.0,0.0,0.0,0.0,0.0,0.06569343065693431,0.010948905109489052,0.0036496350364963502,0.0,0.0,0.0,0.0,0.0,0.01824817518248175,0.0,0.0,0.0,0.0,0.0,0.0,0.010948905109489052,0.05474452554744526
0.23113207547169812,0.0660377358490566,0.19811320754716982,0.014150943396226415,0.018867924528301886,0.009433962264150943,0.0,0.0,0.08490566037735849,0.0,0.0047169811320754715,0.08962264150943396,0.0,0.0047169811320754715,0.02358490566037736,0.14150943396226415,0.0,0.0,0.0047169811320754715,0.0,0.0,0.0,0.0,0.0330188679245283,0.02358490566037736,0.0,0.0,0.0,0.0,0.0,0.0047169811320754715,0.0,0.0,0.0,0.0,0.0,0.04716981132075472,0.0,0.0
0.23163841807909605,0.24858757062146894,0.05084745762711865,0.03389830508474576,0.01694915254237288,0.022598870056497175,0.01694915254237288,0.011299435028248588,0.0,0.011299435028248588,0.05649717514124294,0.14689265536723164,0.0,0.0,0.05084745762711865,0.011299435028248588,0.005649717514124294,0.0,0.0,0.0,0.0,0.0,0.0,0.0,0.0,0.005649717514124294,0.0,0.07344632768361582,0.0,0.0,0.0,0.0,0.0,0.0,0.0,0.0,0.0,0.005649717514124294,0.0
0.3705357142857143,0.17410714285714285,0.04017857142857143,0.03571428571428571,0.03571428571428571,0.004464285714285714,0.004464285714285714,0.004464285714285714,0.026785714285714284,0.004464285714285714,0.022321428571428572,0.008928571428571428,0.13839285714285715,0.026785714285714284,0.0,0.0,0.008928571428571428,0.0,0.0,0.0,0.0,0.0,0.004464285714285714,0.004464285714285714,0.008928571428571428,0.0,0.06696428571428571,0.0,0.0,0.0,0.0,0.0,0.0,0.004464285714285714,0.0,0.0,0.0,0.004464285714285714,0.0
0.5376344086021505,0.11827956989247312,0.08602150537634409,0.0967741935483871,0.010752688172043012,0.021505376344086023,0.010752688172043012,0.021505376344086023,0.0,0.010752688172043012,0.010752688172043012,0.03225806451612903,0.0,0.021505376344086023,0.010752688172043012,0.0,0.010752688172043012,0.0,0.0,0.0,0.0,0.0,0.0,0.0,0.0,0.0,0.0,0.0,0.0,0.0,0.0,0.0,0.0,0.0,0.0,0.0,0.0,0.0,0.0
0.28846153846153844,0.17307692307692307,0.14903846153846154,0.11057692307692307,0.028846153846153848,0.004807692307692308,0.014423076923076924,0.019230769230769232,0.014423076923076924,0.019230769230769232,0.0,0.0,0.004807692307692308,0.019230769230769232,0.0,0.014423076923076924,0.0,0.004807692307692308,0.0,0.009615384615384616,0.0,0.004807692307692308,0.0,0.0,0.0,0.004807692307692308,0.0,0.0,0.0,0.0,0.004807692307692308,0.02403846153846154,0.0,0.0,0.0,0.014423076923076924,0.0,0.02403846153846154,0.04807692307692308
0.21138211382113822,0.15040650406504066,0.12195121951219512,0.056910569105691054,0.056910569105691054,0.016260162601626018,0.016260162601626018,0.032520325203252036,0.02032520325203252,0.012195121951219513,0.0040650406504065045,0.012195121951219513,0.0,0.08943089430894309,0.0,0.0040650406504065045,0.032520325203252036,0.036585365853658534,0.012195121951219513,0.0,0.02032520325203252,0.052845528455284556,0.0,0.0,0.0,0.032520325203252036,0.0,0.0,0.0040650406504065045,0.0,0.0040650406504065045,0.0,0.0,0.0,0.0,0.0,0.0,0.0,0.0
0.26582278481012656,0.11814345991561181,0.12658227848101267,0.05063291139240506,0.046413502109704644,0.004219409282700422,0.008438818565400843,0.008438818565400843,0.02531645569620253,0.10548523206751055,0.016877637130801686,0.02109704641350211,0.0379746835443038,0.012658227848101266,0.0379746835443038,0.016877637130801686,0.004219409282700422,0.0,0.0,0.0,0.0,0.0,0.0,0.0,0.02109704641350211,0.0,0.004219409282700422,0.016877637130801686,0.0,0.05063291139240506,0.0,0.0,0.0,0.0,0.0,0.0,0.0,0.0,0.0
0.22727272727272727,0.1717171717171717,0.15656565656565657,0.045454545454545456,0.010101010101010102,0.005050505050505051,0.0,0.0,0.010101010101010102,0.0,0.020202020202020204,0.0707070707070707,0.010101010101010102,0.010101010101010102,0.0,0.020202020202020204,0.0,0.030303030303030304,0.0,0.0,0.0,0.050505050505050504,0.005050505050505051,0.015151515151515152,0.0,0.0,0.0,0.005050505050505051,0.0,0.0,0.0,0.0,0.0,0.0,0.0,0.0,0.0707070707070707,0.06565656565656566,0.0
0.44966442953020136,0.28859060402684567,0.06711409395973154,0.020134228187919462,0.020134228187919462,0.040268456375838924,0.013422818791946308,0.0,0.03355704697986577,0.0,0.0,0.013422818791946308,0.0,0.0,0.0,0.006711409395973154,0.0,0.0,0.0,0.0,0.0,0.0,0.0,0.0,0.0,0.0,0.0,0.0,0.0,0.0,0.020134228187919462,0.0,0.0,0.0,0.0,0.0,0.0,0.0,0.026845637583892617
0.23157894736842105,0.1736842105263158,0.1,0.042105263157894736,0.12631578947368421,0.005263157894736842,0.010526315789473684,0.05263157894736842,0.021052631578947368,0.010526315789473684,0.05789473684210526,0.005263157894736842,0.0,0.005263157894736842,0.005263157894736842,0.042105263157894736,0.0,0.0,0.0,0.0,0.005263157894736842,0.005263157894736842,0.0,0.08421052631578947,0.0,0.0,0.0,0.0,0.0,0.0,0.0,0.0,0.0,0.0,0.0,0.0,0.015789473684210527,0.0,0.0
0.20689655172413793,0.04980842911877394,0.06896551724137931,0.10344827586206896,0.019157088122605363,0.04597701149425287,0.011494252873563218,0.019157088122605363,0.02681992337164751,0.11494252873563218,0.034482758620689655,0.0,0.0,0.01532567049808429,0.022988505747126436,0.0,0.007662835249042145,0.0,0.038314176245210725,0.0,0.05747126436781609,0.0,0.0,0.0038314176245210726,0.011494252873563218,0.0038314176245210726,0.0,0.0,0.01532567049808429,0.12260536398467432,0.0,0.0,0.0,0.0,0.0,0.0,0.0,0.0,0.0
0.4396551724137931,0.13793103448275862,0.017241379310344827,0.008620689655172414,0.03017241379310345,0.03879310344827586,0.04741379310344827,0.03017241379310345,0.01293103448275862,0.0,0.004310344827586207,0.0,0.004310344827586207,0.004310344827586207,0.01293103448275862,0.03879310344827586,0.0,0.0,0.0,0.01293103448275862,0.008620689655172414,0.0,0.021551724137931036,0.008620689655172414,0.0,0.0,0.0,0.0,0.0,0.0,0.0,0.004310344827586207,0.0,0.0,0.0,0.008620689655172414,0.02586206896551724,0.008620689655172414,0.07327586206896551
0.23788546255506607,0.07488986784140969,0.06607929515418502,0.04405286343612335,0.048458149779735685,0.013215859030837005,0.0,0.048458149779735685,0.0,0.048458149779735685,0.004405286343612335,0.048458149779735685,0.0,0.0,0.030837004405286344,0.0,0.15859030837004406,0.0,0.0,0.0,0.0,0.0,0.14537444933920704,0.0,0.0,0.0,0.0,0.0,0.004405286343612335,0.022026431718061675,0.0,0.0,0.0,0.0,0.004405286343612335,0.0,0.0,0.0,0.0
0.319047619047619,0.11428571428571428,0.04285714285714286,0.0761904761904762,0.02857142857142857,0.004761904761904762,0.0,0.01904761904761905,0.023809523809523808,0.004761904761904762,0.014285714285714285,0.0,0.014285714285714285,0.01904761904761905,0.009523809523809525,0.0,0.14285714285714285,0.0,0.0,0.0,0.0,0.0,0.1380952380952381,0.0,0.009523809523809525,0.0,0.0,0.0,0.0,0.0,0.0,0.0,0.0,0.0,0.0,0.0,0.004761904761904762,0.0,0.014285714285714285
0.18604651162790697,0.14728682170542637,0.031007751937984496,0.01937984496124031,0.03875968992248062,0.08527131782945736,0.050387596899224806,0.0,0.031007751937984496,0.05426356589147287,0.031007751937984496,0.10465116279069768,0.0,0.0,0.01937984496124031,0.031007751937984496,0.01937984496124031,0.0,0.003875968992248062,0.011627906976744186,0.003875968992248062,0.01937984496124031,0.007751937984496124,0.023255813953488372,0.003875968992248062,0.003875968992248062,0.0,0.031007751937984496,0.003875968992248062,0.007751937984496124,0.01937984496124031,0.003875968992248062,0.0,0.0,0.003875968992248062,0.0,0.0,0.003875968992248062,0.0
0.3588516746411483,0.22488038277511962,0.1291866028708134,0.09090909090909091,0.004784688995215311,0.014354066985645933,0.009569377990430622,0.004784688995215311,0.004784688995215311,0.0,0.004784688995215311,0.0,0.0,0.009569377990430622,0.0,0.014354066985645933,0.0,0.004784688995215311,0.0,0.0,0.004784688995215311,0.0,0.004784688995215311,0.0,0.0,0.004784688995215311,0.0,0.0,0.0,0.0,0.0,0.0,0.0,0.014354066985645933,0.004784688995215311,0.0,0.05741626794258373,0.03349282296650718,0.0
0.20093457943925233,0.14485981308411214,0.1542056074766355,0.037383177570093455,0.0514018691588785,0.03271028037383177,0.009345794392523364,0.009345794392523364,0.0,0.004672897196261682,0.0,0.004672897196261682,0.0,0.0,0.0,0.0,0.0,0.09345794392523364,0.07009345794392523,0.07476635514018691,0.0514018691588785,0.056074766355140186,0.0,0.0,0.0,0.0,0.0,0.0,0.0,0.0,0.0,0.0,0.0,0.0,0.004672897196261682,0.0,0.0,0.0,0.0
0.3384615384615385,0.05641025641025641,0.041025641025641026,0.020512820512820513,0.015384615384615385,0.02564102564102564,0.02564102564102564,0.21025641025641026,0.046153846153846156,0.0,0.0,0.0,0.0,0.0,0.0,0.0,0.0,0.0,0.0,0.0,0.0,0.0,0.0,0.0,0.0,0.0,0.0,0.005128205128205128,0.0,0.005128205128205128,0.15897435897435896,0.020512820512820513,0.0,0.0,0.0,0.0,0.0,0.0,0.03076923076923077
0.5,0.1651376146788991,0.13761467889908258,0.045871559633027525,0.027522935779816515,0.027522935779816515,0.045871559633027525,0.013761467889908258,0.0,0.0,0.0,0.0,0.01834862385321101,0.0,0.0,0.0,0.0,0.0045871559633027525,0.0,0.0045871559633027525,0.0045871559633027525,0.0,0.0,0.0,0.0,0.0,0.0,0.0045871559633027525,0.0,0.0,0.0,0.0,0.0,0.0,0.0,0.0,0.0,0.0,0.0
0.31277533039647576,0.0881057268722467,0.09251101321585903,0.03524229074889868,0.048458149779735685,0.04405286343612335,0.004405286343612335,0.02643171806167401,0.013215859030837005,0.0,0.0,0.004405286343612335,0.0,0.0,0.013215859030837005,0.06607929515418502,0.0881057268722467,0.004405286343612335,0.0,0.0,0.0,0.0,0.07929515418502203,0.04405286343612335,0.013215859030837005,0.0,0.0,0.0,0.0,0.0,0.0,0.0,0.0,0.004405286343612335,0.0,0.0,0.004405286343612335,0.0,0.013215859030837005
0.2088888888888889,0.2,0.12,0.07555555555555556,0.05333333333333334,0.022222222222222223,0.013333333333333334,0.0044444444444444444,0.017777777777777778,0.02666666666666667,0.013333333333333334,0.022222222222222223,0.0044444444444444444,0.0,0.0,0.0044444444444444444,0.013333333333333334,0.0,0.04888888888888889,0.0,0.07555555555555556,0.0044444444444444444,0.0,0.0,0.0044444444444444444,0.0,0.0,0.022222222222222223,0.0,0.0,0.0,0.0,0.0,0.0,0.0,0.0,0.0,0.044444444444444446,0.0
0.3485714285714286,0.14285714285714285,0.05714285714285714,0.022857142857142857,0.017142857142857144,0.02857142857142857,0.005714285714285714,0.005714285714285714,0.02857142857142857,0.0,0.005714285714285714,0.005714285714285714,0.10285714285714286,0.005714285714285714,0.0,0.0,0.0,0.0,0.0,0.13714285714285715,0.0,0.0,0.0,0.022857142857142857,0.0,0.0,0.06285714285714286,0.0,0.0,0.0,0.0,0.0,0.0,0.0,0.0,0.0,0.0,0.0,0.0
0.2968036529680365,0.091324200913242,0.0593607305936073,0.1324200913242009,0.0091324200913242,0.0,0.0182648401826484,0.0730593607305936,0.0,0.0,0.0,0.0547945205479452,0.0,0.0045662100456621,0.0,0.0639269406392694,0.0,0.0045662100456621,0.0,0.0365296803652968,0.0,0.0,0.0,0.0273972602739726,0.0,0.0,0.0,0.0136986301369863,0.0,0.0,0.0,0.0273972602739726,0.0,0.0,0.0,0.0684931506849315,0.0182648401826484,0.0,0.0
0.29004329004329005,0.16883116883116883,0.05194805194805195,0.047619047619047616,0.03896103896103896,0.021645021645021644,0.03463203463203463,0.004329004329004329,0.05194805194805195,0.012987012987012988,0.021645021645021644,0.0,0.0,0.0,0.04329004329004329,0.04329004329004329,0.012987012987012988,0.017316017316017316,0.008658008658008658,0.021645021645021644,0.008658008658008658,0.017316017316017316,0.0,0.030303030303030304,0.04329004329004329,0.0,0.0,0.0,0.0,0.0,0.008658008658008658,0.0,0.0,0.0,0.0,0.0,0.0,0.0,0.0
0.25742574257425743,0.13366336633663367,0.06930693069306931,0.039603960396039604,0.04950495049504951,0.0297029702970297,0.01485148514851485,0.039603960396039604,0.009900990099009901,0.01485148514851485,0.019801980198019802,0.019801980198019802,0.0,0.0,0.0594059405940594,0.0049504950495049506,0.0,0.0049504950495049506,0.11386138613861387,0.0,0.06435643564356436,0.0,0.009900990099009901,0.0,0.024752475247524754,0.009900990099009901,0.0,0.0,0.0,0.009900990099009901,0.0,0.0,0.0,0.0,0.0,0.0,0.0,0.0,0.0
0.29292929292929293,0.18518518518518517,0.050505050505050504,0.09764309764309764,0.12457912457912458,0.003367003367003367,0.006734006734006734,0.016835016835016835,0.05723905723905724,0.006734006734006734,0.0,0.003367003367003367,0.0,0.0,0.003367003367003367,0.0,0.003367003367003367,0.0,0.0,0.0,0.0,0.0,0.0,0.0,0.0,0.003367003367003367,0.0,0.006734006734006734,0.0,0.010101010101010102,0.05723905723905724,0.0,0.0,0.0,0.05723905723905724,0.0,0.0,0.013468013468013467,0.0
0.25806451612903225,0.16129032258064516,0.021505376344086023,0.10215053763440861,0.026881720430107527,0.021505376344086023,0.08064516129032258,0.043010752688172046,0.043010752688172046,0.0,0.005376344086021506,0.016129032258064516,0.010752688172043012,0.08602150537634409,0.0,0.0,0.0,0.005376344086021506,0.0,0.0,0.010752688172043012,0.0,0.010752688172043012,0.0,0.010752688172043012,0.05913978494623656,0.0,0.005376344086021506,0.0,0.0,0.0,0.0,0.005376344086021506,0.016129032258064516,0.0,0.0,0.0,0.0,0.0
0.2620320855614973,0.2994652406417112,0.053475935828877004,0.026737967914438502,0.11229946524064172,0.0053475935828877,0.0213903743315508,0.0053475935828877,0.09090909090909091,0.0,0.016042780748663103,0.016042780748663103,0.0106951871657754,0.0,0.0,0.0,0.0053475935828877,0.0053475935828877,0.0053475935828877,0.0,0.0,0.0053475935828877,0.0,0.0,0.0,0.0,0.0,0.0,0.0,0.0,0.0,0.0,0.0,0.0,0.0213903743315508,0.0,0.0,0.0374331550802139,0.0
0.5027322404371585,0.08196721311475409,0.16939890710382513,0.04918032786885246,0.01639344262295082,0.03278688524590164,0.00546448087431694,0.00546448087431694,0.0,0.0,0.0,0.0,0.00546448087431694,0.0,0.0,0.0,0.00546448087431694,0.0,0.0,0.0,0.0,0.0,0.0,0.0,0.0,0.01092896174863388,0.00546448087431694,0.0,0.0,0.0,0.0,0.0,0.0,0.0,0.0,0.03825136612021858,0.07103825136612021,0.0,0.0
0.3492063492063492,0.14814814814814814,0.15343915343915343,0.06878306878306878,0.07407407407407407,0.021164021164021163,0.037037037037037035,0.026455026455026454,0.005291005291005291,0.0,0.015873015873015872,0.005291005291005291,0.0,0.005291005291005291,0.0,0.021164021164021163,0.015873015873015872,0.005291005291005291,0.0,0.0,0.0,0.0,0.0,0.010582010582010581,0.0,0.0,0.0,0.0,0.0,0.0,0.0,0.015873015873015872,0.0,0.0,0.0,0.015873015873015872,0.0,0.0,0.005291005291005291
0.21717171717171718,0.1919191919191919,0.0707070707070707,0.03535353535353535,0.15656565656565657,0.0,0.04040404040404041,0.010101010101010102,0.015151515151515152,0.0,0.010101010101010102,0.015151515151515152,0.005050505050505051,0.020202020202020204,0.0,0.015151515151515152,0.0,0.0,0.0,0.005050505050505051,0.0,0.0,0.005050505050505051,0.020202020202020204,0.0,0.0,0.005050505050505051,0.010101010101010102,0.0,0.0,0.0,0.0,0.0,0.0,0.1414141414141414,0.0,0.0,0.010101010101010102,0.0
0.26424870466321243,0.046632124352331605,0.05699481865284974,0.046632124352331605,0.10880829015544041,0.06217616580310881,0.0051813471502590676,0.0051813471502590676,0.0,0.05181347150259067,0.010362694300518135,0.11398963730569948,0.046632124352331605,0.0,0.0,0.0,0.0,0.04145077720207254,0.0,0.0,0.0051813471502590676,0.010362694300518135,0.0,0.0,0.0051813471502590676,0.0,0.0,0.09844559585492228,0.0,0.0,0.0,0.0051813471502590676,0.0051813471502590676,0.0,0.010362694300518135,0.0,0.0,0.0,0.0
0.22093023255813954,0.09302325581395349,0.10465116279069768,0.005813953488372093,0.01744186046511628,0.1511627906976744,0.005813953488372093,0.0,0.1511627906976744,0.0,0.0,0.0,0.0,0.0,0.0,0.0,0.0,0.0,0.0,0.0,0.0,0.0,0.0,0.0,0.0,0.005813953488372093,0.0,0.0,0.0,0.005813953488372093,0.13372093023255813,0.0,0.0,0.09883720930232558,0.0,0.0,0.005813953488372093,0.0,0.0
0.3559322033898305,0.20903954802259886,0.022598870056497175,0.02824858757062147,0.1016949152542373,0.03389830508474576,0.02824858757062147,0.0,0.005649717514124294,0.01694915254237288,0.022598870056497175,0.03954802259887006,0.011299435028248588,0.005649717514124294,0.011299435028248588,0.0,0.0,0.0,0.0,0.0,0.005649717514124294,0.005649717514124294,0.0,0.0,0.0,0.0,0.0,0.005649717514124294,0.011299435028248588,0.011299435028248588,0.0,0.005649717514124294,0.0,0.005649717514124294,0.0,0.0,0.0,0.0,0.05649717514124294
0.30246913580246915,0.1111111111111111,0.08641975308641975,0.06172839506172839,0.024691358024691357,0.037037037037037035,0.024691358024691357,0.006172839506172839,0.037037037037037035,0.04938271604938271,0.006172839506172839,0.04938271604938271,0.0,0.043209876543209874,0.0,0.0,0.037037037037037035,0.0,0.024691358024691357,0.0,0.012345679012345678,0.0,0.018518518518518517,0.0,0.0,0.06790123456790123,0.0,0.0,0.0,0.0,0.0,0.0,0.0,0.0,0.0,0.0,0.0,0.0,0.0
0.2824427480916031,0.12595419847328243,0.0648854961832061,0.061068702290076333,0.011450381679389313,0.0,0.007633587786259542,0.011450381679389313,0.015267175572519083,0.03816793893129771,0.019083969465648856,0.0,0.003816793893129771,0.003816793893129771,0.16412213740458015,0.0,0.0,0.0,0.0,0.0,0.0,0.003816793893129771,0.0,0.003816793893129771,0.15267175572519084,0.0,0.0,0.0,0.0,0.030534351145038167,0.0,0.0,0.0,0.0,0.0,0.0,0.0,0.0,0.0
0.3026315789473684,0.06578947368421052,0.10964912280701754,0.05701754385964912,0.0043859649122807015,0.0043859649122807015,0.008771929824561403,0.0,0.03070175438596491,0.10087719298245613,0.008771929824561403,0.08771929824561403,0.0043859649122807015,0.0,0.0,0.0,0.0,0.0,0.0,0.0,0.0043859649122807015,0.0,0.0,0.0,0.0,0.0,0.0,0.19298245614035087,0.017543859649122806,0.0,0.0,0.0,0.0,0.0,0.0,0.0,0.0,0.0,0.0
0.31413612565445026,0.27225130890052357,0.031413612565445025,0.06806282722513089,0.04712041884816754,0.031413612565445025,0.005235602094240838,0.020942408376963352,0.015706806282722512,0.0,0.020942408376963352,0.010471204188481676,0.0,0.0,0.0,0.015706806282722512,0.0,0.0,0.0,0.0,0.0,0.02617801047120419,0.0,0.0,0.0,0.0,0.0,0.0,0.0,0.0,0.0,0.0,0.0,0.0,0.0,0.0,0.0,0.12041884816753927,0.0
0.23923444976076555,0.11961722488038277,0.0430622009569378,0.07177033492822966,0.0430622009569378,0.03349282296650718,0.009569377990430622,0.004784688995215311,0.0,0.009569377990430622,0.0,0.0,0.05263157894736842,0.0,0.023923444976076555,0.0,0.11004784688995216,0.0,0.03349282296650718,0.019138755980861243,0.009569377990430622,0.014354066985645933,0.14832535885167464,0.0,0.0,0.0,0.0,0.0,0.0,0.0,0.0,0.0,0.014354066985645933,0.0,0.0,0.0,0.0,0.0,0.0
0.3696969696969697,0.09090909090909091,0.01818181818181818,0.2,0.07272727272727272,0.01818181818181818,0.01818181818181818,0.0,0.0,0.0,0.0,0.0,0.006060606060606061,0.006060606060606061,0.0,0.0,0.0,0.0,0.0,0.0,0.0,0.0,0.0,0.0,0.0,0.006060606060606061,0.0,0.0,0.012121212121212121,0.01818181818181818,0.024242424242424242,0.030303030303030304,0.0,0.0,0.0,0.10909090909090909,0.0,0.0,0.0
0.1724137931034483,0.22167487684729065,0.1477832512315271,0.019704433497536946,0.07881773399014778,0.009852216748768473,0.07881773399014778,0.0049261083743842365,0.0,0.0,0.029556650246305417,0.0,0.0,0.0,0.0049261083743842365,0.019704433497536946,0.0,0.0049261083743842365,0.019704433497536946,0.0,0.0,0.0,0.0,0.0,0.0,0.009852216748768473,0.0,0.0,0.0,0.0049261083743842365,0.0,0.0,0.04433497536945813,0.0,0.06896551724137931,0.0,0.059113300492610835,0.0,0.0
0.2857142857142857,0.17532467532467533,0.1266233766233766,0.0,0.016233766233766232,0.00974025974025974,0.00974025974025974,0.00974025974025974,0.006493506493506494,0.04220779220779221,0.0,0.06168831168831169,0.01948051948051948,0.00974025974025974,0.003246753246753247,0.003246753246753247,0.003246753246753247,0.0,0.0,0.0,0.0,0.0,0.016233766233766232,0.05844155844155844,0.022727272727272728,0.006493506493506494,0.006493506493506494,0.05844155844155844,0.0,0.012987012987012988,0.0,0.0,0.0,0.0,0.0,0.003246753246753247,0.00974025974025974,0.003246753246753247,0.01948051948051948
0.5197368421052632,0.07894736842105263,0.03289473684210526,0.07894736842105263,0.013157894736842105,0.0,0.0,0.0,0.0,0.0,0.006578947368421052,0.013157894736842105,0.006578947368421052,0.006578947368421052,0.006578947368421052,0.013157894736842105,0.0,0.0,0.09868421052631579,0.019736842105263157,0.07894736842105263,0.0,0.0,0.0,0.019736842105263157,0.0,0.0,0.0,0.0,0.0,0.0,0.0,0.0,0.0,0.0,0.0,0.0,0.0,0.006578947368421052
0.28205128205128205,0.17307692307692307,0.07692307692307693,0.0641025641025641,0.057692307692307696,0.04487179487179487,0.0,0.05128205128205128,0.019230769230769232,0.04487179487179487,0.00641025641025641,0.00641025641025641,0.0,0.019230769230769232,0.0,0.038461538461538464,0.00641025641025641,0.00641025641025641,0.0,0.0,0.0,0.0,0.0,0.01282051282051282,0.0,0.01282051282051282,0.0,0.0,0.00641025641025641,0.05128205128205128,0.00641025641025641,0.0,0.0,0.0,0.01282051282051282,0.0,0.0,0.0,0.0
0.3956043956043956,0.1043956043956044,0.06593406593406594,0.04395604395604396,0.054945054945054944,0.054945054945054944,0.02197802197802198,0.01098901098901099,0.016483516483516484,0.03296703296703297,0.027472527472527472,0.0,0.0,0.04395604395604396,0.005494505494505495,0.01098901098901099,0.01098901098901099,0.0,0.005494505494505495,0.0,0.0,0.0,0.0,0.01098901098901099,0.0,0.04945054945054945,0.0,0.0,0.0,0.0,0.0,0.0,0.0,0.03296703296703297,0.0,0.0,0.0,0.0,0.0
0.4511627906976744,0.17674418604651163,0.07441860465116279,0.009302325581395349,0.004651162790697674,0.04186046511627907,0.018604651162790697,0.0,0.018604651162790697,0.037209302325581395,0.004651162790697674,0.0,0.004651162790697674,0.0,0.009302325581395349,0.004651162790697674,0.004651162790697674,0.004651162790697674,0.0,0.004651162790697674,0.0,0.0,0.004651162790697674,0.0,0.009302325581395349,0.004651162790697674,0.0,0.0,0.009302325581395349,0.07441860465116279,0.0,0.0,0.0,0.0,0.0,0.0,0.0,0.018604651162790697,0.009302325581395349
0.2713178294573643,0.08527131782945736,0.03875968992248062,0.1124031007751938,0.11627906976744186,0.023255813953488372,0.0,0.007751937984496124,0.0,0.003875968992248062,0.023255813953488372,0.003875968992248062,0.023255813953488372,0.05813953488372093,0.0,0.0,0.05426356589147287,0.0,0.03875968992248062,0.0,0.08914728682170543,0.0,0.015503875968992248,0.0,0.0,0.0,0.003875968992248062,0.0,0.0,0.0,0.0,0.0,0.0,0.0,0.011627906976744186,0.01937984496124031,0.0,0.0,0.0
0.3076923076923077,0.1978021978021978,0.1043956043956044,0.027472527472527472,0.038461538461538464,0.01098901098901099,0.02197802197802198,0.07142857142857142,0.005494505494505495,0.01098901098901099,0.0,0.054945054945054944,0.01098901098901099,0.0,0.0,0.0,0.038461538461538464,0.0,0.0,0.01098901098901099,0.01098901098901099,0.0,0.0,0.0,0.0,0.0,0.0,0.054945054945054944,0.0,0.0,0.0,0.02197802197802198,0.0,0.0,0.0,0.0,0.0,0.0,0.0
0.22994652406417113,0.1925133689839572,0.0748663101604278,0.13368983957219252,0.0374331550802139,0.053475935828877004,0.0053475935828877,0.0213903743315508,0.10160427807486631,0.0053475935828877,0.0,0.0,0.0,0.0,0.0,0.0,0.0,0.0,0.0,0.0,0.0,0.0,0.0,0.0,0.0,0.0,0.0,0.0,0.0,0.0,0.09090909090909091,0.0,0.0,0.0,0.026737967914438502,0.026737967914438502,0.0,0.0,0.0
0.29818181818181816,0.05818181818181818,0.11272727272727273,0.03636363636363636,0.05818181818181818,0.05090909090909091,0.01090909090909091,0.08363636363636363,0.007272727272727273,0.01818181818181818,0.0,0.01818181818181818,0.08,0.0,0.014545454545454545,0.0,0.007272727272727273,0.014545454545454545,0.03636363636363636,0.0,0.014545454545454545,0.01818181818181818,0.0,0.0,0.0,0.007272727272727273,0.02181818181818182,0.0036363636363636364,0.0,0.0036363636363636364,0.0,0.014545454545454545,0.0,0.0,0.01090909090909091,0.0,0.0,0.0,0.0
0.15289256198347106,0.19008264462809918,0.0371900826446281,0.045454545454545456,0.02066115702479339,0.08264462809917356,0.028925619834710745,0.02066115702479339,0.09504132231404959,0.01652892561983471,0.06198347107438017,0.0,0.0,0.0,0.012396694214876033,0.0,0.008264462809917356,0.0,0.0,0.008264462809917356,0.0,0.004132231404958678,0.04132231404958678,0.0,0.04132231404958678,0.0,0.004132231404958678,0.0,0.05371900826446281,0.004132231404958678,0.0,0.008264462809917356,0.0,0.012396694214876033,0.0,0.0,0.0,0.049586776859504134,0.0
0.2534246575342466,0.1506849315068493,0.10273972602739725,0.0410958904109589,0.0410958904109589,0.0136986301369863,0.00684931506849315,0.017123287671232876,0.06506849315068493,0.023972602739726026,0.03767123287671233,0.00684931506849315,0.00684931506849315,0.0,0.05821917808219178,0.003424657534246575,0.0,0.010273972602739725,0.010273972602739725,0.0,0.0,0.0,0.010273972602739725,0.0,0.030821917808219176,0.003424657534246575,0.010273972602739725,0.030821917808219176,0.0410958904109589,0.003424657534246575,0.00684931506849315,0.0,0.0,0.0,0.0,0.003424657534246575,0.0,0.010273972602739725,0.0
0.2880658436213992,0.12757201646090535,0.14814814814814814,0.08641975308641975,0.03292181069958848,0.037037037037037035,0.10699588477366255,0.0,0.00411522633744856,0.0,0.00823045267489712,0.024691358024691357,0.0,0.012345679012345678,0.012345679012345678,0.0,0.0,0.00411522633744856,0.00411522633744856,0.0,0.0,0.0,0.00411522633744856,0.0,0.0,0.0,0.0,0.0,0.0,0.0,0.0,0.0,0.08641975308641975,0.0,0.00411522633744856,0.0,0.00823045267489712,0.0,0.0
0.45789473684210524,0.12105263157894737,0.07368421052631578,0.10526315789473684,0.03684210526315789,0.005263157894736842,0.005263157894736842,0.010526315789473684,0.005263157894736842,0.010526315789473684,0.015789473684210527,0.0,0.005263157894736842,0.0,0.010526315789473684,0.0,0.0,0.0,0.0,0.0,0.0,0.0,0.0,0.0,0.010526315789473684,0.0,0.0,0.0,0.0,0.0,0.0,0.0,0.0,0.0,0.005263157894736842,0.08947368421052632,0.0,0.015789473684210527,0.015789473684210527
0.23265306122448978,0.12653061224489795,0.07346938775510205,0.061224489795918366,0.05714285714285714,0.09387755102040816,0.02040816326530612,0.012244897959183673,0.02040816326530612,0.012244897959183673,0.0,0.0,0.0326530612244898,0.00816326530612245,0.061224489795918366,0.0,0.0,0.00816326530612245,0.053061224489795916,0.012244897959183673,0.02857142857142857,0.0,0.0,0.004081632653061225,0.02857142857142857,0.004081632653061225,0.012244897959183673,0.0,0.0,0.0163265306122449,0.00816326530612245,0.0,0.0,0.0,0.012244897959183673,0.0,0.0,0.0,0.0
0.3,0.18666666666666668,0.09333333333333334,0.04,0.02666666666666667,0.02666666666666667,0.006666666666666667,0.006666666666666667,0.0,0.0,0.02,0.0,0.0,0.013333333333333334,0.0,0.0,0.02,0.14,0.06666666666666667,0.0,0.0,0.03333333333333333,0.0,0.0,0.0,0.0,0.0,0.0,0.006666666666666667,0.0,0.0,0.0,0.0,0.0,0.0,0.0,0.006666666666666667,0.0,0.006666666666666667
0.3024390243902439,0.07317073170731707,0.13658536585365855,0.12195121951219512,0.01951219512195122,0.0,0.11219512195121951,0.014634146341463415,0.0,0.03902439024390244,0.0,0.0,0.0,0.0,0.0,0.0,0.0,0.0,0.0,0.0,0.0,0.0,0.0,0.0,0.0,0.0,0.0,0.0,0.0,0.09268292682926829,0.0,0.0,0.04390243902439024,0.0,0.0,0.02926829268292683,0.014634146341463415,0.0,0.0
0.2765151515151515,0.10606060606060606,0.08333333333333333,0.041666666666666664,0.030303030303030304,0.007575757575757576,0.06060606060606061,0.01893939393939394,0.007575757575757576,0.03787878787878788,0.0,0.003787878787878788,0.022727272727272728,0.0,0.06060606060606061,0.030303030303030304,0.015151515151515152,0.015151515151515152,0.0,0.0,0.0,0.007575757575757576,0.08333333333333333,0.030303030303030304,0.056818181818181816,0.0,0.0,0.0,0.0,0.0,0.0,0.0,0.0,0.0,0.0,0.0,0.0,0.003787878787878788,0.0
0.3073170731707317,0.11219512195121951,0.17073170731707318,0.04878048780487805,0.04390243902439024,0.06829268292682927,0.004878048780487805,0.06341463414634146,0.0,0.004878048780487805,0.0,0.0,0.004878048780487805,0.004878048780487805,0.0,0.0,0.0,0.0,0.0,0.0,0.024390243902439025,0.01951219512195122,0.004878048780487805,0.0,0.0,0.04878048780487805,0.02926829268292683,0.0,0.0,0.0,0.0,0.0,0.0,0.0,0.0,0.0,0.03902439024390244,0.0,0.0
0.3125,0.11029411764705882,0.20588235294117646,0.05514705882352941,0.025735294117647058,0.025735294117647058,0.09191176470588236,0.0,0.003676470588235294,0.003676470588235294,0.003676470588235294,0.003676470588235294,0.0,0.0,0.0,0.0,0.0,0.003676470588235294,0.0,0.0,0.0,0.003676470588235294,0.0,0.0,0.0,0.0,0.0,0.011029411764705883,0.0,0.04044117647058824,0.0,0.0,0.0,0.0,0.0,0.0,0.06985294117647059,0.0,0.029411764705882353
0.330188679245283,0.1179245283018868,0.1792452830188679,0.014150943396226415,0.02358490566037736,0.02358490566037736,0.02358490566037736,0.0330188679245283,0.009433962264150943,0.02830188679245283,0.0,0.0047169811320754715,0.03773584905660377,0.0,0.0,0.014150943396226415,0.0,0.0,0.0,0.0,0.0,0.0,0.0,0.0,0.0,0.0,0.04245283018867924,0.009433962264150943,0.0,0.0,0.0047169811320754715,0.0,0.0,0.0,0.0,0.0,0.08490566037735849,0.0,0.018867924528301886
0.2897196261682243,0.09813084112149532,0.09345794392523364,0.1261682242990654,0.014018691588785047,0.03271028037383177,0.06542056074766354,0.014018691588785047,0.004672897196261682,0.04205607476635514,0.04672897196261682,0.009345794392523364,0.004672897196261682,0.0,0.0,0.004672897196261682,0.0,0.0,0.0,0.0,0.0,0.0,0.004672897196261682,0.014018691588785047,0.0,0.0,0.009345794392523364,0.0,0.028037383177570093,0.004672897196261682,0.0,0.004672897196261682,0.06542056074766354,0.009345794392523364,0.0,0.009345794392523364,0.0,0.004672897196261682,0.0
0.37815126050420167,0.1134453781512605,0.004201680672268907,0.04201680672268908,0.01680672268907563,0.02100840336134454,0.07142857142857142,0.03361344537815126,0.0,0.10084033613445378,0.01680672268907563,0.02100840336134454,0.0,0.03361344537815126,0.004201680672268907,0.0,0.0,0.0,0.004201680672268907,0.0,0.0,0.004201680672268907,0.004201680672268907,0.0,0.0,0.029411764705882353,0.0,0.0,0.0,0.07563025210084033,0.0,0.0,0.025210084033613446,0.0,0.0,0.0,0.0,0.0,0.0
0.3051643192488263,0.09859154929577464,0.07981220657276995,0.014084507042253521,0.06572769953051644,0.028169014084507043,0.028169014084507043,0.06103286384976526,0.018779342723004695,0.014084507042253521,0.014084507042253521,0.0,0.046948356807511735,0.004694835680751174,0.0,0.0,0.009389671361502348,0.023474178403755867,0.07042253521126761,0.018779342723004695,0.04225352112676056,0.004694835680751174,0.0,0.009389671361502348,0.0,0.0,0.04225352112676056,0.0,0.0,0.0,0.0,0.0,0.0,0.0,0.0,0.0,0.0,0.0,0.0
0.2013888888888889,0.1840277777777778,0.11458333333333333,0.08333333333333333,0.03819444444444445,0.013888888888888888,0.013888888888888888,0.09027777777777778,0.0,0.003472222222222222,0.020833333333333332,0.003472222222222222,0.017361111111111112,0.0,0.0,0.0,0.0,0.006944444444444444,0.0,0.0,0.0,0.0,0.0,0.0,0.0,0.0,0.07291666666666667,0.0,0.003472222222222222,0.013888888888888888,0.0,0.020833333333333332,0.013888888888888888,0.0,0.03819444444444445,0.0,0.0,0.010416666666666666,0.034722222222222224
0.31,0.095,0.08,0.06,0.025,0.02,0.035,0.015,0.025,0.02,0.01,0.01,0.0,0.0,0.015,0.02,0.08,0.02,0.055,0.02,0.02,0.015,0.025,0.0,0.0,0.0,0.0,0.0,0.0,0.0,0.0,0.005,0.0,0.0,0.0,0.015,0.005,0.0,0.0
0.344,0.108,0.036,0.028,0.012,0.132,0.028,0.0,0.008,0.012,0.0,0.004,0.012,0.0,0.064,0.0,0.0,0.004,0.0,0.0,0.004,0.0,0.0,0.048,0.004,0.0,0.0,0.0,0.0,0.0,0.0,0.0,0.088,0.008,0.0,0.0,0.0,0.0,0.056
0.40540540540540543,0.0990990990990991,0.05855855855855856,0.08558558558558559,0.02252252252252252,0.0,0.018018018018018018,0.0045045045045045045,0.02702702702702703,0.013513513513513514,0.11711711711711711,0.018018018018018018,0.0,0.0,0.0,0.0,0.0,0.0045045045045045045,0.0045045045045045045,0.0,0.0,0.0,0.0,0.0,0.0,0.0,0.0,0.0045045045045045045,0.05405405405405406,0.009009009009009009,0.0045045045045045045,0.0,0.0,0.0,0.0,0.04504504504504504,0.0,0.0,0.0045045045045045045
0.44545454545454544,0.11363636363636363,0.02727272727272727,0.08636363636363636,0.03636363636363636,0.10454545454545454,0.013636363636363636,0.00909090909090909,0.004545454545454545,0.022727272727272728,0.0,0.00909090909090909,0.0,0.0,0.0,0.0,0.004545454545454545,0.0,0.0,0.00909090909090909,0.0,0.004545454545454545,0.0,0.0,0.0,0.0,0.013636363636363636,0.0,0.0,0.0,0.0,0.0,0.004545454545454545,0.06363636363636363,0.0,0.0,0.0,0.01818181818181818,0.00909090909090909
0.2644628099173554,0.2066115702479339,0.06611570247933884,0.028925619834710745,0.012396694214876033,0.045454545454545456,0.028925619834710745,0.024793388429752067,0.024793388429752067,0.0,0.05785123966942149,0.04132231404958678,0.004132231404958678,0.012396694214876033,0.0,0.02066115702479339,0.0,0.004132231404958678,0.0,0.0,0.0,0.0,0.004132231404958678,0.028925619834710745,0.0,0.02066115702479339,0.0,0.02066115702479339,0.03305785123966942,0.0,0.02066115702479339,0.028925619834710745,0.0,0.0,0.0,0.0,0.0,0.0,0.0
0.22162162162162163,0.20540540540540542,0.1783783783783784,0.05945945945945946,0.02702702702702703,0.0,0.016216216216216217,0.032432432432432434,0.0,0.010810810810810811,0.0,0.0,0.07567567567567568,0.005405405405405406,0.0,0.016216216216216217,0.016216216216216217,0.021621621621621623,0.0,0.021621621621621623,0.0,0.005405405405405406,0.0,0.005405405405405406,0.005405405405405406,0.0,0.05945945945945946,0.0,0.0,0.0,0.0,0.0,0.0,0.0,0.0,0.0,0.010810810810810811,0.005405405405405406,0.0
0.27125506072874495,0.16194331983805668,0.024291497975708502,0.04048582995951417,0.024291497975708502,0.016194331983805668,0.044534412955465584,0.05263157894736842,0.08906882591093117,0.048582995951417005,0.0,0.0,0.004048582995951417,0.048582995951417005,0.024291497975708502,0.016194331983805668,0.0,0.0,0.0,0.004048582995951417,0.0,0.0,0.0,0.032388663967611336,0.0,0.0,0.0,0.0,0.0,0.008097165991902834,0.06477732793522267,0.024291497975708502,0.0,0.0,0.0,0.0,0.0,0.0,0.0
0.47706422018348627,0.1559633027522936,0.05045871559633028,0.03669724770642202,0.022935779816513763,0.0,0.0,0.0,0.0,0.01834862385321101,0.009174311926605505,0.009174311926605505,0.0,0.0,0.0,0.0,0.0,0.0,0.009174311926605505,0.0,0.013761467889908258,0.0,0.0,0.0,0.0,0.0,0.0,0.0,0.0,0.0,0.0,0.0,0.0,0.0,0.0,0.0,0.0,0.0,0.19724770642201836
0.2454212454212454,0.10622710622710622,0.03296703296703297,0.03663003663003663,0.01098901098901099,0.15018315018315018,0.03663003663003663,0.014652014652014652,0.02564102564102564,0.0695970695970696,0.0,0.0,0.0,0.02197802197802198,0.03296703296703297,0.01098901098901099,0.007326007326007326,0.0,0.0,0.0,0.0,0.0,0.0,0.07692307692307693,0.03663003663003663,0.0,0.0,0.0,0.0,0.014652014652014652,0.007326007326007326,0.0,0.0,0.02564102564102564,0.0,0.03296703296703297,0.0,0.0,0.003663003663003663
0.22857142857142856,0.1619047619047619,0.02857142857142857,0.03333333333333333,0.04285714285714286,0.06190476190476191,0.023809523809523808,0.03333333333333333,0.009523809523809525,0.04285714285714286,0.009523809523809525,0.009523809523809525,0.004761904761904762,0.0,0.02857142857142857,0.0,0.09047619047619047,0.04285714285714286,0.0,0.014285714285714285,0.0,0.0380952380952381,0.01904761904761905,0.0,0.04285714285714286,0.0,0.004761904761904762,0.0,0.0,0.02857142857142857,0.0,0.0,0.0,0.0,0.0,0.0,0.0,0.0,0.0
0.33678756476683935,0.06735751295336788,0.10880829015544041,0.031088082901554404,0.08808290155440414,0.04145077720207254,0.031088082901554404,0.025906735751295335,0.02072538860103627,0.0051813471502590676,0.0,0.010362694300518135,0.05181347150259067,0.0,0.0,0.0,0.010362694300518135,0.031088082901554404,0.0,0.0,0.0,0.015544041450777202,0.0,0.0,0.0,0.0,0.05181347150259067,0.0,0.0,0.02072538860103627,0.0,0.010362694300518135,0.0051813471502590676,0.0,0.0,0.0,0.031088082901554404,0.0,0.0051813471502590676
0.2899628252788104,0.11895910780669144,0.1524163568773234,0.026022304832713755,0.03717472118959108,0.05947955390334572,0.0,0.0037174721189591076,0.055762081784386616,0.007434944237918215,0.0,0.026022304832713755,0.0037174721189591076,0.0037174721189591076,0.0037174721189591076,0.0037174721189591076,0.0,0.0,0.026022304832713755,0.0,0.0,0.0037174721189591076,0.0,0.0,0.022304832713754646,0.026022304832713755,0.0,0.04460966542750929,0.0,0.0,0.03717472118959108,0.0,0.0,0.007434944237918215,0.0,0.0,0.03345724907063197,0.007434944237918215,0.0
0.46464646464646464,0.15151515151515152,0.06060606060606061,0.0,0.020202020202020204,0.010101010101010102,0.0,0.010101010101010102,0.0,0.005050505050505051,0.0,0.0,0.0,0.0,0.0,0.0,0.0,0.0,0.0,0.0,0.0,0.0,0.0,0.005050505050505051,0.0,0.0,0.0,0.0,0.010101010101010102,0.0,0.005050505050505051,0.0,0.0,0.020202020202020204,0.0,0.0,0.0707070707070707,0.0707070707070707,0.09595959595959595
0.36771300448430494,0.15246636771300448,0.05829596412556054,0.03139013452914798,0.03587443946188341,0.03139013452914798,0.03587443946188341,0.008968609865470852,0.06278026905829596,0.013452914798206279,0.008968609865470852,0.0,0.0,0.004484304932735426,0.004484304932735426,0.008968609865470852,0.0,0.0,0.0,0.0,0.0,0.0,0.008968609865470852,0.07623318385650224,0.0,0.0,0.0,0.0,0.004484304932735426,0.02242152466367713,0.06278026905829596,0.0,0.0,0.0,0.0,0.0,0.0,0.0,0.0
0.27611940298507465,0.14925373134328357,0.08208955223880597,0.06716417910447761,0.05223880597014925,0.0,0.0,0.014925373134328358,0.06716417910447761,0.007462686567164179,0.06716417910447761,0.007462686567164179,0.0,0.0,0.0,0.0,0.0,0.0,0.0,0.0,0.0,0.0,0.0,0.0,0.0,0.0,0.0,0.0,0.11194029850746269,0.0,0.0,0.0,0.0,0.0,0.09701492537313433,0.0,0.0,0.0,0.0
0.5020576131687243,0.13168724279835392,0.09053497942386832,0.037037037037037035,0.06584362139917696,0.01646090534979424,0.01646090534979424,0.037037037037037035,0.012345679012345678,0.012345679012345678,0.00411522633744856,0.00823045267489712,0.0,0.0,0.00411522633744856,0.0,0.00411522633744856,0.00411522633744856,0.0,0.0,0.0,0.0,0.0,0.0,0.0,0.0,0.0,0.0,0.0,0.0205761316872428,0.0,0.00823045267489712,0.00411522633744856,0.0,0.0,0.00823045267489712,0.0,0.00411522633744856,0.00823045267489712
0.30111524163568776,0.08550185873605948,0.08921933085501858,0.07063197026022305,0.10408921933085502,0.02973977695167286,0.05204460966542751,0.0,0.011152416356877323,0.007434944237918215,0.011152416356877323,0.022304832713754646,0.01486988847583643,0.0,0.0,0.0,0.0,0.0,0.0,0.0,0.0,0.03717472118959108,0.0,0.0037174721189591076,0.0,0.0,0.0,0.01858736059479554,0.0,0.0,0.0,0.0,0.04460966542750929,0.0,0.08921933085501858,0.007434944237918215,0.0,0.0,0.0
0.28415300546448086,0.1092896174863388,0.09836065573770492,0.0273224043715847,0.06557377049180328,0.1092896174863388,0.0,0.01092896174863388,0.0546448087431694,0.02185792349726776,0.0273224043715847,0.0,0.00546448087431694,0.0,0.04918032786885246,0.01092896174863388,0.01639344262295082,0.01092896174863388,0.00546448087431694,0.0,0.0,0.03825136612021858,0.01639344262295082,0.02185792349726776,0.01639344262295082,0.0,0.0,0.0,0.0,0.0,0.0,0.0,0.0,0.0,0.0,0.0,0.0,0.0,0.0
0.33793103448275863,0.12413793103448276,0.06206896551724138,0.10344827586206896,0.0896551724137931,0.013793103448275862,0.013793103448275862,0.013793103448275862,0.0,0.0,0.0,0.0,0.0,0.1103448275862069,0.006896551724137931,0.0,0.0,0.0,0.0,0.04827586206896552,0.0,0.0,0.0,0.0,0.0,0.05517241379310345,0.0,0.0,0.0,0.0,0.0,0.0,0.0,0.0,0.0,0.0,0.0,0.0,0.020689655172413793
0.31693989071038253,0.12021857923497267,0.12568306010928962,0.03278688524590164,0.07103825136612021,0.0546448087431694,0.01639344262295082,0.01639344262295082,0.0,0.0273224043715847,0.01092896174863388,0.0,0.01092896174863388,0.04371584699453552,0.0,0.04371584699453552,0.0,0.0,0.00546448087431694,0.0,0.0,0.0,0.0,0.03278688524590164,0.00546448087431694,0.0273224043715847,0.0,0.0,0.0,0.0,0.0,0.0,0.0,0.0,0.00546448087431694,0.01092896174863388,0.0,0.0,0.02185792349726776
0.17647058823529413,0.16862745098039217,0.10196078431372549,0.0392156862745098,0.1450980392156863,0.011764705882352941,0.047058823529411764,0.043137254901960784,0.00392156862745098,0.00392156862745098,0.0,0.00392156862745098,0.0,0.0,0.050980392156862744,0.0,0.0,0.011764705882352941,0.0,0.00392156862745098,0.0,0.00784313725490196,0.0,0.0,0.03529411764705882,0.0,0.0,0.00392156862745098,0.0,0.0,0.0,0.0,0.0,0.0,0.1411764705882353,0.0,0.0,0.0,0.0
0.3657587548638132,0.12062256809338522,0.1245136186770428,0.12062256809338522,0.023346303501945526,0.007782101167315175,0.0311284046692607,0.007782101167315175,0.0,0.019455252918287938,0.0,0.0,0.0,0.019455252918287938,0.007782101167315175,0.0,0.007782101167315175,0.01556420233463035,0.0,0.0,0.0038910505836575876,0.0,0.0038910505836575876,0.0,0.0,0.0,0.007782101167315175,0.0,0.007782101167315175,0.01556420233463035,0.0038910505836575876,0.023346303501945526,0.007782101167315175,0.0,0.01556420233463035,0.023346303501945526,0.0,0.0,0.01556420233463035
0.5515151515151515,0.1393939393939394,0.10303030303030303,0.06060606060606061,0.04242424242424243,0.012121212121212121,0.03636363636363636,0.012121212121212121,0.006060606060606061,0.006060606060606061,0.0,0.012121212121212121,0.0,0.006060606060606061,0.0,0.0,0.0,0.006060606060606061,0.0,0.0,0.006060606060606061,0.0,0.0,0.0,0.0,0.0,0.0,0.0,0.0,0.0,0.0,0.0,0.0,0.0,0.0,0.0,0.0,0.0,0.0
0.25868725868725867,0.2277992277992278,0.06177606177606178,0.02702702702702703,0.02702702702702703,0.03474903474903475,0.05405405405405406,0.03861003861003861,0.011583011583011582,0.0,0.0,0.007722007722007722,0.0,0.003861003861003861,0.011583011583011582,0.003861003861003861,0.007722007722007722,0.0,0.015444015444015444,0.0,0.003861003861003861,0.0,0.0,0.0,0.0,0.0,0.0,0.0,0.0,0.0,0.0,0.03088803088803089,0.04247104247104247,0.007722007722007722,0.0,0.0,0.0,0.12355212355212356,0.0
0.4720496894409938,0.15527950310559005,0.11180124223602485,0.049689440993788817,0.006211180124223602,0.006211180124223602,0.006211180124223602,0.012422360248447204,0.018633540372670808,0.018633540372670808,0.006211180124223602,0.024844720496894408,0.024844720496894408,0.0,0.006211180124223602,0.0,0.031055900621118012,0.0,0.0,0.0,0.0,0.0,0.018633540372670808,0.012422360248447204,0.006211180124223602,0.0,0.0,0.0,0.0,0.0,0.0,0.0,0.0,0.0,0.012422360248447204,0.0,0.0,0.0,0.0
0.23958333333333334,0.1875,0.0625,0.020833333333333332,0.046875,0.005208333333333333,0.010416666666666666,0.0,0.005208333333333333,0.010416666666666666,0.03125,0.0,0.0,0.005208333333333333,0.16145833333333334,0.0,0.041666666666666664,0.0,0.0,0.0,0.0,0.005208333333333333,0.109375,0.0,0.057291666666666664,0.0,0.0,0.0,0.0,0.0,0.0,0.0,0.0,0.0,0.0,0.0,0.0,0.0,0.0
0.21897810218978103,0.0948905109489051,0.06204379562043796,0.051094890510948905,0.043795620437956206,0.051094890510948905,0.04744525547445255,0.025547445255474453,0.0036496350364963502,0.021897810218978103,0.0036496350364963502,0.0,0.0,0.13503649635036497,0.040145985401459854,0.0,0.0,0.025547445255474453,0.09124087591240876,0.010948905109489052,0.029197080291970802,0.010948905109489052,0.0,0.0,0.0036496350364963502,0.0036496350364963502,0.0,0.0,0.0,0.0,0.0,0.0036496350364963502,0.0,0.0036496350364963502,0.0036496350364963502,0.010948905109489052,0.0,0.0,0.0036496350364963502
0.2754491017964072,0.17964071856287425,0.041916167664670656,0.08682634730538923,0.03293413173652695,0.12275449101796407,0.005988023952095809,0.011976047904191617,0.0,0.0029940119760479044,0.008982035928143712,0.014970059880239521,0.005988023952095809,0.011976047904191617,0.0029940119760479044,0.0,0.0029940119760479044,0.017964071856287425,0.0,0.005988023952095809,0.0029940119760479044,0.02694610778443114,0.0,0.0,0.0,0.0,0.0,0.005988023952095809,0.0,0.029940119760479042,0.0,0.0,0.011976047904191617,0.020958083832335328,0.0,0.008982035928143712,0.005988023952095809,0.011976047904191617,0.041916167664670656
0.29449838187702265,0.10679611650485436,0.06472491909385113,0.038834951456310676,0.019417475728155338,0.08090614886731391,0.016181229773462782,0.03559870550161812,0.02912621359223301,0.032362459546925564,0.0,0.012944983818770227,0.07119741100323625,0.0,0.0,0.019417475728155338,0.032362459546925564,0.009708737864077669,0.003236245954692557,0.0,0.009708737864077669,0.006472491909385114,0.025889967637540454,0.003236245954692557,0.0,0.0,0.02912621359223301,0.003236245954692557,0.003236245954692557,0.0,0.016181229773462782,0.0,0.0,0.02912621359223301,0.0,0.0,0.006472491909385114,0.0,0.0
0.3548387096774194,0.1003584229390681,0.04659498207885305,0.043010752688172046,0.014336917562724014,0.017921146953405017,0.017921146953405017,0.025089605734767026,0.0035842293906810036,0.06810035842293907,0.02867383512544803,0.04659498207885305,0.035842293906810034,0.014336917562724014,0.0,0.0,0.04659498207885305,0.07526881720430108,0.0,0.0035842293906810036,0.0035842293906810036,0.04659498207885305,0.0035842293906810036,0.0,0.0,0.0,0.0,0.0,0.0,0.0,0.0,0.0,0.0,0.0,0.0,0.0,0.0,0.0035842293906810036,0.0
0.37662337662337664,0.22077922077922077,0.11038961038961038,0.06493506493506493,0.06493506493506493,0.012987012987012988,0.01948051948051948,0.012987012987012988,0.006493506493506494,0.006493506493506494,0.0,0.0,0.0,0.0,0.0,0.0,0.0,0.0,0.0,0.0,0.0,0.0,0.0,0.0,0.0,0.0,0.0,0.0,0.0,0.0,0.0,0.006493506493506494,0.0,0.0,0.032467532467532464,0.0,0.006493506493506494,0.05844155844155844,0.0
0.24354243542435425,0.09225092250922509,0.0959409594095941,0.055350553505535055,0.02214022140221402,0.04428044280442804,0.033210332103321034,0.01845018450184502,0.01107011070110701,0.007380073800738007,0.007380073800738007,0.007380073800738007,0.0036900369003690036,0.0036900369003690036,0.04797047970479705,0.08856088560885608,0.01107011070110701,0.0036900369003690036,0.0,0.007380073800738007,0.0036900369003690036,0.007380073800738007,0.014760147601476014,0.07380073800738007,0.05904059040590406,0.0,0.0,0.0,0.0,0.0036900369003690036,0.025830258302583026,0.0,0.0,0.0,0.0,0.0,0.0,0.0,0.007380073800738007
0.28217821782178215,0.26732673267326734,0.09405940594059406,0.09900990099009901,0.054455445544554455,0.039603960396039604,0.04950495049504951,0.0,0.024752475247524754,0.009900990099009901,0.0,0.01485148514851485,0.0,0.0,0.0,0.0,0.0,0.0,0.0,0.0049504950495049506,0.0,0.0,0.0,0.0,0.0,0.0,0.0,0.0,0.0,0.0,0.0,0.0,0.0,0.0,0.0,0.0,0.009900990099009901,0.04950495049504951,0.0
0.2923076923076923,0.11282051282051282,0.11794871794871795,0.06153846153846154,0.020512820512820513,0.010256410256410256,0.005128205128205128,0.015384615384615385,0.05128205128205128,0.005128205128205128,0.005128205128205128,0.041025641025641026,0.015384615384615385,0.06666666666666667,0.0,0.005128205128205128,0.0,0.020512820512820513,0.0,0.0,0.010256410256410256,0.0,0.0,0.0,0.0,0.05641025641025641,0.03076923076923077,0.020512820512820513,0.0,0.0,0.03076923076923077,0.005128205128205128,0.0,0.0,0.0,0.0,0.0,0.0,0.0
0.3968253968253968,0.06349206349206349,0.03968253968253968,0.09523809523809523,0.015873015873015872,0.015873015873015872,0.003968253968253968,0.003968253968253968,0.0,0.003968253968253968,0.0,0.0,0.0,0.011904761904761904,0.0,0.0,0.007936507936507936,0.04365079365079365,0.10714285714285714,0.0,0.10714285714285714,0.023809523809523808,0.0,0.0,0.0,0.0,0.0,0.0,0.0,0.0,0.0,0.0,0.0,0.0,0.0,0.05952380952380952,0.0,0.0,0.0
0.17010309278350516,0.11855670103092783,0.03608247422680412,0.03608247422680412,0.17525773195876287,0.0979381443298969,0.015463917525773196,0.030927835051546393,0.05670103092783505,0.061855670103092786,0.015463917525773196,0.0,0.0,0.02577319587628866,0.04639175257731959,0.0,0.030927835051546393,0.0,0.02577319587628866,0.0,0.0,0.0,0.0,0.0,0.015463917525773196,0.005154639175257732,0.0,0.0,0.005154639175257732,0.005154639175257732,0.0,0.0,0.0,0.0,0.02577319587628866,0.0,0.0,0.0,0.0
0.19636363636363635,0.23636363636363636,0.03272727272727273,0.04727272727272727,0.04363636363636364,0.05454545454545454,0.014545454545454545,0.08,0.02909090909090909,0.02181818181818182,0.03272727272727273,0.007272727272727273,0.01818181818181818,0.0,0.0,0.007272727272727273,0.007272727272727273,0.007272727272727273,0.04727272727272727,0.0,0.05090909090909091,0.0,0.0,0.0,0.0,0.0,0.0,0.0036363636363636364,0.007272727272727273,0.014545454545454545,0.0036363636363636364,0.025454545454545455,0.0,0.0,0.0,0.0,0.0,0.01090909090909091,0.0
0.41237113402061853,0.10824742268041238,0.10309278350515463,0.030927835051546393,0.11855670103092783,0.0,0.020618556701030927,0.005154639175257732,0.015463917525773196,0.0,0.015463917525773196,0.030927835051546393,0.0,0.0,0.020618556701030927,0.005154639175257732,0.005154639175257732,0.0,0.0,0.0,0.005154639175257732,0.010309278350515464,0.0,0.0,0.0,0.0,0.0,0.0,0.0,0.0,0.0,0.0,0.0,0.0,0.08762886597938144,0.0,0.0,0.0,0.005154639175257732
0.35714285714285715,0.08646616541353383,0.04887218045112782,0.015037593984962405,0.05263157894736842,0.03383458646616541,0.045112781954887216,0.0,0.10902255639097744,0.0,0.015037593984962405,0.015037593984962405,0.0,0.022556390977443608,0.03007518796992481,0.0037593984962406013,0.022556390977443608,0.0037593984962406013,0.007518796992481203,0.0,0.0,0.0,0.0037593984962406013,0.0,0.018796992481203006,0.018796992481203006,0.0,0.0,0.0,0.0,0.07518796992481203,0.0037593984962406013,0.007518796992481203,0.0,0.0037593984962406013,0.0,0.0,0.0,0.0
0.3682170542635659,0.10465116279069768,0.06976744186046512,0.015503875968992248,0.03875968992248062,0.05813953488372093,0.0,0.050387596899224806,0.011627906976744186,0.0,0.007751937984496124,0.0,0.0,0.03875968992248062,0.015503875968992248,0.0,0.0,0.0,0.046511627906976744,0.14728682170542637,0.0,0.003875968992248062,0.0,0.0,0.0,0.007751937984496124,0.0,0.0,0.0,0.0,0.0,0.0,0.0,0.0,0.0,0.0,0.003875968992248062,0.0,0.011627906976744186
0.2893401015228426,0.1065989847715736,0.07614213197969544,0.02030456852791878,0.04568527918781726,0.025380710659898477,0.01015228426395939,0.0,0.0,0.005076142131979695,0.01015228426395939,0.0,0.04060913705583756,0.0,0.04568527918781726,0.0,0.025380710659898477,0.0,0.09644670050761421,0.005076142131979695,0.15228426395939088,0.0,0.005076142131979695,0.0,0.03553299492385787,0.0,0.0,0.0,0.0,0.0,0.0,0.0,0.0,0.005076142131979695,0.0,0.0,0.0,0.0,0.0
0.3360995850622407,0.12863070539419086,0.16597510373443983,0.04979253112033195,0.03734439834024896,0.03734439834024896,0.008298755186721992,0.02074688796680498,0.016597510373443983,0.029045643153526972,0.029045643153526972,0.008298755186721992,0.0,0.0,0.0,0.0,0.0,0.008298755186721992,0.04149377593360996,0.0,0.02074688796680498,0.0,0.0,0.0,0.0,0.0,0.0,0.004149377593360996,0.0,0.0,0.004149377593360996,0.0,0.0,0.0,0.0,0.0,0.029045643153526972,0.016597510373443983,0.008298755186721992
0.2663755458515284,0.10043668122270742,0.12663755458515283,0.13537117903930132,0.03056768558951965,0.03056768558951965,0.021834061135371178,0.0,0.004366812227074236,0.06550218340611354,0.008733624454148471,0.0,0.0,0.0,0.0,0.004366812227074236,0.0,0.004366812227074236,0.0,0.0,0.0,0.0,0.026200873362445413,0.0,0.0,0.013100436681222707,0.0,0.0,0.0,0.03056768558951965,0.0,0.008733624454148471,0.0,0.0,0.0,0.048034934497816595,0.07423580786026202,0.0,0.0
0.24390243902439024,0.2073170731707317,0.10365853658536585,0.054878048780487805,0.012195121951219513,0.03048780487804878,0.03048780487804878,0.006097560975609756,0.04878048780487805,0.0,0.024390243902439025,0.012195121951219513,0.03048780487804878,0.036585365853658534,0.0,0.012195121951219513,0.006097560975609756,0.0,0.0,0.0,0.0,0.006097560975609756,0.0,0.0,0.0,0.042682926829268296,0.0,0.018292682926829267,0.0,0.0,0.07317073170731707,0.0,0.0,0.0,0.0,0.0,0.0,0.0,0.0
0.33766233766233766,0.329004329004329,0.05627705627705628,0.012987012987012988,0.017316017316017316,0.030303030303030304,0.0,0.03463203463203463,0.0,0.0,0.0,0.0,0.004329004329004329,0.004329004329004329,0.004329004329004329,0.0,0.0,0.0,0.0,0.0,0.0,0.0,0.0,0.0,0.0,0.0,0.025974025974025976,0.0,0.0,0.03896103896103896,0.0,0.0,0.017316017316017316,0.0,0.0,0.0,0.0,0.08658008658008658,0.0
0.2731707317073171,0.11219512195121951,0.1073170731707317,0.06341463414634146,0.07804878048780488,0.01951219512195122,0.014634146341463415,0.024390243902439025,0.05853658536585366,0.0,0.004878048780487805,0.0,0.0,0.05365853658536585,0.014634146341463415,0.0,0.0,0.0,0.0,0.004878048780487805,0.004878048780487805,0.004878048780487805,0.0,0.0,0.014634146341463415,0.04878048780487805,0.0,0.024390243902439025,0.0,0.004878048780487805,0.04390243902439024,0.00975609756097561,0.004878048780487805,0.0,0.0,0.0,0.0,0.0,0.00975609756097561
0.3250883392226148,0.0636042402826855,0.09540636042402827,0.04240282685512368,0.05653710247349823,0.007067137809187279,0.045936395759717315,0.028268551236749116,0.0035335689045936395,0.01060070671378092,0.007067137809187279,0.045936395759717315,0.0,0.028268551236749116,0.04240282685512368,0.0,0.04240282685512368,0.0,0.02120141342756184,0.0,0.014134275618374558,0.0,0.04240282685512368,0.0,0.038869257950530034,0.024734982332155476,0.0,0.0,0.0,0.0,0.0,0.0,0.0,0.0,0.0035335689045936395,0.0,0.01060070671378092,0.0,0.0
0.46745562130177515,0.14201183431952663,0.023668639053254437,0.047337278106508875,0.005917159763313609,0.011834319526627219,0.10650887573964497,0.03550295857988166,0.0,0.011834319526627219,0.005917159763313609,0.005917159763313609,0.005917159763313609,0.023668639053254437,0.0,0.0,0.0,0.0,0.0,0.0,0.0,0.0,0.0,0.0,0.0,0.005917159763313609,0.005917159763313609,0.01775147928994083,0.0,0.0,0.0,0.005917159763313609,0.05917159763313609,0.0,0.0,0.0,0.0,0.0,0.011834319526627219
0.3072289156626506,0.15060240963855423,0.09036144578313253,0.018072289156626505,0.03614457831325301,0.012048192771084338,0.04216867469879518,0.03614457831325301,0.0,0.006024096385542169,0.0,0.006024096385542169,0.04216867469879518,0.018072289156626505,0.060240963855421686,0.0,0.006024096385542169,0.018072289156626505,0.0,0.0,0.006024096385542169,0.08433734939759036,0.0,0.0,0.04819277108433735,0.0,0.012048192771084338,0.0,0.0,0.0,0.0,0.0,0.0,0.0,0.0,0.0,0.0,0.0,0.0
0.46116504854368934,0.13106796116504854,0.09223300970873786,0.04854368932038835,0.0,0.02912621359223301,0.03398058252427184,0.02912621359223301,0.019417475728155338,0.0,0.0048543689320388345,0.0048543689320388345,0.0,0.0,0.0048543689320388345,0.0,0.0,0.009708737864077669,0.0,0.009708737864077669,0.0,0.0,0.0,0.0,0.014563106796116505,0.0,0.0,0.0,0.014563106796116505,0.0,0.0,0.0,0.024271844660194174,0.0,0.0,0.024271844660194174,0.0,0.0,0.043689320388349516
0.2727272727272727,0.1875,0.0625,0.028409090909090908,0.2159090909090909,0.017045454545454544,0.005681818181818182,0.0,0.005681818181818182,0.005681818181818182,0.011363636363636364,0.005681818181818182,0.0,0.0,0.0,0.0,0.0,0.0,0.0,0.0,0.0,0.0,0.0,0.0,0.0,0.0,0.0,0.0,0.0,0.0,0.0,0.0,0.0,0.011363636363636364,0.16477272727272727,0.0,0.0,0.005681818181818182,0.0
0.3185483870967742,0.16129032258064516,0.04838709677419355,0.03225806451612903,0.016129032258064516,0.11290322580645161,0.056451612903225805,0.0,0.04435483870967742,0.0,0.008064516129032258,0.004032258064516129,0.03225806451612903,0.0,0.0,0.0,0.0,0.012096774193548387,0.012096774193548387,0.0,0.024193548387096774,0.0,0.0,0.0,0.004032258064516129,0.0,0.012096774193548387,0.0,0.0,0.0,0.06048387096774194,0.0,0.0,0.04032258064516129,0.0,0.0,0.0,0.0,0.0
0.2548076923076923,0.08173076923076923,0.0673076923076923,0.22596153846153846,0.028846153846153848,0.019230769230769232,0.014423076923076924,0.028846153846153848,0.004807692307692308,0.009615384615384616,0.03365384615384615,0.0,0.0,0.02403846153846154,0.0,0.0,0.009615384615384616,0.0,0.009615384615384616,0.0,0.019230769230769232,0.004807692307692308,0.0,0.0,0.0,0.0,0.0,0.0,0.028846153846153848,0.0,0.0,0.0,0.0,0.014423076923076924,0.0,0.1201923076923077,0.0,0.0,0.0
0.365,0.17,0.04,0.065,0.01,0.015,0.01,0.005,0.0,0.075,0.03,0.005,0.0,0.01,0.0,0.0,0.0,0.0,0.0,0.0,0.0,0.04,0.0,0.0,0.0,0.0,0.0,0.0,0.055,0.045,0.0,0.0,0.0,0.0,0.0,0.0,0.0,0.0,0.06
0.2894736842105263,0.1736842105263158,0.06842105263157895,0.03684210526315789,0.03684210526315789,0.010526315789473684,0.03684210526315789,0.11052631578947368,0.0,0.005263157894736842,0.0,0.005263157894736842,0.0,0.021052631578947368,0.0,0.05263157894736842,0.0,0.021052631578947368,0.0,0.0,0.005263157894736842,0.0,0.0,0.04736842105263158,0.0,0.0,0.0,0.0,0.0,0.0,0.0,0.05789473684210526,0.0,0.0,0.0,0.0,0.0,0.0,0.021052631578947368
0.30952380952380953,0.1380952380952381,0.07142857142857142,0.04285714285714286,0.004761904761904762,0.0,0.004761904761904762,0.004761904761904762,0.004761904761904762,0.10476190476190476,0.12857142857142856,0.004761904761904762,0.0,0.0,0.0,0.004761904761904762,0.0,0.014285714285714285,0.047619047619047616,0.0,0.004761904761904762,0.0,0.0,0.0,0.0,0.0,0.0,0.0,0.0380952380952381,0.04285714285714286,0.0,0.0,0.0,0.0,0.0,0.0,0.0,0.02857142857142857,0.0
0.29955947136563876,0.11013215859030837,0.06607929515418502,0.022026431718061675,0.013215859030837005,0.03524229074889868,0.013215859030837005,0.0,0.0,0.16299559471365638,0.004405286343612335,0.01762114537444934,0.06167400881057269,0.0,0.0,0.004405286343612335,0.0,0.0,0.0,0.0,0.0,0.0,0.0,0.0,0.0,0.0,0.03524229074889868,0.004405286343612335,0.0,0.14977973568281938,0.0,0.0,0.0,0.0,0.0,0.0,0.0,0.0,0.0
0.3802083333333333,0.203125,0.08854166666666667,0.11979166666666667,0.026041666666666668,0.0,0.005208333333333333,0.015625,0.005208333333333333,0.0,0.0,0.005208333333333333,0.0,0.026041666666666668,0.0,0.010416666666666666,0.005208333333333333,0.0,0.0,0.005208333333333333,0.010416666666666666,0.0,0.0,0.005208333333333333,0.0,0.0,0.0,0.0,0.0,0.0,0.0,0.0,0.0,0.0,0.0,0.041666666666666664,0.0,0.046875,0.0
0.35602094240837695,0.16230366492146597,0.10471204188481675,0.020942408376963352,0.02617801047120419,0.010471204188481676,0.0,0.020942408376963352,0.03664921465968586,0.03664921465968586,0.05759162303664921,0.015706806282722512,0.0,0.0,0.010471204188481676,0.005235602094240838,0.005235602094240838,0.02617801047120419,0.010471204188481676,0.0,0.005235602094240838,0.015706806282722512,0.0,0.0,0.0,0.0,0.005235602094240838,0.005235602094240838,0.0,0.0,0.015706806282722512,0.0,0.0,0.0,0.0,0.0,0.0,0.0,0.04712041884816754
0.2640449438202247,0.10674157303370786,0.1404494382022472,0.0898876404494382,0.0,0.011235955056179775,0.0056179775280898875,0.0,0.0,0.0,0.0,0.0,0.0,0.0,0.056179775280898875,0.03932584269662921,0.028089887640449437,0.0,0.011235955056179775,0.016853932584269662,0.0898876404494382,0.0,0.0,0.0,0.0,0.0,0.0,0.0,0.0,0.0,0.0,0.0,0.0,0.0,0.0056179775280898875,0.03932584269662921,0.0898876404494382,0.0,0.0056179775280898875
0.387434554973822,0.14136125654450263,0.020942408376963352,0.05235602094240838,0.031413612565445025,0.06282722513089005,0.04712041884816754,0.03664921465968586,0.04712041884816754,0.02617801047120419,0.0,0.0,0.005235602094240838,0.031413612565445025,0.005235602094240838,0.020942408376963352,0.005235602094240838,0.0,0.0,0.0,0.0,0.0,0.005235602094240838,0.03664921465968586,0.0,0.0,0.0,0.0,0.0,0.005235602094240838,0.015706806282722512,0.0,0.0,0.005235602094240838,0.0,0.0,0.0,0.0,0.010471204188481676
0.3010752688172043,0.1774193548387097,0.021505376344086023,0.10752688172043011,0.010752688172043012,0.010752688172043012,0.06989247311827956,0.005376344086021506,0.07526881720430108,0.021505376344086023,0.016129032258064516,0.0,0.010752688172043012,0.005376344086021506,0.005376344086021506,0.03225806451612903,0.010752688172043012,0.010752688172043012,0.0,0.0,0.0,0.0,0.0,0.0,0.010752688172043012,0.0,0.04838709677419355,0.005376344086021506,0.0,0.0,0.026881720430107527,0.016129032258064516,0.0,0.0,0.0,0.0,0.0,0.0,0.0
0.4017094017094017,0.10256410256410256,0.02564102564102564,0.1452991452991453,0.038461538461538464,0.008547008547008548,0.017094017094017096,0.004273504273504274,0.0,0.004273504273504274,0.004273504273504274,0.0,0.0,0.004273504273504274,0.0,0.004273504273504274,0.0,0.0,0.0,0.0,0.0,0.0,0.0,0.0,0.0,0.0,0.0,0.0,0.0,0.0,0.0,0.0,0.004273504273504274,0.0,0.13247863247863248,0.042735042735042736,0.0,0.0,0.05982905982905983
0.28634361233480177,0.20704845814977973,0.10572687224669604,0.004405286343612335,0.01762114537444934,0.00881057268722467,0.004405286343612335,0.07488986784140969,0.03524229074889868,0.06167400881057269,0.01762114537444934,0.004405286343612335,0.0,0.013215859030837005,0.0,0.0,0.0,0.0,0.00881057268722467,0.0,0.004405286343612335,0.0,0.0,0.0,0.0,0.0,0.022026431718061675,0.03524229074889868,0.004405286343612335,0.013215859030837005,0.004405286343612335,0.013215859030837005,0.0,0.0,0.0,0.0,0.030837004405286344,0.022026431718061675,0.0
0.24242424242424243,0.08080808080808081,0.025252525252525252,0.045454545454545456,0.06565656565656566,0.05555555555555555,0.025252525252525252,0.010101010101010102,0.010101010101010102,0.005050505050505051,0.09090909090909091,0.13131313131313133,0.0,0.0,0.0,0.005050505050505051,0.0,0.015151515151515152,0.0,0.005050505050505051,0.0,0.0,0.025252525252525252,0.0,0.0,0.0,0.0,0.09090909090909091,0.0707070707070707,0.0,0.0,0.0,0.0,0.0,0.0,0.0,0.0,0.0,0.0
