1.5191225139058484,1.0633857597340939,0.6836051312576318,0.0,0.7595612569529241,0.4557367541717546,0.0,0.0,0.0,0.0,1.6710347652964332,0.0,0.0,2.1267715194681878,0.0,2.4305960222493574,1.291254136819971,0.0,8.658998329263335,3.0382450278116964,1.5950786396011407,0.0,1.7469908909917258,1.8229470166870183,1.8989031423823102,0.0,2.0508153937728952,2.1267715194681878,4.40545529032696,0.0,0.0,0.0,0.0,0.0,0.0,0.0,0.0,0.0,0.0
1.3889120127139185,0.5208420047677195,0.6510525059596494,0.1736140015892398,0.6510525059596493,0.5208420047677195,0.6076490055623394,0.3472280031784796,0.3906315035757896,2.1701750198654977,0.0,0.5208420047677195,1.6927365154950882,1.2152980111246787,0.6510525059596493,0.6944560063569593,0.0,0.0,1.6493330150977783,1.7361400158923979,0.911473508343509,0.9548770087408189,1.9965610182762579,0.0,1.0850875099327486,2.2569820206601174,1.1718945107273686,6.076490055623394,2.5174030230439772,2.604210023838597,4.036525536949826,0.0,0.0,0.0,1.5191225139058484,0.0,0.0,3.2986660301955566,8.463682577475442
0.7159428877417662,0.16845715005688616,1.6424572130546402,0.3369143001137723,0.2105714375711077,1.2634286254266465,0.2948000125995508,1.0107429003413169,0.7580571752559877,0.0,0.9265143253128739,1.010742900341317,2.1899429507395203,1.7688000755973046,4.422000188993262,2.6953144009101786,1.4318857754835324,0.0,1.6003429255404187,4.211428751422154,1.7688000755973048,1.8530286506257478,2.9058858384812862,1.010742900341317,3.158571563566615,0.0,0.0,2.3584001007964064,1.2213143379124247,0.0,1.3055429129408678,2.6953144009101786,1.3897714879693106,0.0,0.0,3.032228701023951,6.232914552104788,0.0,0.0
1.845877167840314,0.8025552903653539,0.2407665871096062,0.0,0.0,0.0,0.0,0.0,0.0,0.8025552903653538,0.8828108194018892,0.0,0.0,0.0,0.0,2.568176929169132,1.3643439936211015,1.444599522657637,0.0,8.025552903653539,0.0,5.2968649164113355,0.0,1.9261326968768495,0.0,2.08664375494992,0.0,0.0,2.327410342059526,2.4076658710960617,0.0,0.0,0.0,0.0,0.0,0.0,0.0,0.0,18.77979379454928
2.2608922459211365,0.536482905811795,0.11496062267395611,0.30656166046388295,0.19160103778992682,0.0,0.0,0.0,0.0,0.38320207557985364,0.0,0.0,0.49816269825380977,0.5364829058117951,0.5748031133697805,2.4524932837110636,0.6514435284857512,1.3795274720874733,1.456167887203444,0.0,3.2188974348707706,1.686089132551356,4.406823869168317,1.8393699627832978,0.958005188949634,1.992650793015239,1.034645604065605,0.0,0.0,0.0,0.0,0.0,0.0,0.0,0.0,0.0,0.0,5.824671548813776,10.461416663330004
1.7244093401093414,1.5328083023194146,0.9196849813916489,0.6131233209277659,0.7664041511597073,0.6897637360437366,1.0729658116235903,0.30656166046388295,0.6897637360437366,0.38320207557985364,0.0,0.0,0.0,0.5364829058117951,1.149606226739561,0.0,0.0,1.3795274720874733,0.0,0.0,0.0,0.0,0.0,3.6787399255665956,1.916010377899268,0.0,0.0,0.0,0.0,1.149606226739561,1.1879264342975464,0.0,0.0,1.3028870569715023,1.3412072645294877,1.3795274720874733,1.4178476796454584,2.912335774406888,0.0
0.41163319731642345,1.0976885261771292,1.3721106577214117,0.0,0.914740438480941,0.5488442630885647,0.960477460404988,1.0976885261771292,0.823266394632847,0.914740438480941,1.5093217234935525,2.7442213154428234,2.972906425063058,0.6403183069366588,1.3721106577214115,3.658961753923764,1.5550587454175997,0.823266394632847,0.8690034165568941,0.0,0.9604774604049882,0.0,0.0,1.0976885261771294,0.0,1.1891625700252233,1.2348995919492705,2.5612732277466352,3.979120907392093,6.860553288607058,0.0,0.0,1.5093217234935525,1.5550587454175997,6.403183069366587,0.0,0.0,1.7380068331137881,0.0
1.8689810322599225,0.644476218020663,0.3866857308123978,0.5155809744165304,0.32223810901033145,0.0,0.0,0.5155809744165304,0.0,0.0,0.7089238398227293,0.7733714616247956,0.8378190834268618,1.8045334104578563,0.0,0.0,1.095609570635127,0.0,2.449009628478519,2.5779048720826516,8.120400347060354,2.8356953592909173,1.4822953014475249,3.0934858464991826,0.0,5.026914500561171,1.74008578865579,0.0,1.8689810322599225,0.0,0.0,0.0,0.0,0.0,0.0,0.0,0.0,0.0,0.0
2.103903008506164,1.5550587454175997,0.4116331973164235,0.5488442630885646,0.0,0.27442213154428235,0.0,1.4635847015695056,0.0,0.4573702192404705,1.5093217234935525,0.0,0.5945812850126116,0.0,1.3721106577214115,0.7317923507847528,0.0,0.823266394632847,0.0,0.914740438480941,0.0,2.01242896465807,0.0,3.293065578531388,0.0,0.0,1.2348995919492705,0.0,0.0,0.0,0.0,0.0,0.0,0.0,0.0,1.646532789265694,0.0,1.7380068331137881,1.7837438550378353
1.4524293303685185,1.2449394260301587,0.31123485650753974,0.4149798086767196,0.0,0.0,0.0,0.0,0.0,0.0,0.0,0.0,0.0,0.0,0.0,0.0,3.527328373752116,0.0,5.913462273643254,12.449394260301585,8.71457598221111,0.0,2.3861338998911377,7.469636556180952,0.0,0.0,0.0,0.0,0.0,0.0,0.0,0.0,0.0,0.0,0.0,0.0,0.0,0.0,0.0
1.4314808304112803,1.2269835689239543,0.8588884982467682,0.0,0.0,0.0,0.0,0.0,0.0,0.0,0.0,0.9815868551391638,0.5316928798670469,1.7177769964935363,0.6134917844619773,1.9631737102783273,4.8670348233983525,2.944760565417491,0.0,2.453967137847909,0.8588884982467682,5.398727703265401,0.9406874028416986,6.871107985974145,0.0,1.0633857597340939,0.0,0.0,0.0,0.0,0.0,0.0,1.34968192581635,0.0,0.0,0.0,3.026559470012421,1.5541791873036759,4.785235918803423
1.1922810033382263,0.9022667052289282,2.706800115686785,0.7733714616247955,0.32223810901033145,0.5800285962185967,0.0,0.0,0.29001429810929835,0.0,0.0,0.3866857308123978,0.0,0.0,0.0,0.5155809744165304,0.5478047853175635,1.1600571924371934,0.6122524071196298,0.6444762180206629,1.3534000578433922,1.4178476796454587,2.2234429521712875,0.0,0.0,0.0,0.0,0.0,0.0,0.0,0.0,1.0311619488330608,2.1267715194681878,3.286828711905381,4.511333526144641,3.4801715773115802,5.961405016691132,7.3470288854355585,3.770185875420879
0.9498202902479286,0.3303722748688447,0.8672272215307174,0.6607445497376894,1.2388960307581676,0.9911168246065342,0.2890757405102391,0.0,1.8583440461372516,0.8259306871721116,1.3627856338339845,0.4955584123032671,0.0,0.5781514810204782,0.6194480153790838,1.9822336492130683,0.702041084096295,3.716688092274503,0.7846341528135061,2.477792061516335,1.7344544430614346,1.8170475117786458,2.849460870743786,0.0,3.097240076895419,3.221129679971236,0.0,0.0,0.0,0.0,1.2801925651167732,3.9644672984261367,0.0,0.0,2.890757405102391,2.973350473819602,1.5279717712684064,4.707804916881037,4.831694519956854
1.507584874559728,0.9691617050741108,0.4845808525370555,0.21536926779424687,0.0,0.3230539016913703,0.753792437279864,0.0,0.9691617050741109,0.0,0.0,1.2922156067654813,1.3999002406626047,2.2613773118395923,1.6152695084568514,1.722954142353975,4.576596940627746,1.9383234101482218,1.0230040220226726,1.0768463389712342,0.0,2.3690619457367155,6.191866449084598,2.5844312135309626,2.6921158474280853,0.0,0.0,1.507584874559728,0.0,0.0,1.6691118254054134,0.0,0.0,0.0,0.0,0.0,0.0,0.0,0.0
1.0407605308035812,0.5430054943323033,1.0860109886646065,1.4480146515528087,0.9050091572205053,0.5430054943323033,0.3167532050271769,0.3620036628882022,0.8145082414984549,0.4525045786102527,1.4932651094138338,1.0860109886646065,0.5882559521933285,0.6335064100543538,0.678756867915379,2.172021977329213,1.5385155672748592,0.0,0.0,0.9050091572205053,0.0,0.995510072942556,3.1222815924107437,1.0860109886646065,1.1312614465256317,1.176511904386657,0.0,5.0680512804348306,3.9367898339091982,1.357513735830758,0.0,1.4480146515528087,1.4932651094138338,0.0,0.0,3.2580329659938196,8.371334704289675,0.0,0.0
1.3705860903239433,0.3780927145721223,0.7089238398227293,0.3780927145721223,0.2363079466075764,0.5671390718581835,0.661662250501214,0.0,0.4253543038936376,1.8904635728606112,1.0397549650733364,1.134278143716367,1.843201983539096,1.323324501002428,1.4178476796454587,0.7561854291442446,1.6068940369315197,0.8507086077872752,0.0,3.7809271457212223,0.9924933757518211,0.0,0.0,0.0,1.181539733037882,3.686403967078192,3.8281887350427377,5.293298004009712,2.7411721806478866,5.671390718581835,0.0,1.5123708582884892,1.5596324476100043,0.0,0.0,1.7014172155745504,0.0,0.0,0.0
0.9630663484384246,0.9630663484384246,0.6019164677740155,2.08664375494992,0.6019164677740154,0.9630663484384248,0.28089435162787385,0.3210221161461415,0.36114988066440923,2.0063882259133847,0.8828108194018892,0.0,1.5649828162124402,0.5617887032557477,1.2038329355480308,0.642044232292283,2.0465159904316526,1.444599522657637,0.0,0.0,0.8426830548836216,1.7656216388037784,1.845877167840314,1.9261326968768495,1.0031941129566921,2.08664375494992,2.166899283986455,1.1235774065114954,1.163705171029763,1.2038329355480308,1.2439607000662984,2.568176929169132,0.0,1.3643439936211015,1.4044717581393693,1.444599522657637,1.4847272871759045,1.5248550516941723,0.0
1.4178476796454584,0.3240794696332477,1.093768210012211,0.8101986740831191,0.4050993370415596,0.0,0.0,0.0,0.36458940333740364,0.8101986740831192,0.0,1.4583576133496146,0.5266291381540275,0.5671390718581835,1.822947016687018,1.2963178785329907,2.066006618911954,0.7291788066748073,0.7696887403789633,4.050993370415595,4.2535430389363755,2.6736556244742933,1.8634569503911744,1.9444768177994864,2.025496685207798,0.0,0.0,1.134278143716367,0.0,0.0,0.0,0.0,0.0,0.0,0.0,4.375072840048843,4.496602641161311,1.5393774807579266,7.899437072310412
1.5585501211369925,0.5195167070456642,0.7792750605684964,0.5195167070456642,0.16234897095177003,0.3896375302842482,0.0,0.5195167070456642,1.1689125908527445,1.2987917676141603,2.143006416563365,1.1689125908527445,1.2663219734238065,0.45457711866495615,0.0,0.5195167070456642,0.5519865012360181,1.1689125908527445,0.0,0.6493958838070801,0.0,0.0,0.0,2.337825181705489,1.6234897095177003,1.6884292978984086,7.890159988256025,0.0,0.9416240315202663,0.0,2.013127239801949,1.0390334140913284,3.214509624845047,1.1039730024720362,3.4093283899871714,3.5067377725582336,0.0,0.0,2.532643946847613
1.4178476796454584,0.6076490055623394,0.3038245027811697,0.0,0.5063741713019494,0.6076490055623394,0.7089238398227292,0.0,0.0,0.0,0.0,0.0,0.0,0.0,1.5191225139058484,1.6203973481662381,5.165016547279884,7.291788066748072,1.924221850947408,2.0254966852077976,6.380314558404563,2.2280463537285775,0.0,4.861192044498715,7.595612569529241,2.633145690770137,0.0,0.0,0.0,0.0,0.0,0.0,0.0,0.0,0.0,0.0,0.0,0.0,0.0
1.256728625140293,0.38668573081239777,0.29001429810929835,0.0,0.4833571635154972,0.0,0.0,0.0,6.090300260295265,0.0,0.0,0.0,0.0,0.0,0.0,0.0,0.0,12.18060052059053,0.0,5.800285962185966,0.0,8.507086077872751,0.0,0.0,0.0,0.0,0.0,0.0,2.8034715483898838,0.0,14.984072068980414,0.0,0.0,0.0,0.0,0.0,0.0,0.0,0.0
2.066006618911954,1.4583576133496146,1.093768210012211,0.0,0.0,0.0,0.0,0.0,0.0,0.0,0.0,0.0,0.0,0.0,0.0,3.888953635598972,0.0,2.1875364200244216,0.0,2.430596022249357,0.0,2.6736556244742933,8.385556276760283,0.0,3.0382450278116964,0.0,0.0,0.0,0.0,0.0,0.0,0.0,0.0,0.0,0.0,0.0,0.0,0.0,0.0
1.1795539519739529,1.0723217745217752,1.179553951973953,0.714881183014517,1.2510420702754044,0.4289287098087102,0.7506252421652427,0.0,0.9650895970695978,1.4297623660290335,0.3931846506579843,0.8578574196174203,0.929345537918872,0.0,0.0,1.143809892823227,0.6076490055623394,1.2867861294261305,0.0,2.1446435490435505,0.0,0.0,2.4663400814000833,1.7157148392348407,2.680804436304438,0.929345537918872,0.9650895970695977,3.002500968660971,1.0365777153710494,3.216965323565326,0.0,1.143809892823227,0.0,0.0,0.0,0.0,2.6450603771537122,2.7165484954551644,1.394018306878308
1.0827200462747137,2.0107658002244686,0.6960343154623161,0.6186971692998364,0.0,0.0,1.0827200462747137,0.0,0.0,0.0,0.0,0.0,0.0,0.0,1.1600571924371932,2.4747886771993457,5.258925939048609,0.0,1.4694057770871116,0.0,3.2481601388241415,5.10425164672365,5.3362630852110895,3.712183015799019,0.0,0.0,0.0,0.0,0.0,0.0,0.0,0.0,0.0,0.0,0.0,0.0,0.0,8.816434662522669,0.0
1.6889067948717962,0.8757294491927832,0.5629689316239321,0.7506252421652428,0.9382815527065534,0.0,0.0,0.0,0.0,0.6255210351377022,1.3761462773029451,2.2518757264957285,1.626354691358026,0.8757294491927832,0.0,0.0,3.190157279202282,0.0,0.0,1.2510420702754044,0.0,0.0,0.0,0.0,3.1276051756885113,0.0,3.3778135897435924,3.5029177967711327,3.628022003798673,1.876563105413107,0.0,0.0,4.128438831908834,0.0,0.0,2.251875726495728,0.0,0.0,0.0
0.972238408899743,0.972238408899743,1.4583576133496146,1.2152980111246787,0.6076490055623393,0.0,0.0,0.0,1.0937682100122108,0.6076490055623393,0.0,0.7291788066748073,0.7899437072310411,1.7014172155745502,0.0,1.944476817799486,1.033003309455977,2.1875364200244216,4.6181324422737795,0.0,2.552125823361825,2.6736556244742933,2.795185425586761,1.4583576133496146,7.595612569529241,1.5798874144620823,1.640652315018316,1.7014172155745502,0.0,0.0,0.0,0.0,0.0,0.0,0.0,0.0,0.0,0.0,0.0
0.8734954454958628,2.1267715194681878,0.9114735083435092,0.6076490055623394,0.9494515711911552,0.2278683770858773,0.5316928798670469,0.911473508343509,0.6836051312576318,1.1393418854293862,2.0887934566205417,0.9114735083435092,1.974859268077603,2.1267715194681878,1.7090128281440793,1.2152980111246787,0.0,1.3672102625152636,1.4431663882105559,2.2786837708587724,0.0,0.8355173826482166,0.8734954454958629,0.0,0.9494515711911551,0.0,0.0,0.0,1.10136382258174,1.1393418854293862,0.0,0.0,0.0,0.0,0.0,1.3672102625152636,0.0,0.0,0.0
1.4924712417320616,1.1939769933856492,0.0,0.2984942483464123,1.119353431299046,0.895482745039237,0.0,0.0,0.6716120587794278,0.7462356208660307,0.0,1.790965490078474,1.94021261425168,0.0,0.0,2.3879539867712984,0.0,2.686448235117711,2.835695359290917,1.4924712417320614,3.1341896076373295,3.2834367318105353,0.0,5.372896470235422,1.8655890521650766,0.0,2.014836176338283,0.0,2.1640833005114892,0.0,0.0,0.0,0.0,0.0,0.0,0.0,0.0,0.0,0.0
0.714881183014517,0.14297623660290337,0.6433930647130653,0.5719049464116135,1.4297623660290335,0.8578574196174203,1.7514588983855663,1.429762366029034,1.6084826617826633,1.4297623660290335,0.3931846506579843,0.8578574196174203,1.394018306878308,1.0008336562203237,1.608482661782663,1.143809892823227,1.2152980111246787,0.6433930647130652,2.7165484954551644,1.4297623660290335,1.5012504843304855,0.7863693013159686,1.644226720933389,1.7157148392348407,2.680804436304438,1.858691075837744,0.9650895970695977,0.0,1.0365777153710494,1.0723217745217752,3.3241975010175038,2.287619785646454,1.1795539519739526,1.2152980111246787,6.255210351377023,1.2867861294261305,1.3225301885768561,0.0,4.182054920634925
1.403230693257361,0.6139134283000954,2.2363989173789194,0.35080767331434026,0.8770191832858505,1.052423019943021,1.5347835707502386,1.052423019943021,0.7893172649572656,0.43850959164292524,0.0,1.052423019943021,0.0,0.6139134283000954,0.0,0.7016153466286805,0.0,0.7893172649572656,1.6663364482431162,0.0,0.9208701424501432,0.0,0.0,0.0,1.0962739791073133,1.1401249382716059,0.0,0.0,0.0,5.262115099715103,0.0,2.806461386514722,2.894163304843307,1.490932611585946,0.0,0.0,0.0,1.6663364482431162,0.0
1.654155626253035,1.0240011019661643,0.47261589321515285,0.31507726214343523,0.787693155358588,1.181539733037882,0.5513852087510116,0.0,0.3544619199113646,0.787693155358588,0.8664624708944468,0.47261589321515285,1.5360016529492466,1.1027704175020232,1.772309599556823,1.260309048573741,2.0086175461643996,1.4178476796454584,1.4966169951813173,0.787693155358588,2.4812334393795523,1.7329249417888937,0.0,0.0,0.9846164441982349,0.0,0.0,2.2055408350040464,0.0,1.181539733037882,0.0,1.260309048573741,0.0,1.3390783641095996,0.0,0.0,0.0,0.0,1.5360016529492468
1.5111271322537123,0.22387068625980922,0.3358060293897139,0.0,0.0,0.6716120587794278,1.1753211028639985,0.0,0.0,0.0,0.0,1.3432241175588555,0.72757973034438,3.1341896076373295,0.8395150734742846,0.0,0.0,1.0074180881691415,1.0633857597340939,17.909654900784737,5.8766055143199925,0.0,0.0,0.0,6.995958945619038,5.82063784275504,0.0,0.0,0.0,0.0,0.0,0.0,0.0,0.0,0.0,0.0,0.0,0.0,0.0
1.2536758430549315,0.6268379215274658,0.9402568822911989,0.7163861960313895,0.6716120587794276,0.0,1.2536758430549317,0.7163861960313895,0.40296723526765665,1.3432241175588553,1.4775465293147412,0.5372896470235422,1.164127568551008,0.0,1.3432241175588553,1.432772392062779,1.5223206665667028,0.8059344705353133,0.0,0.0,0.9402568822911989,5.910186117258965,2.059610313590245,1.0745792940470844,5.59676715649523,0.0,0.0,1.2536758430549317,2.596899960613787,1.3432241175588553,0.0,0.0,0.0,0.0,0.0,0.0,6.626572313290353,0.0,0.0
1.7621821161307842,1.0937682100122108,0.9114735083435092,0.7291788066748073,0.0,0.0,0.42535430389363754,0.0,0.5468841050061054,0.0,0.0,0.7291788066748073,0.7899437072310411,0.0,0.0,2.916715226699229,1.033003309455977,0.0,3.4635993317053346,3.6458940333740357,0.0,5.347311248948587,2.795185425586761,4.375072840048844,0.0,0.0,0.0,0.0,0.0,1.822947016687018,0.0,0.0,0.0,0.0,0.0,0.0,0.0,0.0,0.0
1.0820416502557446,1.4924712417320616,0.895482745039237,0.44774137251961843,0.18655890521650767,0.895482745039237,0.7835474019093324,1.4924712417320616,1.3432241175588555,1.119353431299046,1.2312887744289507,1.3432241175588555,0.48505315356292,1.0447298692124432,1.119353431299046,0.0,0.6343002777361261,0.0,2.1267715194681878,0.0,0.7835474019093324,0.0,1.7163419279918708,1.790965490078474,0.9327945260825383,0.0,4.029672352676566,2.0894597384248863,0.0,2.238706862598092,0.0,1.1939769933856492,0.0,0.0,1.3059123365155538,4.029672352676566,0.0,0.0,0.0
1.552880791992645,1.3503311234718651,0.0,0.270066224694373,0.3375827808679663,0.4050993370415596,0.47261589321515285,0.540132449388746,0.6076490055623394,0.0,0.7426821179095259,0.8101986740831192,0.0,0.9452317864303057,1.0127483426038988,1.080264898777492,0.0,0.0,2.565629134596544,1.3503311234718651,2.835695359290917,2.9707284716381035,6.21152316797058,1.6203973481662384,5.063741713019494,0.0,5.468841050061053,0.0,0.0,0.0,2.0930132413813913,0.0,0.0,0.0,0.0,0.0,0.0,0.0,0.0
1.822947016687018,1.5191225139058484,0.9114735083435092,0.0,0.0,0.0,0.0,0.0,0.0,0.0,0.0,0.0,0.0,0.0,2.2786837708587724,2.4305960222493574,7.747524820919826,0.0,0.0,3.0382450278116964,3.1901572792022814,0.0,0.0,0.0,7.595612569529241,0.0,0.0,0.0,0.0,0.0,0.0,0.0,0.0,0.0,0.0,0.0,0.0,0.0,0.0
0.6488455483123285,0.7930334479372904,1.081409247187214,1.4418789962496188,2.162818494374428,1.297691096624657,0.7569864730310499,1.1535031969996952,0.0,1.4418789962496188,0.0,0.8651273977497714,0.9372213475622523,2.0186305947494665,1.081409247187214,0.5767515984998476,3.0639928670304397,1.9465366449369856,2.739570092874276,0.0,2.27095941909315,0.7930334479372904,4.145402114217654,0.8651273977497714,0.9011743726560116,0.0,0.0,0.0,0.0,1.081409247187214,1.1174562220934547,1.1535031969996952,1.1895501719059354,0.0,0.0,2.595382193249314,0.0,0.0,0.0
1.0150500433825442,1.9334286540619887,0.29001429810929835,0.38668573081239777,0.0,0.29001429810929835,0.6767000289216961,0.7733714616247955,0.43502144716394753,1.9334286540619887,0.5316928798670469,1.7400857886557901,3.141821562850732,0.0,0.0,1.546742923249591,0.0,0.0,0.9183786106794448,0.9667143270309944,3.0451501301476323,1.0633857597340939,0.0,2.320114384874387,0.0,1.2567286251402927,2.610128682983685,4.060200173530177,0.0,0.0,0.0,1.546742923249591,3.1901572792022814,0.0,0.0,0.0,0.0,7.3470288854355585,1.8850929377104395
1.65062864197531,1.9045715099715115,0.5713714529914534,0.7618286039886045,0.6348571699905038,0.3809143019943023,0.0,0.0,0.0,0.6348571699905038,0.6983428869895542,0.0,0.8253143209876549,0.8888000379867054,0.0,1.015771471984806,1.0792571889838565,0.0,1.2062286229819572,0.0,2.666400113960116,0.0,1.460171490978159,1.5236572079772093,1.5871429249762594,1.6506286419753098,0.0,3.5552001519468215,1.8410857929724609,1.9045715099715115,0.0,0.0,0.0,0.0,0.0,0.0,0.0,0.0,0.0
1.5541791873036757,1.4723802827087453,0.9815868551391638,0.0,0.0,0.4907934275695819,0.0,0.0,0.0,0.817989045949303,0.0,0.0,0.0,1.1451846643290242,1.2269835689239545,2.6175649470377698,1.3905813781138152,0.0,1.5541791873036759,0.0,1.7177769964935363,1.7995759010884667,5.644124417050191,0.0,8.179890459493029,2.1267715194681878,0.0,0.0,2.3721682332529785,2.453967137847909,0.0,0.0,0.0,0.0,0.0,0.0,0.0,0.0,0.0
1.6465327892656938,0.8232663946328469,1.2348995919492705,0.5488442630885646,0.0,0.823266394632847,0.0,0.0,0.0,0.0,0.0,0.0,0.0,0.0,6.174497959746351,2.1953770523542584,2.332588118126399,2.4697991838985405,0.0,8.232663946328469,2.8814323812149643,3.018643446987105,0.0,0.0,0.0,0.0,0.0,0.0,0.0,0.0,0.0,0.0,0.0,0.0,0.0,0.0,0.0,0.0,0.0
0.921600991769548,1.4178476796454584,0.8507086077872752,0.2835695359290917,0.0,0.0,0.4962466878759105,0.0,0.0,0.0,0.0,0.0,0.0,0.0,0.0,0.0,4.820682110794559,2.5521258233618256,5.3878211826527425,2.835695359290917,8.932440381766389,4.678897342830013,6.522099326369109,1.7014172155745504,1.772309599556823,3.686403967078192,1.9140943675213689,0.0,0.0,0.0,0.0,0.0,0.0,0.0,0.0,0.0,0.0,2.6939105913263712,0.0
0.6233640660510205,1.1000542342076833,0.9900488107869152,0.7333694894717889,0.7333694894717888,0.8800433873661467,0.0,1.4667389789435779,0.990048810786915,1.4667389789435776,0.4033532192094839,0.8800433873661467,0.0,1.5400759278907568,1.1000542342076833,0.5866955915774311,3.740184396306123,1.32006508104922,1.393402029996399,2.9334779578871553,0.7700379639453784,2.4201193152569034,3.373499651570229,2.64013016209844,1.833423723679472,0.9533803363133255,1.98009762157383,2.053434570521009,0.0,3.30016270262305,0.0,2.3467823663097245,1.2100596576284515,0.0,0.0,1.32006508104922,2.7134671110456186,0.0,0.0
1.3174690828563995,1.731530794611268,0.9034073711015311,1.0539752662851196,0.9410493448974281,0.45170368555076557,1.0539752662851196,0.9034073711015311,0.33877776416307415,0.37641973795897127,0.8281234235097369,0.9034073711015311,0.0,0.5269876331425598,0.0,0.0,0.6399135545302511,0.0,0.7151975021220455,0.7528394759179425,0.0,0.0,0.0,0.9034073711015311,0.9410493448974281,0.9786913186933254,1.0163332924892223,4.2159010651404785,1.0916172400810167,0.0,1.166901187672811,0.0,4.968740541058421,1.2798271090605022,0.0,0.0,0.0,1.430395004244091,0.0
1.2089017058029699,1.3432241175588553,0.2686448235117711,0.8954827450392369,1.5670948038186643,1.3432241175588555,0.9402568822911989,1.0745792940470844,0.8059344705353133,1.3432241175588553,0.0,1.0745792940470844,1.164127568551008,0.6268379215274659,0.6716120587794276,1.432772392062779,1.5223206665667028,1.6118689410706266,1.7014172155745502,0.0,0.9402568822911989,0.9850310195431606,2.059610313590245,1.0745792940470844,0.0,0.0,0.0,0.0,1.2984499803068934,0.0,1.3879982548108174,0.0,1.4775465293147407,0.0,0.0,1.6118689410706266,0.0,0.0,0.0
1.810018314441011,0.7240073257764044,0.5430054943323033,0.0,0.0,0.0,0.0,0.0,0.0,0.0,0.995510072942556,0.0,0.0,0.0,1.357513735830758,2.8960293031056175,1.5385155672748592,0.0,3.4390347974379205,7.240073257764043,5.701557690489184,3.982040291770224,4.163042123214325,4.344043954658426,0.0,0.0,0.0,2.5340256402174153,0.0,0.0,0.0,0.0,0.0,0.0,0.0,0.0,0.0,0.0,0.0
0.661662250501214,1.5123708582884892,3.119264895220009,0.3780927145721223,0.4726158932151528,0.0,1.323324501002428,0.0,0.8507086077872752,0.9452317864303056,0.0,0.0,1.2288013223593974,0.0,0.0,0.0,0.0,1.7014172155745504,0.0,0.0,0.0,0.0,0.0,0.0,0.0,2.457602644718795,0.0,0.0,5.482344361295773,0.0,11.720874151735792,0.0,0.0,0.0,0.0,10.208503293447302,3.497357609792131,0.0,0.0
1.5400759278907568,1.0267172852605044,0.22001084684153668,0.5866955915774311,0.0,0.8800433873661467,0.0,0.0,0.66003254052461,1.4667389789435776,0.8067064384189678,0.0,7.627042690506604,0.0,0.0,0.0,0.0,3.96019524314766,0.0,2.9334779578871553,0.0,1.6134128768379357,0.0,0.0,0.0,0.0,0.0,0.0,6.380314558404563,6.6003254052461,2.2734454173625456,0.0,0.0,0.0,0.0,0.0,0.0,0.0,0.0
1.657224560624562,0.9943347363747371,0.6628898242498249,0.7733714616247955,0.4143061401561404,0.6628898242498249,0.9667143270309944,0.0,0.4971673681873686,0.0,1.215298011124679,1.3257796484996498,0.0,0.7733714616247956,1.657224560624562,0.8838530989997664,0.4695469588436259,0.0,0.5247877775311113,0.0,0.5800285962185967,0.6076490055623395,0.6352694149060821,0.6628898242498249,2.071530700780702,2.1543919288119304,2.9830042091242115,0.7733714616247956,0.8009918709685383,0.0,0.0,3.5354123959990655,0.0,3.7563756707490072,0.0,1.9886694727494745,0.0,0.0,3.231587893217896
1.381020467187135,0.3314449121249124,0.828612280312281,1.1048163737497079,0.27620409343742697,0.0,0.0,0.4419265494998832,1.4915021045621057,2.7620409343742693,0.6076490055623395,0.0,0.0,0.0,0.0,0.0,0.0,2.9830042091242115,4.19830222024889,4.4192654949988315,1.1600571924371934,3.645894033374036,5.082155319248657,0.0,0.0,0.0,0.0,1.5467429232495913,1.6019837419370766,4.9716736818736855,1.7124653793120475,3.5354123959990655,0.0,0.0,0.0,1.9886694727494745,0.0,0.0,0.0
1.2236219701049846,0.466141702897137,0.3496062771728528,1.398425108691411,0.0,1.3984251086914112,0.0,0.0,2.622047078796396,0.0,1.281889682967127,0.6992125543457056,0.7574802672078477,0.8157479800699898,0.0,0.0,0.9905511186564161,2.0976376630371165,1.1070865443807005,0.0,0.0,5.127558731868508,4.020472187487807,0.0,2.913385643107106,1.5149605344156953,0.0,1.6314959601399797,5.069291019006365,3.4960627717285275,7.225196394905624,0.0,0.0,0.0,0.0,4.195275326074233,0.0,0.0,0.0
0.8757294491927832,1.6263546913580258,0.0,0.7506252421652428,0.0,0.3753126210826214,0.0,0.5004168281101619,0.0,0.0,0.0,0.0,0.0,0.0,0.0,10.008336562203237,0.0,0.0,0.0,10.008336562203235,0.0,0.0,0.0,24.02000774928777,0.0,0.0,0.0,0.0,0.0,0.0,0.0,2.0016673124406474,0.0,0.0,0.0,2.251875726495728,0.0,0.0,0.0
2.223442952171287,1.1600571924371932,0.5800285962185967,0.38668573081239777,0.9667143270309944,0.0,0.0,0.0,0.0,0.9667143270309944,0.0,0.0,0.0,0.0,0.0,3.093485846499182,3.286828711905381,0.0,0.0,5.800285962185966,2.0301000867650885,0.0,0.0,2.320114384874387,0.0,0.0,0.0,0.0,0.0,0.0,0.0,0.0,0.0,0.0,0.0,0.0,0.0,0.0,0.0
1.7944634695512833,0.6646160998338086,0.39876965990028523,0.0,0.3323080499169043,0.0,0.0,0.0,0.0,0.0,0.0,0.0,1.7280018595679025,1.8609250795346644,0.0,3.190157279202282,5.649236848587374,0.0,2.525541179368473,3.987696599002852,1.3956938096509983,4.386466258903138,1.5286170296177601,0.0,3.323080499169043,3.456003719135805,3.5889269391025667,0.0,1.9273866895180451,0.0,0.0,0.0,0.0,0.0,0.0,0.0,0.0,0.0,0.0
1.4462046332383678,0.34028344311491004,0.25521258233618255,0.5104251646723651,0.42535430389363754,0.5104251646723651,0.8932440381766389,0.0,0.0,0.42535430389363754,0.46788973428300135,0.5104251646723651,3.317763570370373,1.1909920509021852,2.552125823361825,4.083401317378921,0.7231023166191838,3.0625509880341903,1.6163463547958228,0.8507086077872751,0.0,2.8073384056980077,0.0,2.0417006586894604,4.2535430389363755,2.211842380246915,1.1484566205128215,3.5729761527065556,1.2335274812915489,0.0,2.637196684140553,0.0,2.8073384056980077,1.4462046332383676,0.0,0.0,0.0,0.0,0.0
1.4847272871759045,1.1235774065114954,0.6019164677740155,0.16051105807307076,0.4012776451826769,0.0,0.5617887032557477,0.3210221161461415,0.0,0.0,1.3242162291028339,0.4815331742192124,0.0,0.5617887032557477,3.0095823388700773,1.9261326968768493,2.728687987242203,0.0,3.0497101033883447,3.210221161461415,1.6853661097672432,2.6484324582056677,1.845877167840314,0.9630663484384248,2.0063882259133843,0.0,3.250348925979683,1.1235774065114954,0.0,0.0,2.487921400132597,3.8522653937536986,0.0,0.0,0.0,0.0,0.0,0.0,0.0
2.211842380246915,0.6805668862298201,0.8507086077872752,0.0,0.0,0.0,0.0,0.0,0.5104251646723651,0.0,0.0,0.0,0.0,0.0,0.0,5.444535089838561,0.9641364221589118,2.0417006586894604,0.0,2.2685562874327334,0.0,1.2477059580880037,1.304419865273822,1.3611337724596404,0.0,0.0,0.0,0.0,0.0,0.0,0.0,3.6296900598923743,0.0,0.0,0.0,2.0417006586894604,0.0,0.0,15.48289666172841
0.7317923507847528,1.2806366138733174,0.0,1.2806366138733174,0.0,3.018643446987106,0.0,2.561273227746635,0.0,4.5737021924047045,0.0,2.195377052354259,0.0,0.6403183069366588,0.0,0.7317923507847528,0.0,2.4697991838985405,0.0,2.7442213154428226,0.0,2.01242896465807,0.0,3.293065578531388,0.0,1.1891625700252233,0.0,5.1225464554932705,0.0,1.3721106577214115,0.0,4.390754104708517,0.0,3.1101174908351994,0.0,0.0,0.0,0.0,0.0
2.185848506120082,1.4178476796454584,0.7089238398227293,0.0,0.0,0.0,0.0,0.0,0.0,0.0,0.0,0.0,0.0,0.0,0.8861547997784115,1.8904635728606112,1.0043087730821998,1.0633857597340939,3.367388239157964,2.3630794660757637,3.7218501590693287,1.2996937063416703,0.0,0.0,0.0,0.0,0.0,0.0,0.0,0.0,0.0,0.0,0.0,0.0,0.0,0.0,0.0,0.0,11.520012397119352
1.635978091898606,1.3087824735188849,0.0,1.3087824735188849,0.5453260306328686,0.6543912367594424,0.0,2.6175649470377698,0.0,0.0,0.0,0.6543912367594424,0.0,1.5269128857720322,0.817989045949303,0.0,0.9270542520758767,0.0,0.0,1.090652061265737,0.0,3.5991518021769333,0.0,0.0,0.0,1.4178476796454584,2.9447605654174906,0.0,1.581445488835319,4.907934275695818,0.0,3.490086596050359,0.0,0.0,1.9086411072150402,1.963173710278327,0.0,0.0,0.0
1.0146065964435391,0.858513273913764,1.053629927075983,0.7804666126488763,0.9755832658110952,0.9365599351786517,0.5463266288542135,0.624373290119101,0.7024199513839887,1.9511665316221904,0.0,0.9365599351786517,0.5073032982217696,0.0,0.0,0.624373290119101,0.6633966207515448,0.0,0.0,0.0,0.0,0.0,1.7950732090924155,1.8731198703573033,0.0,2.0292131928870782,2.107259854151966,2.185306515416854,4.526706353363482,1.1706999189733145,3.629169748817275,1.248746580238202,1.2877699108706457,6.633966207515448,2.731633144271067,0.0,1.443863233400421,2.96577312806573,4.565729683995927
1.5827136889065583,0.5935176333399593,1.038655858344929,1.3848744777932387,0.7418970416749492,0.0,0.0,0.0,0.4451382250049695,0.0,0.0,0.5935176333399594,0.0,0.0,0.7418970416749492,2.3740705333598373,0.8408166472316091,1.780552900019878,1.879472505576538,1.9783921111331977,2.077311716689858,1.088115661123259,3.4127263917047665,1.1870352666799189,0.0,0.0,1.3354146750149085,2.769748955586477,0.0,1.4837940833498984,3.066507772256457,0.0,0.0,0.0,0.0,0.0,0.0,1.879472505576538,7.715729233419473
1.4005568542839286,0.6224697130150794,0.15561742825376987,0.2074899043383598,0.5187247608458995,0.6224697130150795,0.0,0.0,0.0,0.0,0.0,0.0,1.3486843781993387,0.7262146651842593,0.0,2.4898788520603174,4.409160467190145,0.933704569522619,4.927885228036045,2.074899043383598,6.5359319866583325,3.4235834215829364,5.965334749727844,0.0,2.5936238042294972,0.0,1.4005568542839286,1.4524293303685185,0.0,0.0,0.0,0.0,0.0,0.0,0.0,0.0,0.0,1.971154091214418,10.11513283649504
2.2220000949667633,1.1427429059829068,0.19045715099715116,0.0,0.9522857549857556,0.3809143019943023,0.0,0.0,0.0,0.0,0.0,0.0,1.6506286419753098,2.666400113960116,0.0,1.015771471984806,0.0,0.0,1.2062286229819572,2.539428679962015,5.332800227920232,0.0,0.0,0.0,0.0,1.6506286419753098,3.4282287179487203,3.5552001519468215,0.0,0.0,0.0,0.0,0.0,0.0,0.0,0.0,0.0,0.0,0.0
2.1875364200244216,0.972238408899743,1.093768210012211,0.0,0.0,0.0,0.0,0.0,0.0,0.0,0.0,0.0,1.5798874144620823,5.104251646723651,0.0,1.944476817799486,0.0,2.1875364200244216,0.0,0.0,0.0,0.0,2.795185425586761,5.833430453398458,0.0,3.1597748289241645,0.0,0.0,0.0,0.0,0.0,0.0,0.0,0.0,0.0,0.0,0.0,0.0,0.0
0.9732683224684927,0.5046576486873666,0.3244227741561643,1.0093152973747332,3.6046974906240465,0.21628184943744286,0.7569864730310499,0.2883757992499238,2.27095941909315,1.081409247187214,0.7930334479372904,0.8651273977497714,0.46861067378112614,0.0,0.0,0.0,2.451194293624352,1.297691096624657,0.0,0.7209394981248094,0.0,0.0,0.0,0.0,0.0,3.748885390249009,0.9732683224684927,3.0279458921241997,2.0907245445619473,2.162818494374428,0.0,2.3070063939993903,2.3791003438118707,6.127985734060879,5.046576486873666,1.297691096624657,1.3337380715308973,0.0,0.0
1.0962739791073133,1.1401249382716059,0.9208701424501432,1.7540383665717012,0.21925479582146262,0.5262115099715104,0.0,0.7016153466286805,0.7893172649572656,0.0,0.48236055080721785,0.5262115099715104,2.2802498765432118,1.2278268566001909,0.0,0.7016153466286805,0.745466305792973,0.7893172649572656,4.165841120607791,0.0,0.0,1.9294422032288714,0.0,2.104846039886042,0.0,2.2802498765432118,1.1839758974358983,6.1391342830009545,1.2716778157644832,0.0,2.718759468186137,1.403230693257361,0.0,1.490932611585946,0.0,3.1572690598290625,0.0,0.0,0.0
0.9174308515352967,1.1676392655903778,3.252709382716052,1.0008336562203237,0.0,1.0008336562203237,0.0,1.3344448749604316,0.0,0.0,0.0,0.0,1.0842364609053505,0.0,1.2510420702754046,0.0,0.0,1.5012504843304855,0.0,1.6680560937005393,1.7514588983855663,1.8348617030705934,1.9182645077556204,0.0,0.0,0.0,0.0,0.0,0.0,2.502084140550809,0.0,2.6688897499208633,0.0,0.0,0.0,0.0,9.257711320037993,0.0,3.252709382716052
1.3975927127933805,1.5798874144620825,0.18229470166870182,1.2152980111246787,1.2152980111246785,0.7291788066748073,1.2760629116809128,0.4861192044498715,0.0,1.2152980111246785,0.6684139061185733,1.4583576133496146,0.0,0.8507086077872751,0.0,0.0,0.0,0.0,1.1545331105684449,0.0,2.552125823361825,0.0,0.0,0.0,0.0,1.5798874144620823,0.0,3.4028344311491003,0.0,0.0,0.0,1.944476817799486,0.0,4.132013237823908,0.0,0.0,0.0,6.927198663410669,0.0
1.202088250134193,0.5548099616003968,0.5548099616003969,0.3698733077335979,0.4623416346669973,0.0,0.0,0.0,0.0,0.0,0.0,0.0,0.0,2.5891131541351853,0.0,2.958986461868783,3.1439231157355816,0.0,3.51379642346918,11.096199232007935,3.8836697312027777,4.068606385069577,4.2535430389363755,2.2192398464015874,9.246832693339945,2.404176500268386,0.0,0.0,0.0,0.0,0.0,0.0,0.0,0.0,0.0,0.0,0.0,0.0,0.0
1.7621821161307842,0.12152980111246788,0.18229470166870182,0.0,0.3038245027811696,0.36458940333740364,0.0,1.4583576133496146,0.0,1.2152980111246785,0.0,2.187536420024422,0.0,3.4028344311491003,1.822947016687018,0.972238408899743,2.066006618911954,0.0,2.3090662211368898,2.430596022249357,3.828188735042738,1.3368278122371466,2.795185425586761,2.916715226699229,0.0,1.5798874144620823,3.281304630036632,0.0,0.0,0.0,0.0,0.0,0.0,0.0,0.0,0.0,0.0,0.0,11.849155608465619
1.4178476796454584,0.6543912367594424,0.0,1.7450432980251795,0.0,0.0,0.0,0.8725216490125898,0.0,0.0,0.0,0.0,0.0,1.5269128857720322,0.0,3.490086596050359,3.7082170083035066,3.926347420556654,2.072238916404901,4.362608245062948,0.0,2.399434534784622,2.508499740911196,2.6175649470377698,5.453260306328686,2.835695359290917,5.889521130834981,0.0,0.0,0.0,0.0,0.0,0.0,0.0,0.0,0.0,0.0,0.0,0.0
1.4011671187084531,0.8006669249762589,0.4503751452991457,0.20016673124406473,0.0,0.0,0.0,0.0,0.0,0.5004168281101617,0.550458510921178,3.0025009686609714,0.6505418765432104,1.4011671187084531,0.7506252421652427,1.6013338499525178,3.4028344311491003,0.9007502905982913,2.8523759202279226,8.006669249762588,1.05087533903134,2.201834043684712,2.3019174093067445,2.402000774928777,1.2510420702754044,1.3010837530864208,1.351125435897437,1.4011671187084531,4.353626404558407,3.002500968660971,0.0,0.0,0.0,0.0,0.0,0.0,0.0,0.0,0.0
0.998280509138129,0.954877008740819,0.39063150357578963,0.5208420047677195,0.6510525059596493,0.7812630071515793,0.3038245027811697,0.0,0.7812630071515791,0.43403500397309946,1.9097540174816379,1.5625260143031585,0.5642455051650294,0.6076490055623394,1.3021050119192985,2.777824025427837,0.7378595067542691,2.3437890214547377,2.4739995226466673,0.8680700079461989,0.911473508343509,2.8646310262224572,0.0,1.041684009535439,2.170175019865497,1.1284910103300587,3.515683532182106,3.645894033374036,2.5174030230439772,1.3021050119192985,4.036525536949826,0.0,0.0,0.0,3.038245027811697,0.0,0.0,1.6493330150977783,3.3854730309901764
1.3689563803473392,0.6844781901736696,0.8800433873661467,0.9778259859623851,0.24445649649059628,0.0,0.0,0.0,1.7600867747322935,2.444564964905963,0.5378042922793118,2.9334779578871557,1.2711737817511006,0.0,0.7333694894717888,2.3467823663097245,0.0,0.8800433873661467,1.8578693733285319,0.0,3.0801518557815135,0.0,0.0,1.1733911831548622,2.444564964905963,2.5423475635022013,0.0,1.3689563803473392,4.2535430389363755,1.4667389789435776,3.031260556483394,0.0,0.0,0.0,0.0,1.7600867747322935,0.0,0.0,0.0
0.6543912367594424,0.817989045949303,0.24539671378479094,0.9815868551391637,2.044972614873257,0.0,0.0,0.0,0.7361901413543728,0.817989045949303,2.6993638516327003,0.9815868551391638,0.0,0.0,0.0,1.3087824735188849,0.0,0.0,3.1083583746073518,6.543912367594424,3.4355539929870726,0.0,1.8813748056833972,1.9631737102783275,2.044972614873257,0.0,0.0,4.580738657316097,4.744336466505957,2.453967137847909,2.5357660424428397,0.0,5.3987277032654,0.0,11.451846643290242,0.0,0.0,0.0,0.0
1.5705389682226618,0.261756494703777,0.19631737102783275,0.523512989407554,0.32719561837972116,0.3926347420556655,0.0,0.0,3.533712678500989,1.963173710278327,2.15949108130616,0.0,0.0,1.8322954629264387,0.9815868551391637,1.047025978815108,0.0,0.0,2.4866866996858814,3.926347420556654,0.0,0.0,0.0,0.0,1.635978091898606,1.7014172155745504,0.0,0.0,3.795469173204766,1.9631737102783273,10.143064169771359,0.0,0.0,0.0,2.2903693286580484,2.3558084523339926,0.0,0.0,2.5521258233618256
1.635978091898606,2.1813041225314747,0.3271956183797212,0.4362608245062949,0.0,0.0,0.0,0.0,0.0,0.0,0.0,0.0,0.0,0.0,0.0,0.0,0.0,0.0,0.0,26.175649470377696,0.0,0.0,0.0,0.0,0.0,0.0,0.0,0.0,0.0,0.0,0.0,0.0,0.0,0.0,0.0,0.0,0.0,0.0,0.0
2.058165986582117,0.8232663946328469,0.0,0.8232663946328469,0.3430276644303528,0.4116331973164235,1.920954920809976,0.5488442630885646,0.0,0.0,0.0,0.823266394632847,0.0,0.0,0.0,2.1953770523542584,0.0,0.0,1.3035051248353409,0.0,0.0,1.5093217234935525,3.1558545127592463,0.0,1.7151383221517642,0.0,0.0,0.0,1.9895604536960465,2.058165986582117,0.0,8.781508209417034,2.2639825852403286,2.332588118126399,0.0,0.0,0.0,0.0,0.0
1.2348995919492705,0.5488442630885646,0.0,0.1829480876961882,0.914740438480941,1.9209549208099763,1.6007957673416469,0.3658961753923764,0.4116331973164235,0.0,1.006214482329035,1.0976885261771294,1.7837438550378348,0.6403183069366588,0.0,2.927169403139011,0.0,0.823266394632847,5.2140204993413635,0.0,5.7628647624299285,3.018643446987105,0.0,2.195377052354259,1.1434255481011761,1.1891625700252233,1.2348995919492705,1.2806366138733176,1.3263736357973646,0.0,1.4178476796454587,0.0,1.5093217234935525,3.1101174908351994,0.0,0.0,0.0,0.0,3.5674877100756706
1.4757190135085385,0.7812630071515793,0.26042100238385973,1.2152980111246787,0.43403500397309946,0.5208420047677195,0.911473508343509,0.3472280031784796,1.1718945107273688,0.43403500397309946,1.4323155131112286,0.5208420047677195,2.821227525825147,0.6076490055623394,1.3021050119192985,0.0,0.0,1.5625260143031583,0.8246665075488891,0.0,1.822947016687018,0.9548770087408189,0.9982805091381289,0.0,1.0850875099327486,1.1284910103300587,1.1718945107273686,2.4305960222493574,1.2587015115219886,0.0,1.3455085123166086,0.0,2.8646310262224564,0.0,0.0,1.5625260143031583,1.6059295147004682,3.2986660301955566,3.3854730309901764
2.2685562874327334,0.992493375751821,0.8507086077872752,0.2835695359290917,1.0633857597340939,0.4253543038936376,0.0,0.0,0.6380314558404564,0.7089238398227292,0.0,0.0,0.0,0.0,1.0633857597340939,1.1342781437163667,2.4103410553972795,2.5521258233618256,0.0,0.0,0.0,1.5596324476100043,1.6305248315922773,0.0,0.0,0.0,0.0,1.984986751503642,0.0,2.1267715194681878,0.0,0.0,0.0,0.0,0.0,0.0,0.0,0.0,0.0
1.4524293303685185,0.6224697130150794,0.6224697130150795,1.2449394260301587,0.778087141268849,1.5561742825376985,1.8155366629606482,0.8299596173534391,1.867409139045238,0.5187247608458995,1.141194473860979,1.867409139045238,0.6743421890996694,0.0,0.7780871412688491,0.0,0.881832093438029,0.0,0.0,1.037449521691799,3.2679659933291663,0.0,1.1930669499455688,0.0,0.0,0.0,2.8011137085678572,2.904858660737037,0.0,1.5561742825376983,0.0,0.0,0.0,0.0,0.0,0.0,0.0,0.0,0.0
1.3035051248353409,1.2348995919492705,0.4116331973164235,0.5488442630885646,0.3430276644303528,0.0,0.0,0.0,0.0,0.0,0.0,0.0,0.0,0.960477460404988,0.0,3.2930655785313876,1.1662940590631996,2.4697991838985405,5.2140204993413635,6.860553288607057,7.20358095303741,6.03728689397421,0.0,3.293065578531388,0.0,1.7837438550378348,1.8523493879239055,0.0,0.0,0.0,0.0,0.0,0.0,0.0,0.0,0.0,0.0,0.0,0.0
2.0063882259133847,0.642044232292283,1.4445995226576371,0.642044232292283,0.0,0.0,0.5617887032557477,0.0,0.0,0.0,0.0,0.9630663484384248,0.0,0.0,1.2038329355480308,2.568176929169132,1.3643439936211015,1.444599522657637,3.0497101033883447,0.0,0.0,3.531243277607557,5.5376315035209425,3.852265393753699,0.0,0.0,0.0,0.0,0.0,0.0,0.0,0.0,0.0,0.0,0.0,0.0,0.0,0.0,0.0
1.0976885261771292,0.8232663946328469,0.27442213154428235,0.5488442630885646,0.4573702192404705,0.5488442630885647,0.3201591534683294,0.7317923507847528,1.646532789265694,0.914740438480941,0.5031072411645175,0.0,2.3783251400504466,0.0,0.6860553288607057,4.390754104708517,0.7775293727087998,4.116331973164234,2.6070102496706817,1.829480876961882,0.0,4.02485792931614,0.0,0.0,0.0,1.1891625700252233,2.469799183898541,1.2806366138733176,1.3263736357973646,1.3721106577214115,5.671390718581835,4.390754104708517,3.018643446987105,0.0,0.0,0.0,0.0,0.0,0.0
1.453293871636595,1.6305248315922773,0.4253543038936376,0.8507086077872752,0.3544619199113646,0.2126771519468188,0.7443700318138657,0.5671390718581834,1.914094367521369,0.0,0.7798162238050022,0.4253543038936376,0.460800495884774,0.4962466878759105,0.5316928798670469,1.1342781437163667,0.0,0.0,1.3469552956631856,0.0,0.7443700318138657,0.7798162238050022,0.8152624157961387,2.5521258233618256,0.0,0.0,0.0,2.977480127255463,2.055879135485915,0.0,3.2964958551756913,0.0,3.50917300712251,0.0,1.2406167196897762,2.5521258233618256,0.0,2.6939105913263712,0.0
1.1170921112358159,0.8593016240275506,0.9022667052289283,0.8593016240275506,0.4296508120137753,1.031161948833061,0.0,0.6874412992220406,0.0,0.0,2.363079466075764,1.031161948833061,0.0,0.0,0.0,2.0623238976661216,0.0,0.7733714616247956,1.6326730856523464,3.4372064961102025,0.0,0.0,0.0,0.0,0.0,2.2341842224716317,1.1600571924371934,3.6090668209157126,8.721911483879639,2.577904872082652,0.0,6.874412992220405,0.0,1.4608127608468362,0.0,7.733714616247956,0.0,0.0,0.0
1.231288774428951,0.22387068625980922,1.3432241175588555,0.44774137251961843,0.559676715649523,0.0,0.0,0.0,1.0074180881691415,0.0,0.0,0.0,7.2757973034438,0.0,0.0,1.7909654900784737,0.0,2.014836176338283,0.0,0.0,0.0,2.4625775488579014,5.149025783975612,2.686448235117711,0.0,0.0,9.066762793522273,0.0,3.246124950767234,0.0,6.939991274054086,0.0,0.0,3.8058016664167567,3.9177370095466615,0.0,0.0,0.0,0.0
1.119353431299046,1.6790301469485693,1.6790301469485693,1.3432241175588553,0.2798383578247615,0.3358060293897139,0.3917737009546662,0.8954827450392369,0.5037090440845707,2.798383578247615,0.0,0.0,1.45515946068876,0.0,0.0,0.8954827450392369,0.9514504166041892,0.0,0.0,0.0,0.0,1.2312887744289507,0.0,2.686448235117711,0.0,0.0,3.0222542645074246,0.0,0.0,6.7161205877942765,0.0,1.7909654900784737,0.0,0.0,0.0,0.0,0.0,0.0,0.0
1.1027704175020232,0.6301545242868705,0.7561854291442447,1.1342781437163667,0.15753863107171762,0.37809271457212235,0.22055408350040467,0.5041236194294964,0.28356953592909173,1.575386310717176,0.3465849883577788,2.268556287432734,2.0480022039323287,0.44110816700080935,0.47261589321515285,2.0164944777179854,1.0712626912876797,0.5671390718581835,1.795940394217581,1.260309048573741,1.323324501002428,0.6931699767155576,0.7246777029299011,2.268556287432734,1.575386310717176,2.457602644718795,2.552125823361825,2.646649002004856,0.9137240602159622,1.8904635728606114,1.9534790252892986,2.0164944777179854,0.0,1.0712626912876797,0.0,6.805668862298202,0.0,1.197293596145054,2.4576026447187953
0.5719049464116135,1.0723217745217752,0.10723217745217754,1.0008336562203237,1.9659232532899213,0.4289287098087102,0.7506252421652427,1.429762366029034,0.3216965323565326,2.1446435490435505,0.0,0.4289287098087102,1.394018306878308,2.5020841405508096,0.0,1.143809892823227,0.0,1.9301791941391957,3.3956856193189555,0.0,3.002500968660971,0.0,4.110566802333473,0.8578574196174203,0.0,2.788036613756616,0.9650895970695977,1.0008336562203237,2.0731554307420987,0.0,3.3241975010175038,1.143809892823227,4.7182158078958105,1.2152980111246787,3.753126210826214,2.573572258852261,0.0,2.7165484954551644,0.0
1.1948154603753864,0.5735114209801855,0.14337785524504637,0.38234094732012364,1.1948154603753862,0.28675571049009274,0.0,0.38234094732012364,0.8602671314702782,1.911704736600618,1.57715640769551,1.7205342629405567,0.621304039395201,1.3381933156204329,1.4337785524504636,0.0,2.437423539165788,2.580801394410835,3.632238999541175,0.0,1.0036449867153245,3.15431281539102,2.198460447090711,0.0,1.1948154603753862,1.242608078790402,0.0,4.014579946861298,5.5439437361417925,2.867557104900927,0.0,0.0,1.5771564076955098,3.249898052221051,1.672741644525541,0.0,0.0,0.0,0.0
1.4011671187084531,0.40033346248812945,0.4503751452991457,0.6005001937321942,0.2502084140550809,0.3002500968660971,0.0,1.2010003874643884,1.351125435897437,0.0,0.0,1.2010003874643884,0.6505418765432104,0.7005835593542266,0.7506252421652427,1.6013338499525178,1.7014172155745502,1.8015005811965825,1.901583946818615,5.0041682811016175,3.1526260170940197,3.302751065527068,2.3019174093067445,6.005001937321943,1.2510420702754044,2.6021675061728415,0.0,1.4011671187084531,0.0,0.0,0.0,3.2026676999050356,1.6513755327635338,1.7014172155745502,0.0,0.0,0.0,0.0,0.0
1.3354146750149085,0.5935176333399593,1.3354146750149087,0.39567842222663957,0.4945980277832994,0.0,1.038655858344929,1.1870352666799187,0.4451382250049695,1.9783921111331977,0.5440578305616295,0.0,0.6429774361182893,1.3848744777932385,0.7418970416749492,0.0,0.8408166472316091,0.890276450009939,0.0,3.9567842222663954,0.0,2.176231322246518,0.0,2.3740705333598378,1.2364950694582486,3.857864616709736,0.0,0.0,0.0,4.451382250049695,0.0,1.5827136889065583,1.632173491684888,0.0,0.0,1.780552900019878,3.660025405596416,0.0,3.8578646167097363
0.5053714501706584,1.0107429003413169,0.8844000377986525,0.5053714501706584,1.4740000629977539,2.021485800682634,0.5896000251991016,0.0,0.37902858762799385,0.4211428751422154,0.9265143253128739,0.5053714501706585,2.1899429507395203,0.0,1.8951429381399691,1.3476572004550893,2.1478286632252983,4.548343051535927,1.6003429255404187,0.8422857502844308,2.653200113395957,1.8530286506257478,2.9058858384812862,4.042971601365268,4.211428751422154,0.0,0.0,0.0,0.0,0.0,0.0,0.0,0.0,7.159428877417662,4.422000188993262,0.0,0.0,0.0,0.0
1.4289246146426886,1.2627705896842365,0.19938482995014262,0.9304625397673322,0.3323080499169043,0.19938482995014262,0.9304625397673322,0.5316928798670469,0.8972317347756418,1.6615402495845215,0.3655388549085948,0.7975393198005705,1.296001394675927,0.9304625397673322,0.996924149750713,1.0633857597340939,1.1298473697174747,1.7944634695512836,1.2627705896842365,0.0,0.6978469048254992,2.193233129451569,1.5286170296177601,0.0,0.8307701247922608,0.8640009297839513,0.0,0.0,2.8910800342770675,3.987696599002852,1.0301549547424036,0.0,0.0,1.1298473697174747,0.0,1.1963089797008557,0.0,1.2627705896842365,2.592002789351854
1.6434143559526906,0.6767000289216961,0.43502144716394753,0.38668573081239777,0.4833571635154972,0.29001429810929835,0.33835001446084806,1.1600571924371932,1.3050643414918424,0.9667143270309944,1.5950786396011407,0.5800285962185967,0.6283643125701464,0.6767000289216961,0.0,0.0,0.0,0.8700428943278951,1.8367572213588896,2.900142981092983,1.0150500433825442,5.316928798670469,0.0,1.1600571924371934,1.208392908788743,0.0,2.610128682983685,2.7068001156867845,4.205207322584825,0.0,0.0,0.0,0.0,0.0,0.0,1.7400857886557901,0.0,1.8367572213588896,1.8850929377104395
0.9815868551391637,1.5705389682226618,0.19631737102783275,2.6175649470377698,0.9815868551391635,0.3926347420556655,0.4580738657316097,0.523512989407554,1.1779042261669963,1.3087824735188847,0.7198303604353867,0.0,0.0,0.0,0.9815868551391637,2.094051957630216,0.0,0.0,0.0,1.3087824735188847,0.0,1.4396607208707735,0.0,0.0,0.0,0.0,1.7668563392504946,0.0,1.897734586602383,1.9631737102783273,0.0,6.282155872890647,0.0,0.0,0.0,9.42323380933597,0.0,2.4866866996858814,0.0
1.5385155672748594,0.3620036628882022,0.5430054943323033,0.3620036628882022,0.0,0.0,0.0,0.0,0.0,0.0,1.991020145885112,1.0860109886646065,2.353023808773314,1.2670128201087076,1.357513735830758,0.0,1.5385155672748592,1.6290164829969098,1.7195173987189603,1.8100183144410107,5.701557690489184,5.973060437655335,4.163042123214325,0.0,2.2625228930512633,4.706047617546628,0.0,0.0,5.249053111878931,2.715027471661516,0.0,0.0,0.0,0.0,0.0,0.0,0.0,0.0,0.0
1.6263546913580258,0.5838196327951889,0.5004168281101619,0.16680560937005395,0.4170140234251348,1.2510420702754046,0.5838196327951888,0.6672224374802158,0.7506252421652427,1.2510420702754044,0.45871542576764834,0.0,0.5421182304526753,0.0,0.0,2.0016673124406474,2.1267715194681878,1.5012504843304855,2.376979933523269,0.0,1.7514588983855663,0.0,1.9182645077556204,0.0,0.0,1.0842364609053505,0.0,0.0,3.628022003798673,8.757294491927833,0.0,0.0,5.50458510921178,1.4178476796454584,0.0,3.002500968660971,0.0,0.0,0.0
2.1267715194681878,1.8493665386679894,0.0,1.1096199232007935,0.0,0.5548099616003969,0.0,0.0,1.6644298848011905,0.0,1.0171515962673943,0.0,0.0,2.5891131541351853,0.0,0.0,0.0,0.0,0.0,0.0,0.0,0.0,0.0,2.2192398464015874,2.3117081733349862,4.808353000536772,0.0,0.0,0.0,0.0,0.0,0.0,0.0,0.0,0.0,0.0,0.0,0.0,0.0
1.3836826753166522,0.4099800519456748,0.3074850389592561,0.0,1.2811876623302334,0.0,0.0,0.0,0.9224551168777683,1.0249501298641868,2.254890285701211,0.6149700779185122,0.6662175844117215,2.1523952727147924,2.3061377921944204,2.4598803116740484,0.8712076103845589,0.9224551168777683,6.815918363596842,0.0,5.380988181786981,0.0,1.178692649343815,0.0,1.2811876623302336,2.664870337646886,1.3836826753166522,1.4349301818098616,2.972355376606142,0.0,1.58867270128949,0.0,0.0,0.0,3.5873254545246542,0.0,1.8961577402487457,0.0,0.0
1.0505738831107916,1.6911677142759083,1.3836826753166525,0.7174650909049307,0.76871259739814,1.0761976363573962,0.8968313636311636,1.2299401558370242,0.46122755843888413,1.0249501298641868,0.0,0.3074850389592561,0.33310879220586076,0.7174650909049308,0.7687125973981402,0.8199601038913495,0.4356038051922794,2.7673653506333045,0.48685131168548884,1.0249501298641868,0.5380988181786982,0.5637225714253028,1.178692649343815,0.6149700779185122,0.6405938311651168,1.332435168823443,0.0,0.7174650909049308,0.0,1.5374251947962805,0.0,0.0,0.0,2.6136228311536764,1.7936627272623271,2.7673653506333045,0.0,0.0,0.0
0.960477460404988,1.920954920809976,0.13721106577214118,0.5488442630885646,1.1434255481011761,1.0976885261771294,1.2806366138733176,1.4635847015695056,3.704698775847811,0.4573702192404705,1.006214482329035,0.0,0.0,0.0,2.058165986582117,1.4635847015695056,0.7775293727087998,0.0,1.7380068331137881,0.0,0.0,0.0,1.0519515042530823,2.195377052354259,0.0,0.0,0.0,1.2806366138733176,2.652747271594729,0.0,4.2535430389363755,1.4635847015695056,0.0,0.0,0.0,0.0,0.0,0.0,0.0
1.4723802827087453,1.390581378113815,1.4723802827087455,0.817989045949303,0.817989045949303,0.4907934275695819,0.28629616608225605,0.9815868551391637,0.3680950706771864,0.4089945229746515,0.0,0.0,1.0633857597340939,0.5725923321645121,1.2269835689239545,1.3087824735188849,0.6952906890569076,0.7361901413543728,0.0,0.0,1.7177769964935363,2.6993638516327003,0.0,0.9815868551391638,1.0224863074366286,0.0,2.2085704240631183,0.0,0.0,1.2269835689239545,2.5357660424428397,0.0,0.0,0.0,0.0,1.4723802827087455,0.0,0.0,0.0
1.2278268566001909,1.052423019943021,0.9208701424501432,0.35080767331434026,0.43850959164292524,1.052423019943021,2.7626104273504297,0.7016153466286805,0.7893172649572656,1.3155287749287758,0.48236055080721785,0.5262115099715104,0.5700624691358029,0.0,1.3155287749287758,0.0,0.745466305792973,1.5786345299145312,0.8331682241215581,2.6310575498575517,0.0,0.0,1.0085720607787283,1.052423019943021,2.1925479582146266,0.0,1.1839758974358983,0.0,1.2716778157644832,3.946586324786328,0.0,1.403230693257361,1.4470816524216534,1.490932611585946,0.0,0.0,3.2449709781576472,0.0,0.0
1.1013638225817401,0.6836051312576318,0.3418025656288159,0.911473508343509,0.0,0.6836051312576318,2.1267715194681878,0.6076490055623394,0.3418025656288159,1.8989031423823104,2.50655214794465,0.0,0.9874296340388015,1.0633857597340939,0.0,0.6076490055623394,1.9368812052299564,0.0,0.0,2.2786837708587724,1.5950786396011407,2.50655214794465,0.0,4.557367541717546,2.8483547135734653,1.974859268077603,1.0254076968864476,1.0633857597340939,1.10136382258174,0.0,0.0,0.0,6.266380369861624,1.291254136819971,1.3292321996676173,2.734420525030527,0.0,2.8863327764211117,0.0
0.7733714616247955,1.4178476796454584,0.1933428654061989,0.2577904872082652,0.32223810901033145,0.3866857308123978,0.0,0.5155809744165304,0.0,0.0,2.8356953592909173,0.0,0.8378190834268618,0.9022667052289282,0.9667143270309945,3.093485846499182,3.286828711905381,3.4801715773115802,3.6735144427177793,1.2889524360413258,2.7068001156867845,1.4178476796454587,2.9645906028950497,1.5467429232495913,6.444762180206629,3.3512763337074474,5.22025736596737,1.8045334104578563,3.737962064519845,0.0,0.0,0.0,0.0,0.0,0.0,0.0,0.0,0.0,0.0
1.0361194582024504,1.4178476796454584,1.1451846643290244,1.0906520612657373,0.0,0.9815868551391638,0.0,0.4362608245062949,0.4907934275695818,1.635978091898606,2.9992931684807775,0.0,0.7089238398227292,0.0,0.817989045949303,1.7450432980251795,0.9270542520758767,0.0,0.0,0.0,1.1451846643290242,1.199717267392311,1.254249870455598,1.3087824735188849,1.3633150765821715,0.0,0.0,0.0,1.581445488835319,0.0,1.6905106949618929,1.7450432980251795,1.7995759010884664,3.7082170083035066,0.0,0.0,4.035412626683228,4.144477832809802,2.1267715194681878
1.976998877252118,1.0783630239557007,0.1797271706592835,0.0,0.2995452844321391,0.718908682637134,0.0,0.47927245509142263,0.0,0.0,2.6359985030028246,2.156726047911402,0.0,0.0,0.8986358532964174,0.0,0.0,4.313452095822804,2.2765441616842574,0.0,1.2580901946149843,1.3179992515014123,0.0,0.0,0.0,0.0,0.0,0.0,0.0,1.7972717065928348,0.0,0.0,0.0,0.0,0.0,0.0,2.2166351047978297,0.0,14.018719311424112
1.0551424592710388,0.8573032481577191,0.9891960555665991,1.0551424592710388,0.32973201852219963,0.1978392111133198,0.0,0.2637856148177597,0.0,0.9891960555665988,1.813526101872098,0.7913568444532793,1.7146064963154382,0.923249651862159,0.989196055566599,1.5827136889065583,1.1210888629754787,2.3740705333598378,3.132454175960897,2.637856148177597,2.077311716689858,2.176231322246518,2.275150927803178,2.3740705333598378,4.945980277832994,2.571909744473157,0.0,0.0,2.868668561143137,0.989196055566599,0.0,0.0,0.0,0.0,0.0,0.0,0.0,1.2529816703843588,0.0
1.2038329355480308,0.9630663484384246,0.2407665871096062,2.4076658710960617,0.20063882259133844,0.9630663484384248,0.0,0.0,0.0,0.0,0.4414054097009446,0.0,1.04332187747496,1.1235774065114954,1.2038329355480308,1.284088464584566,0.0,0.7222997613288185,3.812137629235431,4.815331742192123,0.0,0.8828108194018892,0.0,0.9630663484384248,0.0,3.1299656324248804,1.0834496419932276,0.0,0.0,0.0,0.0,0.0,0.0,5.457375974484406,0.0,13.001395703918732,0.0,3.0497101033883447,0.0
0.9905511186564162,0.8740156929321319,0.6992125543457056,0.6992125543457055,0.43700784646606594,0.1748031385864264,0.20393699501749746,2.330708514485685,1.835432955157477,0.5826771286214212,1.281889682967127,0.6992125543457056,0.7574802672078477,0.8157479800699898,0.8740156929321319,0.932283405794274,0.9905511186564161,2.0976376630371165,1.1070865443807005,1.1653542572428424,0.6118109850524923,1.9228345244506904,1.340157395829269,2.7968502173828225,0.7283464107767765,2.272440801623543,2.359842370916756,0.0,0.0,0.8740156929321319,7.225196394905624,2.796850217382822,0.0,0.0,1.0196849750874872,5.244094157592792,0.0,0.0,0.0
1.6905106949618927,0.7634564428860161,0.6543912367594424,0.8725216490125898,0.817989045949303,0.3271956183797212,0.38172822144300805,1.3087824735188849,0.4907934275695818,1.090652061265737,1.199717267392311,1.9631737102783275,0.7089238398227292,1.5269128857720322,0.817989045949303,0.8725216490125898,0.9270542520758767,0.0,1.0361194582024504,1.090652061265737,2.2903693286580484,1.199717267392311,0.0,0.0,0.0,0.0,1.4723802827087453,1.5269128857720322,3.162890977670638,1.635978091898606,0.0,0.0,0.0,0.0,0.0,0.0,0.0,0.0,0.0
1.8904635728606112,0.6301545242868705,0.23630794660757642,0.31507726214343523,0.393846577679294,0.0,0.0,0.0,0.0,0.0,0.0,0.0,1.0240011019661643,1.1027704175020232,2.363079466075764,3.7809271457212223,0.0,0.0,5.986467980725269,3.150772621434352,1.6541556262530348,1.7329249417888937,1.8116942573247525,7.561854291442446,0.0,2.0480022039323287,4.2535430389363755,0.0,0.0,0.0,0.0,0.0,0.0,0.0,0.0,0.0,0.0,0.0,0.0
1.7014172155745504,1.944476817799486,0.0,0.0,0.0,0.7291788066748073,0.0,0.0,0.0,0.0,0.0,0.0,0.0,0.0,1.822947016687018,0.0,2.066006618911954,0.0,6.927198663410669,9.722384088997428,2.552125823361825,2.6736556244742933,0.0,2.916715226699229,0.0,0.0,0.0,0.0,0.0,0.0,0.0,0.0,0.0,0.0,0.0,0.0,0.0,0.0,0.0
1.9228345244506901,1.5149605344156953,0.874015692932132,0.932283405794274,0.2913385643107106,0.0,0.4078739900349949,0.466141702897137,0.0,0.5826771286214212,0.6409448414835635,0.6992125543457056,0.7574802672078477,1.6314959601399797,0.8740156929321319,0.0,0.0,1.0488188315185583,0.0,0.0,0.0,0.0,0.0,0.0,0.0,3.0299210688313907,0.0,6.525983840559919,0.0,0.0,1.806299098726406,0.0,0.0,0.0,0.0,0.0,0.0,0.0,0.0
1.3627856338339845,1.1563029620409564,0.9911168246065342,0.16518613743442234,0.6194480153790838,0.24777920615163354,0.0,0.0,0.0,0.0,0.9085237558893229,0.0,0.5368549466618726,0.5781514810204782,1.8583440461372516,1.9822336492130683,2.106123252288885,0.0,0.0,2.477792061516335,1.7344544430614346,0.9085237558893229,3.799281160991714,1.9822336492130683,7.226893512755977,2.1474197866474904,2.2300128553647016,3.4689088861228696,1.197599496399562,0.0,0.0,0.0,0.0,0.0,0.0,0.0,1.5279717712684064,3.1385366112540245,0.0
1.4480146515528087,1.0860109886646065,0.8145082414984549,0.0,0.0,0.0,0.0,0.7240073257764044,0.0,0.9050091572205053,0.0,0.0,1.176511904386657,2.5340256402174153,1.357513735830758,2.8960293031056175,0.0,3.2580329659938196,5.158552196156881,1.8100183144410107,5.701557690489184,0.0,2.0815210616071624,2.172021977329213,2.2625228930512633,0.0,0.0,0.0,0.0,0.0,0.0,5.792058606211235,0.0,0.0,0.0,0.0,0.0,0.0,0.0
1.1316765883408706,1.3267932415030896,0.5853499594866572,1.248746580238202,0.7804666126488762,0.7024199513839887,0.5463266288542135,0.624373290119101,1.053629927075983,0.3902333063244381,1.287769910870646,1.4048399027679774,1.0146065964435391,0.5463266288542135,0.0,1.873119870357303,0.0,0.7024199513839887,0.7414432820164325,0.0,0.8194899432813201,2.575539821741292,4.487683022731039,3.7462397407146066,0.9755832658110952,0.0,2.107259854151966,0.0,0.0,1.1706999189733145,0.0,1.248746580238202,0.0,0.0,0.0,4.214519708303932,0.0,0.0,0.0
1.1312614465256319,0.1810018314441011,0.40725412074922746,0.1810018314441011,0.4525045786102527,0.27150274716615164,1.2670128201087076,1.0860109886646065,1.2217623622476823,1.3575137358307579,0.0,1.0860109886646065,1.7647678565799854,0.0,0.678756867915379,2.172021977329213,2.3077733509122886,3.2580329659938196,4.298793496797401,0.9050091572205053,2.850778845244592,3.982040291770224,3.1222815924107437,0.0,3.3937843395768947,0.0,1.2217623622476823,0.0,1.3122632779697327,1.357513735830758,1.4027641936917834,8.688087909316852,0.0,0.0,1.5837660251358845,0.0,1.674266940857935,0.0,0.0
1.4757190135085385,0.3472280031784796,0.26042100238385973,0.0,0.0,0.5208420047677195,0.0,0.0,0.0,0.8680700079461989,0.9548770087408189,2.083368019070878,0.0,1.2152980111246787,2.604210023838597,1.3889120127139185,2.9514380270170766,6.250104057212633,3.2986660301955566,1.7361400158923979,0.0,5.7292620524449145,5.989683054828774,0.0,0.0,6.770946061980353,0.0,2.4305960222493574,2.5174030230439772,0.0,0.0,0.0,0.0,0.0,0.0,0.0,0.0,0.0,0.0
1.3087824735188849,0.39263474205566545,0.9815868551391638,0.523512989407554,0.6543912367594423,0.0,0.4580738657316097,0.0,0.0,3.926347420556654,0.0,0.0,1.7014172155745504,0.0,2.944760565417491,0.0,3.337395307473156,1.1779042261669963,3.730030049528822,0.0,4.122664791584487,1.4396607208707735,0.0,1.570538968222662,1.635978091898606,0.0,3.533712678500989,0.0,0.0,3.9263474205566546,0.0,0.0,0.0,2.2249302049821043,0.0,0.0,4.842495152019874,2.4866866996858814,0.0
1.0897506959258483,0.9842909511588307,0.8436779581361408,0.7030649651134505,0.5272987238350878,0.2109194895340352,0.0,1.406129930226901,1.265516937204211,0.7030649651134505,1.933428654061989,2.531033874408422,0.45699222732374284,0.9842909511588308,1.0545974476701758,0.0,0.5976052203464329,0.0,2.003735150573334,2.109194895340351,0.7382182133691231,0.7733714616247956,0.8085247098804682,1.6873559162722815,0.8788312063918131,1.8279689092949714,2.8474131087094747,0.9842909511588308,4.077776797658013,3.1637923430105275,2.1795013918516966,1.1249039441815207,0.0,0.0,1.2303636889485383,0.0,1.3006701854598834,0.0,1.3709766819712286
1.351125435897437,1.4011671187084531,0.7506252421652428,0.40033346248812945,1.0008336562203235,0.9007502905982914,0.3502917796771133,1.2010003874643884,0.45037514529914563,0.5004168281101617,0.0,0.0,0.0,0.7005835593542266,0.0,0.0,0.8507086077872751,0.9007502905982913,0.0,2.001667312440647,3.1526260170940197,2.201834043684712,0.0,1.2010003874643884,0.0,1.3010837530864208,0.0,2.8023342374169062,0.0,3.002500968660971,0.0,0.0,0.0,1.7014172155745502,0.0,5.404501743589748,3.7030845280151974,0.0,3.9032512592592625
0.996924149750713,0.7975393198005705,0.7975393198005705,0.9304625397673322,0.8307701247922608,0.7975393198005705,0.9304625397673322,1.0633857597340939,0.8972317347756418,1.993848299501426,0.7310777098171896,0.39876965990028523,0.8640009297839513,0.4652312698836661,0.996924149750713,1.0633857597340939,1.1298473697174747,0.5981544898504279,0.6313852948421182,0.6646160998338086,0.6978469048254992,1.4621554196343791,1.5286170296177601,2.3926179594017114,1.6615402495845215,0.0,3.5889269391025667,0.9304625397673322,0.9636933447590226,2.990772449252139,2.060309909484807,2.1267715194681878,1.0966165647257842,1.1298473697174747,0.0,1.1963089797008557,0.0,3.7883117690527097,1.296001394675927
1.3633150765821718,0.3271956183797212,0.6543912367594424,0.21813041225314744,0.0,0.0,0.0,0.4362608245062949,0.0,0.0,0.5998586336961556,1.3087824735188849,0.7089238398227292,2.2903693286580484,3.271956183797212,4.362608245062949,0.9270542520758767,2.944760565417491,6.2167167492147035,2.181304122531474,2.2903693286580484,3.5991518021769333,0.0,7.85269484111331,0.0,5.671390718581834,1.4723802827087453,0.0,0.0,0.0,0.0,0.0,0.0,0.0,0.0,0.0,0.0,0.0,0.0
1.2697143399810076,0.2539428679962015,0.19045715099715116,0.0,0.9522857549857556,0.0,0.0,0.0,0.0,0.0,0.0,0.0,0.0,0.0,4.7614287749287785,0.0,0.0,0.0,0.0,30.47314415954418,0.0,0.0,0.0,0.0,15.871429249762592,0.0,0.0,0.0,0.0,0.0,0.0,0.0,0.0,0.0,4.444000189933527,0.0,0.0,0.0,0.0
1.822947016687018,1.0127483426038988,1.8229470166870183,0.0,0.5063741713019494,1.2152980111246787,0.0,0.0,0.0,0.0,0.0,0.0,2.633145690770137,0.0,0.0,0.0,1.7216721824266281,0.0,1.924221850947408,0.0,4.2535430389363755,2.2280463537285775,2.3293211879889677,0.0,0.0,0.0,5.468841050061053,0.0,0.0,0.0,0.0,0.0,0.0,0.0,0.0,0.0,0.0,0.0,0.0
1.5191225139058484,1.0127483426038988,0.0,0.40509933704155954,0.0,0.0,0.0,0.0,0.0,0.0,0.0,0.0,0.0,0.0,0.0,3.2407946963324763,6.8866887297065125,3.645894033374036,0.0,8.10198674083119,2.1267715194681878,2.2280463537285775,6.987963563966903,7.291788066748073,2.531870856509747,0.0,0.0,0.0,0.0,0.0,0.0,0.0,0.0,0.0,0.0,0.0,0.0,0.0,0.0
1.6290164829969098,1.4480146515528087,0.0,0.3620036628882022,0.4525045786102527,0.0,0.0,0.0,0.0,0.0,0.0,0.0,0.0,2.5340256402174153,2.715027471661516,2.8960293031056175,1.5385155672748592,0.0,6.878069594875841,5.430054943323031,1.9005192301630613,3.982040291770224,2.0815210616071624,0.0,0.0,2.353023808773314,0.0,0.0,0.0,0.0,0.0,0.0,0.0,0.0,0.0,0.0,0.0,0.0,0.0
0.9842909511588307,0.8436779581361407,0.2109194895340352,0.9842909511588307,0.7030649651134505,0.4218389790680704,1.4764364267382462,1.1249039441815207,0.31637923430105275,1.0545974476701756,0.0,0.0,2.741953363942457,0.4921454755794154,0.5272987238350879,0.0,1.7928156610392987,0.0,2.003735150573334,0.7030649651134505,1.4764364267382462,1.5467429232495913,2.4255741296414044,0.0,0.0,0.0,2.8474131087094747,1.9685819023176616,6.116665196487019,1.0545974476701758,1.0897506959258483,2.2498078883630415,2.3201143848743864,4.780841762771463,2.4607273778970766,2.531033874408422,0.0,4.007470301146668,2.741953363942457
1.4178476796454584,0.4296508120137753,1.4178476796454587,0.6874412992220406,0.21482540600688765,2.062323897666122,0.30075556840964274,0.0,0.0,0.4296508120137753,0.4726158932151529,0.5155809744165305,0.0,1.203022273638571,1.288952436041326,0.6874412992220406,0.0,0.7733714616247956,0.8163365428261732,1.7186032480551012,0.9022667052289283,0.9452317864303058,0.9881968676316834,1.031161948833061,1.0741270300344383,3.3512763337074474,2.320114384874387,1.203022273638571,0.0,2.577904872082652,0.0,1.3748825984440811,1.4178476796454584,0.0,0.0,1.5467429232495913,3.179416008901937,0.0,10.053829001122343
1.6027843335122576,0.6164555128893298,0.5548099616003969,0.9863288206229277,0.0,0.0,0.4315188590225309,0.9863288206229277,0.5548099616003969,1.2329110257786595,1.3562021283565255,0.0,0.0,2.5891131541351853,1.8493665386679894,0.0,0.0,5.548099616003968,0.0,0.0,0.0,5.424808513426102,0.0,0.0,1.5411387822233245,1.6027843335122576,0.0,0.0,1.7877209873790563,0.0,5.733036269870767,5.917972923737566,0.0,0.0,0.0,0.0,0.0,0.0,0.0
1.2634286254266462,0.6738286002275446,0.7580571752559878,1.0107429003413169,0.4211428751422154,0.25268572508532927,0.0,0.0,0.7580571752559877,1.263428625426646,1.3897714879693108,1.010742900341317,1.64245721305464,2.948000125995508,2.5268572508532925,0.6738286002275446,0.0,0.7580571752559877,0.8001714627702093,0.0,2.653200113395957,0.9265143253128739,3.874514451308382,3.0322287010239513,1.0528571878555384,1.0949714753697601,3.4112572886519446,0.0,0.0,0.0,0.0,0.0,0.0,0.0,0.0,3.032228701023951,0.0,1.6003429255404187,6.569828852218561
2.0449726148732577,0.3271956183797212,0.0,0.0,0.0,0.4907934275695819,1.1451846643290242,0.6543912367594424,0.0,1.635978091898606,0.8997879505442333,1.9631737102783275,1.0633857597340939,1.1451846643290242,0.0,2.6175649470377698,0.0,1.4723802827087455,1.5541791873036759,0.0,1.7177769964935363,1.7995759010884667,1.8813748056833972,0.0,2.044972614873257,2.1267715194681878,2.2085704240631183,2.2903693286580484,2.3721682332529785,0.0,0.0,0.0,2.6993638516327,2.7811627562276304,0.0,0.0,0.0,0.0,0.0
1.0386558583449288,1.088115661123259,0.5935176333399594,1.3848744777932387,0.9891960555665988,0.2967588166699797,0.0,0.7913568444532791,0.4451382250049695,0.4945980277832994,0.0,0.5935176333399594,0.6429774361182893,0.6924372388966192,0.0,2.3740705333598373,1.6816332944632182,1.780552900019878,0.939736252788269,0.9891960555665988,1.038655858344929,4.352462644493036,1.137575463901589,1.1870352666799189,1.2364950694582486,0.0,1.3354146750149085,1.3848744777932385,2.868668561143137,0.0,3.066507772256457,1.5827136889065583,0.0,0.0,0.0,1.780552900019878,9.15006351399104,1.879472505576538,0.0
1.7723095995568232,2.1267715194681878,0.0,0.0,0.0,0.0,0.0,0.0,0.0,0.8861547997784115,0.9747702797562527,1.0633857597340939,0.0,0.0,0.0,0.0,1.5064631596232996,0.0,3.367388239157964,5.316928798670469,0.0,0.0,2.038156039490347,2.1267715194681878,0.0,6.91200743827161,0.0,2.4812334393795523,0.0,2.6584643993352346,0.0,0.0,0.0,0.0,0.0,0.0,0.0,0.0,0.0
0.7634564428860161,0.8725216490125898,0.4907934275695819,0.8725216490125898,1.9086411072150402,1.3087824735188849,0.7634564428860161,0.8725216490125898,0.9815868551391635,1.090652061265737,1.199717267392311,0.0,0.7089238398227292,0.7634564428860161,2.453967137847909,3.490086596050359,2.7811627562276304,0.9815868551391635,0.0,0.0,1.1451846643290242,2.399434534784622,0.0,1.3087824735188849,2.726630153164343,0.0,0.0,4.580738657316097,1.581445488835319,1.635978091898606,0.0,0.0,0.0,1.8541085041517533,3.8172822144300804,0.0,2.017706313341614,0.0,0.0
1.754586503561255,1.1697243357075033,0.47852359188034227,0.2126771519468188,0.5316928798670469,0.0,1.1165550477207986,0.0,0.0,0.0,0.5848621678537517,0.6380314558404564,2.764802975308644,1.4887400636277315,0.0,2.552125823361825,0.0,0.0,1.0102164717473894,1.0633857597340939,1.1165550477207986,0.0,0.0,1.2760629116809128,3.9876965990028514,0.0,1.4355707756410268,0.0,0.0,0.0,1.6482479275878457,0.0,0.0,0.0,0.0,0.0,1.9672636555080738,0.0,12.4416133888889
0.911473508343509,0.36458940333740364,0.9114735083435092,1.2152980111246787,0.6076490055623393,0.0,0.0,0.0,0.5468841050061054,0.6076490055623393,0.6684139061185733,2.916715226699229,1.5798874144620823,0.8507086077872751,2.734420525030527,2.916715226699229,4.132013237823908,2.1875364200244216,1.1545331105684449,4.861192044498714,1.2760629116809126,0.0,0.0,4.375072840048844,3.0382450278116964,1.5798874144620823,1.640652315018316,1.7014172155745502,3.524364232261568,3.645894033374036,0.0,0.0,0.0,0.0,0.0,0.0,0.0,0.0,0.0
1.4355707756410268,1.382401487654322,0.6380314558404564,0.6380314558404563,1.0633857597340939,0.6380314558404564,0.7443700318138657,0.0,0.9570471837606845,0.5316928798670469,0.0,1.2760629116809128,2.073602231481483,0.0,1.595078639601141,1.7014172155745504,0.9038778957739798,0.9570471837606845,1.0102164717473894,0.0,1.1165550477207986,1.1697243357075033,1.222893623694208,1.2760629116809128,3.9876965990028514,1.382401487654322,1.4355707756410268,0.0,0.0,0.0,1.6482479275878457,0.0,0.0,0.0,0.0,0.0,0.0,0.0,0.0
0.7209394981248094,0.43256369887488566,0.4325636988748857,0.0,0.0,0.8651273977497714,0.0,4.614012787998781,0.0,0.0,0.0,12.976910966246571,0.0,0.0,0.0,2.3070063939993903,0.0,0.0,0.0,7.209394981248093,0.0,0.0,0.0,1.7302547954995429,0.0,0.0,0.0,14.130414163246265,0.0,0.0,0.0,9.228025575997561,0.0,0.0,0.0,0.0,0.0,0.0,0.0
1.635978091898606,1.4396607208707732,1.1779042261669965,0.523512989407554,0.0,0.785269484111331,1.374221597194829,0.523512989407554,0.0,0.6543912367594423,0.0,1.570538968222662,0.0,0.9161477314632194,0.9815868551391637,0.0,1.1124651024910521,0.0,1.2433433498429407,1.3087824735188847,0.0,0.0,0.0,0.0,0.0,1.7014172155745504,0.0,0.0,0.0,3.9263474205566546,2.0286128339542717,4.188103915260432,2.1594910813061596,0.0,0.0,0.0,0.0,0.0,0.0
1.3185983420702765,0.5954960254510926,0.25521258233618255,0.8507086077872752,0.0,1.2760629116809128,0.5954960254510926,0.6805668862298201,1.5312754940170952,0.0,0.46788973428300135,0.5104251646723651,1.6588817851851865,0.5954960254510926,1.2760629116809126,2.0417006586894604,1.4462046332383676,1.5312754940170952,1.6163463547958228,0.8507086077872751,3.5729761527065556,0.0,1.956629797910733,3.062550988034191,2.1267715194681878,0.0,6.890739723076928,0.0,0.0,0.0,0.0,2.7222675449192804,1.4036692028490039,1.4462046332383676,1.4887400636277315,3.0625509880341903,0.0,0.0,0.0
2.2055408350040464,0.9452317864303056,0.9452317864303057,0.6301545242868705,0.787693155358588,0.0,0.0,0.0,0.0,0.0,0.0,0.0,0.0,0.0,1.181539733037882,1.260309048573741,2.678156728219199,5.671390718581834,0.0,0.0,3.3083112525060696,1.7329249417888937,0.0,1.8904635728606114,0.0,0.0,0.0,0.0,0.0,0.0,0.0,0.0,0.0,0.0,0.0,0.0,0.0,0.0,0.0
1.4337785524504636,0.38234094732012364,0.28675571049009274,0.5735114209801855,1.1948154603753862,2.0072899734306495,0.6690966578102164,0.7646818946402473,0.4301335657351391,0.955852368300309,1.57715640769551,0.0,0.0,0.6690966578102164,0.0,0.0,1.6249490261105255,1.7205342629405564,1.8161194997705874,1.911704736600618,2.007289973430649,0.0,0.0,1.147022841960371,2.3896309207507724,0.0,0.0,4.014579946861298,1.3859859340354481,0.0,0.0,6.117455157121978,3.1543128153910196,4.874847078331576,0.0,0.0,0.0,0.0,1.8639121181856029
2.2001084684153667,1.32006508104922,0.0,0.0,0.0,0.0,0.0,0.0,0.0,0.0,0.0,0.0,0.9533803363133255,2.053434570521009,3.30016270262305,0.0,1.2467281321020411,1.32006508104922,1.393402029996399,1.4667389789435776,6.160303711563027,1.6134128768379357,0.0,5.28026032419688,0.0,0.0,0.0,0.0,2.1267715194681878,0.0,0.0,0.0,0.0,0.0,0.0,0.0,0.0,0.0,0.0
1.7600867747322932,0.5866955915774311,0.44002169368307337,0.5866955915774311,0.24445649649059628,0.29334779578871556,1.711195475434174,0.39113039438495406,0.44002169368307337,0.9778259859623851,0.0,1.7600867747322935,0.6355868908755503,0.6844781901736696,0.0,0.7822607887699081,0.0,1.7600867747322935,0.0,3.9113039438495405,1.0267172852605044,0.0,1.124499883856743,0.0,1.2222824824529814,3.813521345253302,1.3200650810492198,4.106869141042018,2.835695359290917,2.9334779578871553,0.0,0.0,3.226825753675871,0.0,0.0,0.0,0.0,0.0,0.0
1.5670948038186645,1.119353431299046,0.6716120587794278,0.8954827450392369,0.559676715649523,0.3358060293897139,0.7835474019093324,0.0,0.0,0.0,0.6156443872144753,0.6716120587794278,0.72757973034438,1.5670948038186647,0.0,0.8954827450392369,0.0,3.0222542645074246,1.0633857597340939,0.0,1.1753211028639985,1.2312887744289507,2.574512891987806,0.0,2.798383578247615,1.45515946068876,0.0,1.5670948038186647,0.0,0.0,0.0,0.0,3.693866323286852,1.9029008332083783,0.0,0.0,0.0,0.0,8.73095676413256
1.4178476796454584,0.8954827450392369,0.22387068625980924,0.2984942483464123,1.119353431299046,0.4477413725196185,0.5223649346062216,0.0,0.0,0.0,0.0,0.0,0.0,0.0,0.0,2.3879539867712984,2.5372011109445043,5.372896470235422,7.089238398227293,4.477413725196184,6.268379215274659,0.0,3.4326838559837416,3.581930980156948,1.8655890521650766,0.0,0.0,0.0,0.0,0.0,0.0,0.0,0.0,0.0,0.0,0.0,0.0,0.0,0.0
1.6118689410706266,1.3432241175588553,0.6716120587794278,0.0,0.22387068625980922,0.0,0.31341896076373293,1.432772392062779,0.40296723526765665,0.44774137251961843,0.0,1.0745792940470844,0.582063784275504,1.2536758430549317,1.3432241175588553,0.7163861960313895,0.7611603332833514,0.0,0.0,0.8954827450392369,0.0,0.0,2.059610313590245,4.298317176188338,2.238706862598092,1.164127568551008,1.2089017058029699,0.0,1.2984499803068934,2.6864482351177106,0.0,2.865544784125558,2.9550930586294815,0.0,0.0,0.0,3.3132861566451766,3.4028344311491003,0.0
1.0633857597340939,0.8507086077872752,0.4253543038936376,0.0,1.0633857597340939,0.0,1.4887400636277315,2.2685562874327334,1.2760629116809128,0.7089238398227292,0.7798162238050022,0.0,0.0,0.0,4.2535430389363755,1.1342781437163667,1.2051705276986397,3.828188735042738,2.6939105913263712,1.4178476796454584,2.977480127255463,0.0,0.0,3.402834431149101,7.089238398227292,0.0,0.0,0.0,0.0,0.0,2.197663903450461,0.0,2.3394486714150062,0.0,0.0,2.5521258233618256,0.0,0.0,0.0
1.3165728453850687,1.2152980111246787,0.6076490055623394,0.8101986740831191,1.0127483426038988,0.6076490055623394,0.0,0.0,0.0,1.0127483426038988,1.1140231768642888,1.2152980111246787,0.0,1.4178476796454584,0.0,0.0,3.4433443648532562,0.0,0.0,6.076490055623393,4.2535430389363755,4.456092707457155,0.0,0.0,2.531870856509747,2.633145690770137,0.0,2.835695359290917,0.0,0.0,0.0,0.0,0.0,0.0,0.0,0.0,0.0,0.0,0.0
1.4887400636277313,1.5312754940170952,1.403669202849004,0.8507086077872752,0.0,1.0208503293447302,0.5954960254510926,0.6805668862298201,0.7656377470085476,0.42535430389363754,0.46788973428300135,1.0208503293447302,0.0,0.0,0.0,0.0,0.0,0.0,2.424519532193734,1.7014172155745502,1.7864880763532778,0.0,0.9783148989553665,1.0208503293447302,0.0,1.1059211901234576,0.0,0.0,3.7005824438746466,0.0,0.0,0.0,0.0,0.0,0.0,1.5312754940170952,1.5738109244064589,1.6163463547958228,1.6588817851851867
0.5524081868748539,0.8838530989997664,1.657224560624562,1.546742923249591,0.5524081868748539,0.0,0.3866857308123978,0.0,1.4915021045621057,0.0,0.0,0.0,2.872522571749241,0.0,0.828612280312281,1.7677061979995328,0.9390939176872518,3.977338945498949,3.148726665186668,2.2096327474994157,1.1600571924371934,3.645894033374036,0.0,2.6515592969992996,1.381020467187135,0.0,4.474506313686317,0.0,1.6019837419370766,1.657224560624562,1.7124653793120475,0.0,1.822947016687018,0.0,5.800285962185966,3.977338945498949,0.0,0.0,0.0
1.4418789962496188,1.5860668958745807,1.9465366449369859,0.8651273977497713,1.4418789962496188,0.0,0.5046576486873666,0.0,0.0,0.0,0.0,0.8651273977497714,0.0,0.0,0.0,1.1535031969996952,0.0,3.8930732898739713,2.739570092874276,0.0,0.0,3.1721337917491614,0.0,0.0,1.8023487453120233,0.0,0.0,0.0,0.0,0.0,0.0,0.0,0.0,0.0,2.523288243436833,0.0,0.0,0.0,0.0
1.4178476796454584,1.1342781437163667,1.0208503293447302,0.9074225149730936,1.1342781437163667,0.3402834431149101,0.3969973503007284,0.0,0.0,1.7014172155745502,2.4954119161760073,2.0417006586894604,0.0,0.7939947006014568,0.8507086077872752,0.0,0.0,0.0,0.0,0.0,0.0,0.0,0.0,2.722267544919281,0.0,1.474561586831277,0.0,1.5879894012029137,1.644703308388732,1.7014172155745504,1.7581311227603689,0.0,3.7431178742640103,0.0,3.9699735030072842,0.0,0.0,2.1551284730610973,0.0
0.8777152302567124,1.6879139043398315,0.5063741713019495,0.270066224694373,0.6751655617359326,0.6076490055623394,0.23630794660757642,0.0,1.5191225139058484,0.3375827808679663,0.7426821179095259,1.2152980111246787,1.3165728453850685,1.4178476796454584,1.0127483426038988,0.0,3.4433443648532562,1.2152980111246787,0.0,0.0,0.7089238398227292,0.0,3.8822019799816125,1.6203973481662384,0.0,1.7554304605134248,3.6458940333740357,2.835695359290917,1.9579801290342045,3.038245027811697,1.0465066206906957,1.080264898777492,1.1140231768642888,1.1477814549510854,0.0,0.0,0.0,3.848443701894816,5.266291381540275
0.995510072942556,1.3575137358307583,0.8145082414984549,1.4480146515528087,1.5837660251358843,1.3575137358307583,0.6335064100543538,0.0,1.2217623622476823,0.0,0.497755036471278,0.5430054943323033,1.176511904386657,0.0,0.678756867915379,2.172021977329213,0.0,0.0,0.0,1.8100183144410107,2.850778845244592,1.991020145885112,3.1222815924107437,3.2580329659938196,1.1312614465256317,1.176511904386657,0.0,1.2670128201087076,0.0,0.0,0.0,1.4480146515528087,0.0,0.0,1.5837660251358845,0.0,0.0,0.0,0.0
1.3087824735188849,2.1813041225314747,0.3271956183797212,0.0,0.5453260306328686,0.0,0.0,0.0,0.0,0.0,0.0,0.0,0.0,0.0,1.635978091898606,1.7450432980251795,3.7082170083035066,0.0,4.144477832809802,0.0,6.871107985974145,4.798869069569244,10.033998963644784,0.0,0.0,0.0,0.0,0.0,0.0,0.0,0.0,0.0,0.0,0.0,0.0,0.0,0.0,0.0,0.0
0.6781010641782627,1.7260754360901236,0.18493665386679897,0.49316441031146385,0.0,0.0,0.0,0.0,0.0,0.0,0.0,0.0,0.8013921667561288,2.5891131541351853,0.0,2.958986461868783,1.0479743719118606,7.767339462405556,5.856327372448633,4.931644103114638,2.5891131541351853,1.3562021283565255,0.0,1.4794932309343918,0.0,0.0,0.0,0.0,0.0,0.0,0.0,0.0,0.0,0.0,0.0,0.0,0.0,30.452902336732894,0.0
1.181539733037882,0.8270778131265175,0.5316928798670469,0.2363079466075764,0.0,0.0,0.0,0.4726158932151528,0.0,1.772309599556823,0.0,0.0,0.0,0.8270778131265174,1.772309599556823,1.8904635728606112,6.025852638493198,5.31692879867047,0.0,0.0,1.2406167196897762,11.697243357075033,5.435082771974257,2.8356953592909173,4.430773998892057,3.0720033058984932,0.0,0.0,0.0,0.0,0.0,0.0,0.0,0.0,0.0,0.0,0.0,0.0,0.0
1.246728132102041,1.32006508104922,0.22001084684153668,0.29334779578871556,0.7333694894717888,0.66003254052461,0.2566793213151261,0.5866955915774311,0.0,0.0,0.4033532192094839,0.8800433873661467,1.4300705044699884,0.0,0.0,1.7600867747322932,3.740184396306123,2.64013016209844,2.786804059992798,2.2001084684153662,1.5400759278907568,2.4201193152569034,1.6867498257851146,2.64013016209844,1.833423723679472,0.9533803363133255,1.98009762157383,1.0267172852605044,1.0633857597340939,0.0,1.1367227086812728,1.1733911831548622,2.420119315256903,2.4934562642040823,1.2833966065756306,0.0,0.0,0.0,0.0
1.225597146812176,0.43256369887488566,1.5139729460621,0.2883757992499238,0.7209394981248094,0.8651273977497714,0.0,0.0,0.0,0.7209394981248094,0.7930334479372904,2.595382193249314,0.0,2.0186305947494665,0.0,3.4605095909990853,0.0,2.595382193249314,2.739570092874276,1.4418789962496188,3.0279458921241997,1.5860668958745807,0.0,1.7302547954995429,0.0,3.748885390249009,0.0,2.0186305947494665,0.0,0.0,0.0,0.0,0.0,2.451194293624352,0.0,7.7861465797479426,2.6674761430617946,0.0,0.0
1.1744857644824322,0.825314320987655,1.0475143304843315,1.015771471984806,0.0,1.7141143589743606,0.666600028490029,0.7618286039886045,1.4284286324786335,1.5871429249762592,0.6983428869895542,1.1427429059829068,0.41265716049382745,0.4444000189933527,0.47614287749287787,0.507885735992403,1.6188857834757846,0.5713714529914534,0.6031143114909786,0.6348571699905038,0.0,0.6983428869895542,2.190257236467238,0.0,0.0,0.8253143209876549,1.7141143589743602,1.7776000759734107,1.8410857929724609,0.9522857549857557,0.9840286134852809,2.031542943969612,1.047514330484331,1.0792571889838565,3.3330001424501448,2.2854858119658137,1.174485764482432,1.2062286229819572,1.2379714814814826
0.7859807789338954,1.9418348656013886,0.8322149424005952,0.9246832693339947,1.3870249040009919,0.0,1.2945565770675926,0.0,0.8322149424005952,0.4623416346669973,0.0,0.0,1.202088250134193,1.2945565770675926,0.0,0.0,0.0,0.8322149424005952,0.0,5.5480996160039675,2.9127522984020833,2.0343031925347885,1.0633857597340939,2.2192398464015874,1.1558540866674931,0.0,0.0,0.0,1.3407907405342923,0.0,0.0,1.4794932309343916,3.051454788802182,0.0,1.6181957213344906,1.6644298848011905,1.71066404826789,5.270694635203769,0.0
1.3672102625152636,0.6076490055623394,0.9114735083435092,0.40509933704155954,0.2531870856509747,0.0,0.3544619199113646,0.8101986740831191,0.4557367541717545,0.0,2.785057942160722,1.2152980111246787,1.3165728453850685,0.0,0.0,0.0,0.8608360912133141,0.0,2.8863327764211117,0.0,3.1901572792022814,1.1140231768642888,1.1646605939944839,3.6458940333740366,0.0,0.0,2.7344205250305267,7.089238398227292,4.40545529032696,1.5191225139058484,3.1395198620720866,1.6203973481662381,1.671034765296433,3.4433443648532562,0.0,0.0,0.0,0.0,0.0
0.7414432820164325,1.1706999189733145,0.5853499594866572,0.9365599351786515,1.1706999189733143,0.7024199513839887,0.0,0.0,0.35120997569199436,0.0,1.287769910870646,0.9365599351786517,0.5073032982217696,3.824286401979494,1.1706999189733145,0.0,1.3267932415030896,0.0,2.96577312806573,0.7804666126488762,3.2779597731252803,0.858513273913764,1.7950732090924155,0.9365599351786517,2.9267497974332857,2.0292131928870782,0.0,0.0,0.0,0.0,0.0,2.497493160476404,1.2877699108706457,2.6535864830061793,2.731633144271067,0.0,8.663179400402527,1.482886564032865,7.6095494733265445
0.3975273868164837,0.5565383415430771,0.11925821604494512,1.5901095472659348,0.19876369340824182,2.146647888809012,1.6696150246292316,0.6360438189063738,0.7155492962696707,3.180219094531869,0.43728012549813206,2.385164320898902,1.0335712057228574,0.5565383415430771,1.192582160449451,3.1802190945318696,2.0273896727640666,0.0,0.755302034951319,1.5901095472659346,0.0,2.6236807529887924,2.742938969033738,2.8621971850786827,0.0,1.0335712057228574,1.073323944404506,4.452306732344617,2.305658843535605,2.385164320898902,0.0,5.088350551250991,2.623680752988792,2.703186230352089,1.3913458538576928,1.4310985925393414,0.0,0.0,0.0
1.3350536545566727,0.7451462257990731,0.7451462257990732,0.37257311289953654,0.46571639112442065,1.6765790080479148,0.8693372634322519,0.4967641505327154,0.5588596693493049,0.9314327822488413,0.6830507069824837,0.0,2.4217252338469875,1.304005895148378,0.46571639112442065,0.9935283010654308,1.05562381988202,1.1177193386986097,0.5899074287575995,3.104775940829471,0.652002947574189,0.6830507069824837,0.7140984663907785,2.2354386773972195,1.5523879704147354,1.614483489231325,2.514868512071872,0.0,0.9003850228405466,1.8628655644976826,0.9624805416571361,0.0,1.0245760604737253,4.22249527952808,0.0,1.1177193386986097,0.0,0.0,1.210862616923494
0.7835474019093323,1.6790301469485693,0.3358060293897139,0.22387068625980922,0.0,0.0,0.0,0.0,0.0,0.0,0.0,1.3432241175588555,2.18273919103314,1.5670948038186647,0.0,0.8954827450392369,4.757252083020946,4.029672352676566,3.1901572792022814,4.477413725196184,7.051926617183991,2.4625775488579014,3.8617693379817095,0.0,1.3991917891238075,2.91031892137752,0.0,0.0,0.0,0.0,0.0,0.0,0.0,0.0,0.0,0.0,0.0,12.760629116809126,0.0
0.658999625750706,0.7189086826371339,1.437817365274268,0.0,0.0,0.0,0.0,3.354907185639958,0.0,0.0,6.589996257507061,0.718908682637134,0.0,0.0,0.0,0.0,0.0,4.313452095822804,1.1382720808421287,4.792724550914226,0.0,0.0,0.0,0.0,0.0,1.5576354790471234,0.0,1.6774535928199792,17.37362649706407,0.0,0.0,9.585449101828452,0.0,0.0,0.0,0.0,4.433270209595659,0.0,0.0
1.0937682100122108,1.5798874144620825,0.18229470166870182,1.7014172155745504,0.3038245027811696,0.36458940333740364,0.0,0.4861192044498715,1.0937682100122108,0.6076490055623393,0.0,0.0,0.0,0.0,1.822947016687018,0.972238408899743,0.0,1.0937682100122108,1.1545331105684449,2.430596022249357,3.828188735042738,2.6736556244742933,0.0,0.0,0.0,3.1597748289241645,0.0,1.7014172155745502,0.0,0.0,3.7674238344865043,3.888953635598972,0.0,0.0,0.0,6.562609260073265,4.496602641161311,2.3090662211368898,0.0
0.8137212770139154,1.2575692462942327,0.887695938560635,0.5917972923737566,0.36987330773359783,0.4438479692803175,0.7767339462405555,1.4794932309343916,1.3315439078409523,0.7397466154671957,1.220581915520873,0.0,0.0,1.553467892481111,2.2192398464015874,1.7753918771212698,0.0,1.3315439078409523,1.405518569387672,0.7397466154671957,1.5534678924811112,3.2548851080556616,1.7014172155745504,1.77539187712127,0.0,0.9616706001073545,0.0,1.0356452616540741,1.0726325924274338,4.438479692803175,4.586429015896614,1.1835945847475131,2.4411638310417456,2.5151384925884654,0.0,0.0,2.737062477228624,0.0,0.0
1.9631737102783273,0.9161477314632194,1.3742215971948293,1.047025978815108,2.2903693286580484,1.1779042261669965,0.0,0.523512989407554,0.5889521130834982,0.0,1.4396607208707735,1.570538968222662,0.0,0.0,0.0,0.0,0.0,0.0,0.0,0.0,0.0,0.0,0.0,1.570538968222662,0.0,0.0,0.0,0.0,0.0,0.0,0.0,0.0,0.0,0.0,0.0,0.0,0.0,0.0,0.0
1.6756381668537237,1.546742923249591,0.3866857308123978,0.5155809744165304,0.0,0.0,0.0,0.0,0.0,0.0,0.0,0.0,0.0,0.0,0.0,0.0,2.191219141270254,4.640228769748774,4.898019256957038,2.5779048720826516,5.413600231373569,8.507086077872751,0.0,3.0934858464991826,0.0,0.0,0.0,0.0,0.0,0.0,0.0,0.0,0.0,0.0,0.0,0.0,0.0,0.0,0.0
1.2152980111246787,0.8680700079461992,0.26042100238385973,0.3472280031784796,0.43403500397309946,0.0,1.2152980111246787,0.6944560063569593,0.0,2.604210023838597,0.0,0.0,0.0,0.0,2.604210023838597,0.0,1.4757190135085383,0.0,0.0,3.4722800317847957,0.0,0.0,5.989683054828774,0.0,8.680700079461989,0.0,0.0,0.0,0.0,10.416840095354388,0.0,0.0,2.8646310262224564,0.0,6.076490055623394,0.0,0.0,6.597332060391113,0.0
0.8861547997784116,0.5316928798670469,0.6646160998338088,0.3544619199113646,0.8861547997784115,2.3926179594017114,1.5507708996122205,0.7089238398227292,0.0,0.44307739988920575,0.9747702797562527,0.5316928798670469,1.152001239711935,3.7218501590693287,1.3292321996676173,0.0,1.5064631596232996,1.5950786396011407,0.841847059789491,0.0,0.0,2.9243108392687582,0.0,2.1267715194681878,3.323080499169043,2.30400247942387,4.785235918803422,0.0,0.0,0.0,0.0,0.0,2.924310839268758,3.012926319246599,4.652312698836661,0.0,0.0,1.683694119578982,3.456003719135805
1.4178476796454584,1.1676392655903778,2.0016673124406474,2.3352785311807556,0.4170140234251348,1.0008336562203237,1.1676392655903776,0.3336112187401079,0.0,0.0,0.0,0.5004168281101619,0.0,0.5838196327951888,1.2510420702754046,0.6672224374802158,0.0,0.0,0.0,0.0,0.0,0.0,0.0,1.0008336562203237,4.170140234251348,0.0,1.125937863247864,1.1676392655903776,0.0,0.0,0.0,0.0,1.376146277302945,0.0,0.0,0.0,0.0,0.0,0.0
1.2245048142392598,2.577904872082652,0.5800285962185967,0.7733714616247955,0.32223810901033145,1.1600571924371934,0.0,0.5155809744165304,0.5800285962185967,0.6444762180206629,1.4178476796454587,0.0,2.5134572502805854,0.0,0.9667143270309945,0.0,1.095609570635127,0.0,1.2245048142392596,0.0,2.7068001156867845,0.0,0.0,0.0,0.0,0.0,1.74008578865579,0.0,3.737962064519845,1.933428654061989,0.0,0.0,0.0,0.0,0.0,0.0,0.0,0.0,0.0
1.3889120127139185,1.3889120127139185,0.9114735083435092,0.6944560063569593,0.43403500397309946,1.041684009535439,0.6076490055623394,0.6944560063569593,1.5625260143031583,0.8680700079461989,1.4323155131112286,0.5208420047677195,0.5642455051650294,1.822947016687018,0.0,0.0,0.0,1.5625260143031583,0.0,0.0,0.0,0.0,0.0,0.0,0.0,0.0,1.1718945107273686,0.0,1.2587015115219886,2.604210023838597,1.3455085123166086,0.0,1.4323155131112282,0.0,0.0,1.5625260143031583,1.6059295147004682,3.2986660301955566,5.078209546485265
0.8418470597894909,0.6203083598448882,2.658464399335235,0.7089238398227292,0.44307739988920575,0.7975393198005705,0.31015417992244404,0.0,0.0,0.44307739988920575,0.0,0.0,1.7280018595679025,1.2406167196897762,1.3292321996676173,1.4178476796454584,1.5064631596232996,1.5950786396011407,0.0,1.772309599556823,0.9304625397673322,0.9747702797562527,0.0,0.0,2.2153869994460287,8.064008677983546,0.0,0.0,0.0,1.3292321996676173,0.0,0.0,0.0,1.5064631596232996,0.0,0.0,18.033250175490675,0.0,0.0
1.0906520612657373,0.3271956183797212,0.0,3.0538257715440644,0.0,0.0,0.0,0.0,0.0,0.0,0.0,0.0,0.0,0.0,0.0,14.832868033214028,0.0,0.0,0.0,11.99717267392311,0.0,0.0,0.0,11.779042261669964,0.0,0.0,0.0,0.0,0.0,0.0,0.0,0.0,0.0,0.0,0.0,7.852694841113308,0.0,0.0,0.0
1.4723802827087453,1.3087824735188849,0.24539671378479094,0.6543912367594424,0.0,0.0,0.0,0.0,0.0,0.817989045949303,0.0,3.926347420556655,3.190157279202282,0.0,2.453967137847909,0.0,0.0,1.4723802827087455,0.0,1.635978091898606,0.0,3.5991518021769333,0.0,3.926347420556655,0.0,0.0,0.0,11.451846643290242,0.0,4.907934275695818,0.0,0.0,0.0,0.0,0.0,0.0,0.0,0.0,0.0
2.0086175461643996,0.8664624708944468,1.181539733037882,1.4178476796454584,0.787693155358588,0.47261589321515285,0.5513852087510116,0.31507726214343523,0.3544619199113646,0.393846577679294,0.4332312354472234,0.0,0.5120005509830822,0.5513852087510116,0.590769866518941,1.8904635728606112,1.3390783641095996,0.0,1.4966169951813173,0.0,0.0,0.0,0.0,0.9452317864303057,0.9846164441982349,2.0480022039323287,0.0,0.0,0.0,0.0,0.0,0.0,0.0,0.0,0.0,0.0,1.4572323374133878,0.0,0.0
1.3611337724596402,0.5104251646723651,0.25521258233618255,0.34028344311491004,0.42535430389363754,0.5104251646723651,0.0,0.0,0.0,0.0,0.0,0.0,0.0,0.0,0.0,1.3611337724596402,7.2310231661918385,3.0625509880341903,3.2326927095916456,3.4028344311491003,7.145952305413111,5.6146768113960155,11.739778787464397,2.0417006586894604,0.0,2.211842380246915,0.0,0.0,0.0,0.0,0.0,0.0,0.0,0.0,0.0,0.0,0.0,0.0,0.0
1.7723095995568232,1.181539733037882,0.35446191991136466,0.0,1.1815397330378818,0.0,0.0,0.0,0.0,0.0,0.0,0.0,0.0,0.0,0.0,0.0,0.0,0.0,6.734776478315928,7.089238398227292,7.443700318138657,0.0,0.0,0.0,0.0,0.0,0.0,0.0,0.0,0.0,0.0,0.0,0.0,0.0,0.0,0.0,0.0,4.489850985543952,13.82401487654322
1.4723802827087453,0.3271956183797212,0.4907934275695819,0.0,0.817989045949303,0.4907934275695819,0.0,0.0,0.0,0.817989045949303,0.0,0.0,0.0,3.4355539929870726,1.2269835689239545,3.9263474205566546,1.3905813781138152,0.0,4.662537561911027,4.907934275695818,3.4355539929870726,0.0,1.8813748056833972,0.0,2.044972614873257,2.1267715194681878,0.0,0.0,2.3721682332529785,7.361901413543727,0.0,0.0,0.0,2.7811627562276304,2.8629616608225605,2.944760565417491,0.0,0.0,0.0
1.2152980111246787,0.6628898242498248,0.16572245606245622,0.2209632747499416,1.1048163737497079,0.33144491212491245,0.7733714616247956,0.8838530989997664,0.4971673681873686,0.5524081868748539,1.215298011124679,1.3257796484996498,0.7181306429373102,1.5467429232495913,2.4858368409368428,0.8838530989997664,0.9390939176872518,0.9943347363747372,3.148726665186668,5.524081868748539,3.4801715773115802,2.430596022249358,0.0,0.0,6.905102335935673,1.4362612858746204,0.0,0.0,3.203967483874153,0.0,1.7124653793120475,0.0,0.0,1.8781878353745036,0.0,0.0,0.0,0.0,0.0
2.271778668522837,1.256728625140293,0.5800285962185967,0.38668573081239777,0.2416785817577486,0.29001429810929835,0.6767000289216961,1.1600571924371932,0.43502144716394753,1.4500714905464915,2.1267715194681878,0.5800285962185967,0.0,0.0,0.0,0.0,0.0,0.0,0.0,0.0,0.0,1.0633857597340939,0.0,0.0,0.0,0.0,0.0,0.0,0.0,0.0,1.4984072068980416,1.546742923249591,1.5950786396011407,1.6434143559526906,0.0,0.0,0.0,0.0,1.8850929377104395
0.8340280468502697,0.8340280468502697,0.7506252421652428,0.8340280468502697,0.2085070117125674,0.5004168281101619,1.459549081987972,0.0,0.7506252421652427,0.0,1.3761462773029451,1.5012504843304857,1.0842364609053505,0.5838196327951888,0.6255210351377023,3.3361121874010786,3.544619199113646,3.753126210826214,0.7923266445077563,0.0,1.7514588983855663,3.6697234061411868,3.836529015511241,3.0025009686609714,1.042535058562837,0.0,0.0,3.5029177967711327,2.418681335865782,0.0,2.585486945235836,0.0,0.0,0.0,0.0,1.5012504843304855,0.0,0.0,4.879064074074078
2.637196684140553,1.3611337724596402,0.0,0.34028344311491004,0.0,0.0,0.5954960254510926,0.0,0.0,0.0,0.0,0.0,1.1059211901234576,0.0,0.0,0.0,0.0,0.0,4.849039064387468,0.0,1.7864880763532778,0.0,1.956629797910733,0.0,2.1267715194681878,0.0,4.593826482051286,0.0,0.0,0.0,0.0,0.0,0.0,0.0,0.0,0.0,0.0,0.0,0.0
1.4370077834244512,0.5748031133697805,0.0,0.2299212453479122,0.0,0.3448818680218683,0.0,0.0,0.5173228020328025,1.7244093401093414,0.0,1.3795274720874733,1.4944880947614294,0.8047243587176928,1.7244093401093414,1.8393699627832976,0.0,2.06929120813121,3.276377746207749,4.598424906958244,7.242519228459234,3.7937005482405515,1.3220471607504953,1.3795274720874733,4.311023350273353,1.4944880947614294,3.1039368121968147,0.0,1.6669290287723635,0.0,1.7818896514463196,0.0,1.8968502741202755,0.0,0.0,0.0,0.0,0.0,0.0
0.6633966207515448,0.858513273913764,0.7024199513839887,1.248746580238202,1.5609332252977524,0.9365599351786517,0.8194899432813201,0.3121866450595505,0.0,1.9511665316221904,1.287769910870646,1.8731198703573033,0.5073032982217696,0.0,1.1706999189733145,2.497493160476404,0.6633966207515448,3.5120997569199432,0.7414432820164325,0.0,0.8194899432813201,0.858513273913764,3.590146418184831,0.0,1.9511665316221904,1.0146065964435391,4.214519708303932,0.0,0.0,1.1706999189733145,1.2097232496057584,1.248746580238202,1.2877699108706457,1.3267932415030896,5.463266288542134,0.0,0.0,2.96577312806573,1.521909894665309
1.5554000664767345,1.2062286229819572,0.6666000284900291,0.6348571699905038,0.7935714624881296,0.5713714529914534,0.22220000949667634,1.015771471984806,1.1427429059829068,0.3174285849952519,0.3491714434947771,0.3809143019943023,0.8253143209876549,2.2220000949667633,0.47614287749287787,0.507885735992403,0.5396285944919282,1.1427429059829068,0.6031143114909786,1.9045715099715113,1.333200056980058,1.3966857739791083,0.0,0.7618286039886046,2.380714387464389,0.8253143209876549,0.8570571794871801,0.8888000379867054,0.0,0.0,0.9840286134852809,0.0,0.0,0.0,0.0,2.2854858119658137,1.174485764482432,1.2062286229819572,2.4759429629629652
1.9409371148544627,0.6607445497376894,1.4866752369098013,0.6607445497376894,0.4129653435860558,0.0,0.0,0.3303722748688447,0.0,0.0,0.0,0.4955584123032671,0.0,0.0,0.0,1.3214890994753787,0.0,0.7433376184549005,1.5692683056270122,1.6518613743442232,1.7344544430614346,4.542618779446615,0.9498202902479285,1.9822336492130683,2.064826717930279,0.0,0.0,0.0,0.0,0.0,0.0,0.0,0.0,0.0,0.0,0.0,1.5279717712684064,9.415609833762074,3.2211296799712357
1.2299401558370242,0.5124750649320934,1.6911677142759087,0.6149700779185121,1.0249501298641868,0.0,0.3587325454524654,0.8199601038913495,1.8449102337555365,0.0,1.6911677142759083,0.6149700779185122,0.6662175844117215,0.0,0.0,2.4598803116740484,0.0,1.8449102337555365,0.0,3.07485038959256,6.457185818144377,0.0,0.0,0.0,2.5623753246604672,2.664870337646886,0.0,0.0,0.0,0.0,3.17734540257898,1.639920207782699,1.6911677142759083,0.0,3.5873254545246542,0.0,0.0,0.0,0.0
